0000b9802b8bd8f2,greentea
00017df10717e68e,ui.generated.widgets.activearmorytag
0006c70b5f1bf36d,mainplayergamertag
000cbde653f6c805,onboarding/cdl_rules
00110ba852286c51,merlotred
00125d9250be8b4c,orders
0013b05cf8866505,ui.generated.widgets.frontend.globalplayerprogression
0017a4405e6bdf48,circleg2
002047f2760e5826,ui.generated.widgets.frontend.headerbackarrowlarge
00253eeafefa5bd7,lua_menu/default_loadout
002e58790ab053fb,onboarding/trial_event
0031e41913329f7c,bg2
00373075c039b71c,square2
00373375c039bc35,square1
003b47f7b402e868,operators_solo
003f4006de769b90,isbotsetupenabled
0040b1a2ce0c72d7,ui.generated.widgets.mousecursorcontextualmenu
00411635c24101a7,pcachievementsmenu
0043475031b253f8,super_using_remote_control_sequence
0044d3dd7a1a39fc,ret_sat_loot_s35bloodflow
0047592b9079304b,store/bundle_items_included_reticle
004a1b1913478ed2,blm
004e5ea5d86a1594,extrashortdropdown
004eb508df86206a,objectivebackgroundmission
005292dc3d16f25b,rightprompt
00561340785ff5ab,favoriteloadout
0056940a51ca1878,ch8_season_1_launch
0056a4932ec11aa4,ui.generated.widgets.frontend.mp.cdlrestrictiontag
0057b24fa74b3782,autoqueuemissions
005938ac6ad8e330,not_below_blocking_fence
0059a6080453a63a,ui_killstreak_overheat_index
005b74094f637d94,currentoptions
00604d12154df0ab,ui.generated.widgets.ingame.reticles.reticle14hybrid
006056240b43851a,tileslots
00697ed9fe05ccd9,unlockcriteriawinchallengeprogressbar
006e301617e3f8e8,store/bundle_items_included_super
0070a0f22c91d7c4,forestcanopy
0073710b66909e4a,mp/first_place
007450e411e4c245,menu/fence_spinner_in_progress
0074600a8ada96ea,bomb_interaction
00788e7371afccc8,perkpackageenabled
0078bc8367c9cad5,codaccount/eula_b_title
007d903b79c168ca,kills_cost
00816d521655fc73,menu/reset_all_keybinds_message
008a3abb4e17d078,item_count_text
008cbb0413ef004b,ui.generated.widgets.ingame.reticles.bluedot
0090e5d306af0671,maxlevel
009270fe653dc791,social
0094efa27521e395,onboarding/mission_challenges
0095071071eaac7f,ret_sat_loot_s3aghillie_thermscope
00966b6d749e0d22,operatorselectcommand
0097391b16eab149,greater_than
0097e3aebd53b303,notificationoff
0097fa88813bf347,weapon/tracer_shadow
009ba4d1ba52a40c,genericbuttontextcolor
009c3c136478fed4,onboarding/sprays_desc_3
009c3d1364790087,onboarding/sprays_desc_2
009c3e136479023a,onboarding/sprays_desc_1
00a1f6333cb6b64e,icons_list
00a9162cf83aa99f,emblemscenetemplate
00ab1d0bff079e76,hud_bounds
00ac1d5ff937d979,heronammocounterrtt
00b18123d1af2990,equipped_color
00bc2793afcf5678,cost_string
00bed016d9d09830,ui.generated.widgets.ingame.gunscreens.gunscreenrankedwins
00c46fe73c6c0458,setstreamreplacementmaterial
00d041a8b44ce3dc,challenge_height
00d1186b80ce5246,lua_menu/host_enabled_crossplay
00d2f2da0ba0f923,ui.generated.widgets.bindingpreviewlayout
00d39f6110eefc09,active_mission_index
00d6852755e9247b,activemid
00d78b83dcac8f8b,isthai
00dc26ec00ce23a3,lua_menu/lpc_enable_crossplay_message
00dc78bd0e32133a,ui.generated.widgets.mousecursortooltip
00dda71f4c3b66a3,threedlootpreviewconfig
00df060f5f4e7a87,ui.generated.widgets.genericsliderwitheditbox
00dfc66586452b59,contextualactionslist
00e0960145c54bc9,globalpanelplayer_tab
00e6436c5fade8fd,reticlecrosshairsingle
00e6b753dbecf815,lua_menu/lpc_crossplay_recommended_message
00e6c2ea8b740514,buystationperkpackageenabled
00e8dae370e2f324,lua_menu_mp/rules_multiplier
00f1b65b2ad7925f,ftue_icon
00ff01d8cf6400ab,ui.generated.widgets.scrollbar.pip
0102d44ad8068961,killstreakequip
010a3b32004cd8c8,onboarding/tutorial_plunder_3_point_1
010a3d32004cdc2e,onboarding/tutorial_plunder_3_point_3
010a5732ab1dae9f,hasactivelocalclient
011071ae89134789,is_earned
01165efd085fa760,lua_menu/product_not_available
01167737884b54a2,unread
011d0ac2f25d998e,ui.generated.widgets.genericborderframe
01212a0426e2e83c,printmoduleload
012b18d6a58101fa,ui.generated.widgets.ingame.reticles.extrareticles.reticleoutercirclesmalllines
0131bff0b26ba4d1,helptext
013866bb0132bf57,getloadoutmenuref
013a2d92df6523f1,ui.generated.widgets.frontend.social.channels.channelmembers
013b7aabc77b5114,bindingpreviewbuttongreater
013e1bda2405ad3e,ui.generated.widgets.ingame.reticles.jupiter.jup_hsierra_scope
0141ec96680da3f8,weapon/tracer_morte
01452ed5992849c0,buystationupgradeenabled
014c0879e5cde787,edratio
01578d1e54aaf91d,needfixup
015ec0813f38fb13,ui.generated.widgets.genericbutton
015f3022e740c6c2,isrealismcoremp
015f70c5511eb362,onboarding/tutorial_plunder_1_point_1
0160fdcc0a9f900c,ui.generated.widgets.ingame.reticles.jupiter.jup_las_fourx
01645f530fdc8de1,killscolor
01652659db1095c1,ui.generated.widgets.ingame.reticles.reticlethermal01paranormal
0166f9dcaae3208c,bounty_text
01691eabb4a7d324,precache
0170bd9ce2d14573,ui.generated.widgets.ingame.reticles.lightyellowdot
0171325b0596c3b4,ret_sat_loot_s5micro_thermscope
017344ee8fa33f28,leftmarker2
017345ee8fa340db,leftmarker3
017347ee8fa34441,leftmarker1
01734aee8fa3495a,leftmarker4
0173afed6d014666,isfultonenabled
01743367bf06892a,ui_stealth_compass_ents_0
0175c919d0e5ae29,tags_visible
0176ed4711de030e,getonboardingwzdropkitdata
01773940057fa676,padding
01794fb201780c90,showcasecreator
017ce771914b06d9,count_label
01805cf7e6d06bed,round_end_logo
0180b674ea705b69,squadmemberhealth
01822ae861885637,quad_tile
0186ef034267c271,ui.generated.widgets.toastnotificationclosingbutton
018774fa474430b1,waypoint_origin
0187938694731326,lua_menu/join_party_attempt_toast_header
01891cd50609c76b,ui.generated.widgets.ingame.reticles.reticlecrosshairrpg
0189e9bd64e71007,menu/filter_options_caps
0191e398c4caa213,getplayerrankname
01938b4483357027,direct_purchase
0193fa5323e28898,arenabluedark
0196129d35bd6f00,is_rank_up
019664563372e90a,ui.generated.widgets.challengesdailycore
01abaa3de311e503,unlock_feed_log_criticality_level
01ac75e7b2883c47,getmutestrategy
01acabb58f7d2065,silverchalice
01af81120cc71d78,ui.generated.widgets.mutestrategyselectpopup
01b4649331b1304b,lua_menu/pad_back_button
01ba8430b22baac9,ui.generated.widgets.footer.footeroptionsicon
01bb6ee6eb270dc8,buttonprompttext
01bbbe8ddf5e0a5f,perks_vis
01bcc4ac6c4de8d2,popuptimedyesnocancel
01bd72f96476113c,ui_skip_loadout
01c099c5225d78f4,texture
01c1ec8fc5606cee,linevertleftcenterzoomed
01c236377c606821,ui.generated.widgets.popupframe
01c54a1e32eaa600,equip_index
01c976fca5659a87,reward_list
01cd1e825d753521,lua_menu/x_colon_y
01cd4357e4106532,lua_menu/lpc_enable_crossplay_title
01d0d3db0c06879d,ret_sat_loot_s5bwred_rangefinder
01d76421e4d6e51b,ui.generated.widgets.ingame.reticles.pinkdot
01d78485025edd5b,armorydescription
01d84e4179b4962c,minor_ability_upgrade
01dabe85903dc59a,process
01db6d8acc959fc9,attestationdata
01dbe8da1d10b6f9,lua_menu_mp/perchase_fail
01dcccbab125edec,nfra
01ddac68f7af0fa7,title_jupiter
01df1865701d2382,ui.generated.widgets.ingame.reticles.reticlesniper10
01df1965701d2535,ui.generated.widgets.ingame.reticles.reticlesniper11
01e04c256cb9de8e,webview_play_animation
01e1567c49d1f97c,onboarding/perk_update_1
01e1587c49d1fce2,onboarding/perk_update_3
01e1597c49d1fe95,onboarding/perk_update_2
01e21565701f5440,ui.generated.widgets.ingame.reticles.reticlesniper09
01e21665701f55f3,ui.generated.widgets.ingame.reticles.reticlesniper08
01e21d65701f61d8,ui.generated.widgets.ingame.reticles.reticlesniper01
01e21f65701f653e,ui.generated.widgets.ingame.reticles.reticlesniper03
01e22065701f66f1,ui.generated.widgets.ingame.reticles.reticlesniper02
01e22165701f68a4,ui.generated.widgets.ingame.reticles.reticlesniper05
01e22265701f6a57,ui.generated.widgets.ingame.reticles.reticlesniper04
01e22365701f6c0a,ui.generated.widgets.ingame.reticles.reticlesniper07
01e22465701f6dbd,ui.generated.widgets.ingame.reticles.reticlesniper06
01e830716802f8b2,ui.generated.widgets.ingame.reticles.jupiter.jupreticleacogclassic
01ede8fb8bbf7218,ui.generated.widgets.ingame.reticles.reticledmscopevz03centerthor
01f5a9abac207f9d,genericmenu
0204ad7d7ccb5f57,einkback
0205d852dcabb44f,lua_menu/weapstats_mobility
0207ff6d90c68de9,store/bundle_items_included_operator
0208d32bb0d3e357,ui.generated.widgets.store.storerowtagbonuseffectgenericbacker
020ad454abaf087c,lua_menu/prompt_with_text
020f173c199ea184,xboxlive/leavelobbyblockedplayer
020f4fecd0d89e7f,weaponmetadata:
02125ecae71e660d,ui.generated.widgets.options.hudbounddraggablesidevertical
0217172e8f266058,menu/store_cat_franchise
0217a4c01ffc0c7d,nav_index
0219d93cebe99f75,ui.generated.widgets.ingame.reticles.drsdigitalthermalsight
021befac5b829deb,ui.generated.widgets.frontend.datasourceprogressbar
021ebfd06f5eee8c,coolgold02
021ec2d06f5ef3a5,coolgold01
021fbbb890348746,platform/shader_precache_question
022184fb64cfd855,loadscreenfilterpopuplayout
0226c955881daf64,killcamreactionnotification
0226fb964a4b0a51,iscombatrecordenabled
022ad1a31193d4e6,lightyellowdot
02303a8552711dde,ui_left_stick
02308330e9fbf2d2,ui.generated.widgets.ingame.reticles.amberdot
02318800594ebbf0,gamepadkeybind
023303f59500fd3e,entity_number
02352a361ce4e5c9,lightash
023986b8399c4f32,social
023c5e3e58960c35,button_ref_icon
024d6226be2b4071,setresetprocbones
0255ce9c3546fbb5,lp/no_matchmaking_skill
0255d1a14edb6b16,ui.generated.widgets.ingame.reticles.reticlelaunchergromeolock
02578dd1b70a8d53,splashimageoverride
025c361589fd0460,animasset
025efcd7f3da72a2,getisshowcase
0260989fd074250b,melee2
0260a302e0188815,zoom_in_map
0264aef39fe3895a,ui.generated.widgets.vehiclefilterpopup
026533b9ffdd8fbc,ui.generated.menus.frontend.social.channels.channelpanelbase
0267b7c537802a81,reflex09_dotbase
02685dde9093fe86,ui.generated.widgets.buttonhelperbuttonbackground
026b9318678d3eb4,onboarding/moshpit_trials
026c8f7efdfb8beb,equipped_operator_skin
026e2ebf09b436b0,optionpreview
026feee3e9eb1344,ui.generated.widgets.subtitlesizeoptionsmenu
0271998548f2f402,zoffset
02731007a9d4ed4c,skipscrollbarresize
0273c8087ca771a3,menu/quality_auto
02744bf2aabbfbea,ishphqdzgametype
027698c8a583137b,getmissiondescription
027ad28fb9c65f40,lua_menu/pad_start_button
027b032ca5d8fcc8,ishqac130infilv2
027eb1bae67b184d,lua_menu_mp/open_fail_title
028378251f3e070a,ui.generated.widgets.ingame.reticles.reticle22hybrid
0284ee400483a175,ui.generated.widgets.options.detailsoption
02853ad6f4c9b045,ui_ob_power_tier_restore
02862c0a11a61966,playlist/duos_name
02873929850b4239,ui_restock_lethals
0287ae838afa4b96,fonthandle
028d9eaf6200b64a,hitkillspreadwide
0292183c509ab729,ui.generated.widgets.ingame.reticles.fourxhelimasoul
0292eab0a0eb9cc2,ui.generated.menus.fencedialog
0295d18cc1bc337f,ret_sat_loot_s4armed
02973626d923f775,selected_item_index
02998119f912d66a,menu/quitdesktop_title
02a09629a731f8b5,change_color_picker_type
02a537e96c99d606,is_parachuting
02a612e6f7061f6a,ui.generated.widgets.ingame.watchfaces.gunscreendigitalclock
02aa37943813d526,ch7_season_2_launch
02ae79034a1206d8,lua_menu/days_hours_minutes_seconds
02b30f8d99297d7b,perk_streak_start
02b404c91ece1f17,walletmanagement
02b4b20a645c346b,glowshoot
02b5417024f4ff45,ui.generated.widgets.ingame.gunscreens.gunscreenkdtracker
02b676182b12b545,tab_title
02b75b96be7ca5d6,rightstickcolor
02b857d3e45710cc,menu/savedata_failed_title
02b87424b558fbf1,game_mode_ref
02b92cd087f96243,perksview
02bb55daa4c3d2d5,lua_menu/prompt_two_parts
02bf8f95e3b88eb8,statustext
02bfab71d250d3b2,captain
02c18fba8769b17a,ui.generated.widgets.frontend.social.flyinpopupcontainer
02c57fc78730e8ae,wintoken
02c7161d85735f55,ui.generated.widgets.ingame.reticles.golddot
02c7a084f7d4f92e,ret_sat_loot_s4animeco
02c832ba90ee4099,ui.generated.widgets.options.audiospeaker
02c94e5f45301dc6,br2v2gulaguseunifiedloadoutdisplay
02c9d3215c48b8ab,store/bundle_items_included_vehicle_track
02c9e53cc27f0062,ui.generated.widgets.frontend.unlockcriteria.criteriawidgets.unlockcriteriagamemodecompact
02cd10ec9d30a9dd,frontendaarmenuluaname
02cd57023eb28e5f,transparent_image
02cf5cfce5bc720f,streakdangerwarningwrapper
02d95c4353b4c9cd,ui.generated.widgets.ingame.reticles.reticlesnscopevz02
02db40b3867337f6,ui.generated.widgets.frontendinventorybuttonoverlay
02df434219188494,ischallengetrackingflyinenabled
02e4414e9db2a65e,inactive_end_time
02eb578a25cd0b62,fighter
02ec2b74e24215a4,childlinevert
02ed107293ebb7ed,ui.generated.widgets.ingame.reticles.extrareticles.reticleoutercircleacogeast02
02eef671160538a0,sat_season_2_w2
02eef77116053a53,sat_season_2_w3
02eefc71160542d2,sat_season_2_w4
02eefd7116054485,sat_season_2_w5
02f056d52cd97878,hudovertimeicon
02f46aeff11adae2,button_stickl_updown
02f89efdacfc1007,rendericon_loading
02fb339462626a09,store/bundle_items_included_execution
02fb699c243464d3,shouldstoreshowreticletags
02fe4900ac519c81,openprocontentselect
030009d1f34b458b,outerleftbars2
03000ad1f34b473e,outerleftbars1
0301e9c5c90b86fe,parachutescenetemplate
030283b221fc3dc5,ret_sat_loot_s15soupedup
03099c6b6515802d,menu/perks_caps
030d7e1c0b79effb,setscale
0310d2cf9f480941,ui.generated.widgets.ingame.reticles.tealdotmagnified
031255530e1a608a,ui.generated.widgets.kbmbutton
0314ce3c8c170760,isinprematch
031d99edbfb4967b,onboarding/editdropkit
031db1b6cfe28297,lua_menu/team_chat_hint
031f7134c28229d5,ui.generated.widgets.frontend.unlockcriteria.criteriawidgets.unlockcriteriabundlecompact
0325d331efa745ba,ui.generated.widgets.ingame.gunscreens.gunscreentalkingrobot
032e727a0993845a,ui.generated.widgets.ingame.gunscreens.gunscreenkdwitch
03324576a02a380d,ui.generated.widgets.ingame.reticles.paranormalstaticteal
03357c75e252eab6,completefocus
0336c113c22dd0f0,ret_cer_med_07_mp_alt
03385862f63352bc,ui_turret_drone_controls
033c34091e9db14d,raredark
033da2fe07e8aa53,lui_cod_points_enabled
03403dd474a478d1,editable
034ce5a1fb023b80,equipped_icon_id
034cf5a50c4e28f6,ui.generated.widgets.globalsocialparty
034d5a1bef245df2,resources
03529d8f56066886,lua_menu/dismiss_pause_menu
0352f1ae830f8fd8,display_rank
03532d06d395a4fa,ui.generated.widgets.frontend.mp.cas.gunsmith.weaponstatswithdetails
0353888938f61253,buttonactivedisabled
03539d0b0b5f299c,usetestaar
0355b8ba4881214e,popupmessageandbuttons
0355bac27cf7f15a,ui.generated.widgets.scrollbar.arrowleft
0359c7a3ee66bb25,ui.generated.menus.uiscreenfade
035d66c4127274db,ui.generated.widgets.ingame.reticles.redwhitebluedot
035d6c72af7d0fb8,reticlehybrid03vdayheart
03618e928e35a204,in_match
0363ea58aa92d72e,ui.generated.widgets.ingame.reticles.leafchild
0365b19a7d6a5610,ui.generated.widgets.sticklayoutpreview
03690f084458fe5f,menu/popup_invite_sent
03691c1e9762e299,ui.generated.widgets.genericduallabelbutton
03718193cde06e18,onboarding/mod_1
03718393cde0717e,onboarding/mod_3
03718493cde07331,onboarding/mod_2
03770ee4d0ebec14,xboxlive/leavepartyandlobby
037afe67fd33af33,ui.generated.widgets.ingame.reticles.fourxhelimawhite
037d4870d3295d41,memberinvoicecount
038379870f91ceb6,chopper_progress
03882e9421a2ac4f,fieldupgradeactive
03907ed78199fd98,ui.generated.widgets.genericbuttonwithvalue
039451e1df6dae41,ui.generated.widgets.ingame.reticles.paranormaldirectionalteal
039773f1c4ac3db6,istryagunenabled
039d3b8e410addb1,store/bundle_items_included_perk
03a87e5787eeaad3,paddingleft
03a9f1f51625857f,getdata
03aa90503e6bce6d,ui.generated.widgets.ingame.gunscreens.gunscreenkdtrackerblue
03acf566e740f8e4,dpad
03b4240debc883f8,pass
03b4d384ac0f61e9,ui.generated.widgets.ingame.reticles.orangedot
03b98d8a3332dc0f,quickplaybuttons
03bb6869e4621245,onboarding/loadout_2_cp
03bb7c18fc84fa8d,shouldcrosslaunch
03bca32596fd4464,onboarding/mission_challenges_2
03bca42596fd4617,onboarding/mission_challenges_3
03bca62596fd497d,onboarding/mission_challenges_1
03bd70d9e4a4dc76,lua_menu_mp/perk_slot_three_short_caps
03bf045232ae0e58,purchase_bundle_data
03c06c7df59fe24d,featurebannedselfwarning
03c119c726692754,option
03c2c19859812183,auto_navigation_to_menu
03c54dbcb17942bd,onboarding/master_challenges
03d0115c37f8d97c,scout
03d1048117276041,ui.generated.widgets.ingame.reticles.reticleminireddot03elecblue
03d12bc7f4316927,coolsilver02
03d12cc7f4316ada,coolsilver01
03d9b0a49c0e4141,lua_menu/request_accept_success
03d9c3d6d5ce6259,platform/reading_save_device
03d9eb3690388146,mp/br_plunder_cash_hud_in_thousand
03da035ba16e1d38,lua_menu/chat_error_not_in_team
03dbfd1ed743ca2e,messagepopup
03de5f54939b4b69,gettitlenamefromid
03df667e1137bd68,ui.generated.widgets.ingame.reticles.extrareticles.reticleoutercirclehybridrange01
03e04ee3e6db73f5,focused_item_operator
03e0780fa634b417,value_data
03e19f318f92e633,ftue_desc
03e1be129e381d84,reason_description
03e26a3110529c5a,ui.generated.widgets.frontend.globalplayerinfo
03e54fc7e6d046be,firetype
03e559b54f1b4360,ui_mpmenu_wz_playlist_kbm_slide
03e76bdac69accae,loot_mp/quality_5
03ebab1281f47def,equipped_operator_ref
03ec3b87fceef73b,lui_pc_build_version_check_can_show_popup
03ec86d81ad8bfdb,buttonlayout_updated
03f19474c882a870,ui.generated.widgets.frontend.globalplayerprompt
03f4aa3bece718c4,ui.generated.widgets.ingame.reticles.reddotmagnifiedhybridprimary
03f87e9fe788cf13,ui_show_in_world_objective_ping
03fbfab1f4e9f9c5,forceonboarding
03fe40211da24c43,ui.generated.widgets.ingame.reticles.reticlereflex06animeshine
04010b35574f3a9f,lua_menu/button_menu_back
0402202e5f11cfc6,perk_start
040500f685b7b831,reticlefourx04vday
04069de29eedd103,getcurrentplatform
0407547fe6c09526,show_timer
0407b3dfe14d5ea7,alert_contract_active
040add0ea8f3ea45,basicperk
040c1139400d740a,soundbarfillfast
040d49518a76ff0f,loadoutvfxtag
040e101be3b338f3,ret_cer_loot_s6milk
040f27e3398e91f0,seasontagbacker
0412163494e606f1,mp/match_in_progress
0416be031a622c91,category_name
04189a4c0efaeb25,ui.generated.widgets.activearmorypromo
04244772f373b7fd,codaccount/mw_display_name
0427fa261d136af7,onboarding/gunsmith_customs_2
0427fb261d136caa,onboarding/gunsmith_customs_1
042d74fe419a5895,hasrechargespeed
042e686c8201cda5,ui.generated.widgets.ingame.reticles.reticledmscopevz03center
042fb6687aeb00ca,update_horizontal_compass
0433448b47fb1265,bonus_tier
04392ceeeb20aaa1,onboarding/mature_content_confirm
043aed10e29816dd,mp_frontend_only/current_position
043c4a2bfe2f4218,ui.generated.widgets.playerdetailsavailabilitybutton
043c62ddd029c1eb,lua_menu/chat_error_no_reply_target
043e56463ab0b531,deltablue
044463672b107d4d,addfriends
044b6342ccb1a6f3,ui.generated.widgets.ingame.reticles.reticlesniperdelta
04520a912a11660b,noblur
045465ec3e427cca,variant_count
0456d2ad905847d9,last
0457fb5641123e46,on_sale
045d9cba4f679975,progresstext
045f551038f89d9e,equipmentskinbutton
0462d94474f9a9b1,ui_total_fade
04637576762f762d,nuclearyellow
0463a55273e561fa,purchase_inprogress_popup
0465611d72bff744,ui_ob_hmh_time_gain_enemy
0465972c206c1aad,progressionstate
046bf3a2ca94953b,ui.generated.widgets.ingame.reticles.extrareticles.reticleoutercirclemike32
04771c3faf3534cc,killstreak_alpha
047f610628bd37ed,loot_mp/item_type_tactical
0481228181c98f9a,squad_data
04818190c6a1811e,is_leaderboard_closed
04820a38a1e122f7,ui.generated.widgets.buttonglow
048bb6f8ced06dd6,screenref
049503112bc3cfd5,store/bundle_items_included_camo
04963d5318247f67,getweaponlevel
049955e63554ab81,eventactive
049aa3d97aa134ad,trophyconfig
04a2634ed96d6ed5,ui.generated.widgets.ingame.reticles.reticleoutercirclefourx04vday
04a60042cc410967,ui.generated.widgets.ingame.reticles.reticlearscopetherm01cyber
04a675e237ce47dc,tacticalexpert
04a786436f8d16d2,ui.generated.widgets.ingame.gunscreens.gunscreenhauntingclock
04a7a228d966f6aa,uin_select_gunsmith_attach_gnsc_bcai
04b0150ca62d1649,codcaster/team_identity_team_two_short
04b1695f38e29fec,lua_menu_mp/perk_slot_two_short_caps
04b40062d3c564c2,catdot
04bbc2c45a55e59c,ret_sat_long_01_mp
04bbd50c2b1edfb4,ui.generated.widgets.globalpaneltab
04bc452b43aa6abc,defaultfist
04bc86d32b506367,ret_sat_med_06_mp
04c0e0653dd4b4fa,ability_equipment
04c1c3c20832aa70,button_report
04c4b7b2ff4a57ee,lua_menu/pad_secondary_button
04c6ac617af65037,activisioniddescription
04c6c43323ca737f,armor_plate_count
04cd01599803e11a,ui.generated.widgets.ingame.reticles.reddot
04cf66486b171f75,store/bundle_items_included_mission
04d165c548d7c55b,empty_ribbon
04d2fce23c905de5,store/bundle_items_included_vehicle_horn
04d347f8f17e6697,is_local_player
04d6880e98c248f2,lua_menu/friends_activision
04d828574b94cd40,searchmessage
04db470e052c24a4,ui/utils/ftueutils.lua
04df574ecfb95c4e,subwindowname
04e00e58e849e4d5,bindingpreviewbuttonbreak
04e26ac56ae390a5,ui.generated.widgets.ingame.reticles.extrareticles.reticleoutercircleacogwest
04e3c264d28125c7,shouldstoreshowprotuningflags
04e6515b9d0dc2b1,defaultdmzinventorylayout
04e76830223a336f,lua_menu/quit_desktop
04e78616c6233832,istower
04eae65201176f9d,ui.generated.widgets.frontend.genericpopuplist
04ec28cb9688b0c8,ui.generated.widgets.ingame.reticles.reticledmscopevz01_darkritual
04ef13aefc430568,notificationeventcontainerwrapper
04f34c2de8e9228d,ui.generated.widgets.ingame.gameplayplayerstats
04f64d307aa0126a,ui.generated.widgets.channelserviceunavailablewarning
04f9ca42e7fa96ab,lua_menu/restrictions_changed_back_menu
04fcae82f701036c,sharedqueryhandler
050099f85bfc35ac,default_bumper
0504e6ddb0669030,ui.generated.widgets.ingame.reticles.crimsondot
0505fe1c1a721a2f,invite_only
05085f3d8033024d,mp/third_place
050d3e538f2f3b27,ui.generated.widgets.ingame.reticles.iw9.reticlemrad
050d47befc62ff47,ui.generated.widgets.globalpanelnotifications
05103ee8f73cdb99,ui.generated.widgets.kbmbuttonwithprogress
051203f0436deb06,ui.generated.widgets.frontend.playerlogin
0512e2a3cbdf129b,weapon_render_icon_slot
05135e909d8ca717,ui.generated.widgets.ingame.reticles.lightbluedot
051620664e54f3b5,ret_cer_med_10_zm_therm
051b8e9299c16d1e,muteallicon
05214271eac43d64,lua_menu_mp/open_fail
052210c273e4fae0,lui_system_restart_required
052446acc5c7beeb,armoryfilterpopuplayout
0524d89154f447c7,tutorial_text
05286363938c1d8d,ui.generated.widgets.ingame.reticles.jupiter.jup_reticle_steyr
05296697d40464a4,ui.generated.widgets.ingame.reticles.extrareticles.reticlecode
052eb548b61003ef,ui.generated.widgets.ingame.reticles.reticlesniperkilo98
053147aef433bca5,menu/reset_to_default
05314c2245fda85e,lua_menu/friend_request_accepting_failed
053a079b276228d9,isplayerinlaststand
053ab670c07865d4,ui.generated.widgets.ingame.reticles.reticleholotherm01altdark
053ff2cd86c6619c,battlepass_limit_time_completed
05412d050d9404da,notificationhighlight
05425b0f17d005a9,setworldposeoverrideenabled
05488fd3a475d546,platformfamily
055246a7b2cc284d,online_matchmaking_start_gameparty_after_disband
05529fda5611ed72,lua_menu_mp/unlock_level
05546dcd7b3b6b62,tactician
055549fd70194ce7,dialogprompt
055935e8d49f35e5,aar/level_value
055a581c29abfccc,leavepartydisabled
055b0d97b37d2491,ui.generated.widgets.ingame.reticles.swagdot
055b25b1e4aaf0f9,ammomodbundlelist
055c77e4390a6daa,ui.generated.widgets.buttons.buttonlarge
0565293d93b560ff,buttonsimplified
0568600b190e05ed,optionvalue
056bfcea14181863,optiontext
056da922d4786997,ui/utils/tooltiputils.lua
056dd5afbbeba4f2,ret_cer_loot_art_deco
056fd39d2bf3c8a6,buttonimage
0570eaf1f6a509e9,perkcategory
05722204dd642232,ui.generated.widgets.footer.muteallicon
05749de77cef80ff,item_description
0576912234345f72,epicorange
05790b14ae167dd8,onboarding/gunfight_1
05790d14ae16813e,onboarding/gunfight_3
05790e14ae1682f1,onboarding/gunfight_2
057b208b4833b785,skillchoice
057b8b527e7da6c0,ui.generated.widgets.frontend.tabsbacker
05807deea989d673,ui.generated.widgets.frontend.unlockcriteria.criteriawidgets.unlockcriteriabattlepass
05868880705043f0,ui.generated.widgets.frontend.social.channels.channelchat
05898f5e2bfab63a,isblueprintstoreenabled
058cf641373bf582,sat_ui_wc_tier_icon_5_zone
059376824f5e8580,onboarding/operator_missions_3
059377824f5e8733,onboarding/operator_missions_2
059378824f5e88e6,onboarding/operator_missions_1
0597d1133f30d28c,onboarding/trial_event_desc_2
0597d2133f30d43f,onboarding/trial_event_desc_3
0597d4133f30d7a5,onboarding/trial_event_desc_1
0598dd24304e2e90,lua_menu/party_chat_hint
059ef2d54c2c93b1,shouldshowattachmentlines
05a0079f3db72744,ui.generated.widgets.ingame.reticles.extrareticles.reticlesnprmike4
05a0bccfd75f974c,zoom_out_map
05a1d82b28e89d33,ui.generated.widgets.frontend.gamemodeprompt
05a2d3e9103bf3af,br_winners_circle_exp_stat_list
05a4814de926bad0,product_upsell
05a63cbd096cac75,weapon/tracer_purple
05a75e27a945f931,new_challenge_id
05a78c9e2fb730f9,menu/binding_success_reassigned
05ac1431790acbd0,poweruplist:
05ac1a5b2f440905,applyoptiontab
05aec935d4ea990a,ui.generated.widgets.options.calibrationguide
05afe0394ad0707b,isinrankedprematch
05b0485e4a17efbe,emblemsource
05b2cd7115532f93,iscontextualmenuonly
05b8dd64bf83bcaf,yoffset
05bbe1b2e0b66c2b,shouldshowchampionsquesttracker
05bdc1a087c712ba,ui_mp_ability_deselect
05be5db62e943799,extent
05c639b12f6ea787,onmousedown
05c8a591ab708df1,globalpaneloptionspath
05c976dffeaa5dde,lua_menu/last_save_date
05d0a9fb32788b79,reticleoutercirclemike32
05d3a45b469151e9,wallpaper
05d5272e9f44864c,details_panel
05d7623c70e3e0d0,gpu_clock
05dead27d70a4fdf,setweaponslot
05e2093e59026ef0,codaccount/display_name
05e4cec7f46e09f4,bnetpink
05e5a4ae0064d45c,ret_cer_med_03_zm_alt
05ed690f849eec34,shocksticktext
05ee4a00eafff04c,getvehicletrackbundlelist
05f079ea85250939,soundbarfillslow
05f2bf6eeb41ece3,camo_reward_focused_item
05f31845cc048f94,ui_weapon_model_name
05f3d4c7848f6cc5,ui.generated.widgets.frontend.social.socialnotificationcounter
05f54742caf3c028,ui.generated.widgets.ingame.reticles.cryodot
05f5c4f0b9956d2b,lua_menu/sort_filter_type
05f6d4dd9db56877,conditions
05f925f761e9d1ec,ret_sat_long_04_mp_therm
05fac1b3ba8d32d2,hidebundletypeinstant
05fb15bd9a168c18,ui.generated.widgets.menubuttonradio
05fc3e5d6fdea8e5,ui.generated.widgets.optionsgraphicssliderbar
0600b5c265151bf7,getplaylistcategoryclass
0602af09e92dd796,ui.generated.widgets.ingame.reticles.blackdot
0604f1148005dcff,ui.generated.widgets.loadingspinner
0606f1ca2c0aa04e,ui.generated.widgets.ingame.reticles.reticlesniperhdromeovzreset
0606ffa1a070f7ea,globalpaneltitle
060902fc29e1141d,clusteredbynotificationgroup
0609cca32ffdafdb,ret_cer_long_05_wz_therm
060de2f4b372a1a9,dummytriggerlayoutpreview
060fd0023b381ea7,lockeddescription
06131847094634bd,glowmasksheenstop
061a3f3d9aff7333,lua_menu/pad_dpad_vertical
061f8dd189366533,ismaptomaptransitioning
0620c3105860e283,isonboardingmissionbuttonenabled
0623f9d10f126980,ui.generated.widgets.bindingpreviewmouse
062453a3f5abadeb,lua_menu/pad_r3_button
0628478b789938d2,getweaponarchetype
062946c2d7154819,menu/fetching_store_info
0629d4c081e3545a,dummyreticlecrosshairbase
0629f17f25820016,match_stats
062a8a2433e2cb57,vehicletracks
062c520454fe0854,consolechat
062d696d7bee0f48,ui.generated.widgets.ingame.reticles.reticleholotherm01paranormal
06314a6c5fb6f2e3,lua_menu/leave_game_desc
0638b8080ad8bf8b,page_bundle
0638df4aa2707ece,start_season_xp
063cbbf3dbec053f,stopdropsoncomplete
0641db9061864dcf,stack_count
0643f5bae04e98a0,ui.generated.widgets.ingame.reticles.extrareticles.reticleoutercircletango21
06452c0517412802,time/hour_minimal
0651f1dcc09b13d6,ui.generated.widgets.ingame.reticles.reticleacog
0652718943f00783,eventplus
06541a4627ed800f,ui.generated.widgets.buttons.highlightinnerbutton
06548150a6c0e583,ui.generated.widgets.challengeresettimer
06556c353f1e36d2,platform/controller_pairing_confirm
065586c7b4ab3c28,templates
06564ae7ee1f2805,blueprintweapons
0656810b0ba8ad41,ui.generated.widgets.menubuttontoggle
0657814b24c08b88,lua_menu/apply_unsaved_settings_message
06590a28af2a4052,exchanged_item_failed
06643513941cd841,ui.generated.widgets.voicechattab
066437a41d4056df,endduckaudio
066550ed2d6a9617,current_widget
066563aee26e0e02,lua_menu_mp/loadout_8
066564aee26e0fb5,lua_menu_mp/loadout_9
066565aee26e1168,lua_menu_mp/loadout_6
066566aee26e131b,lua_menu_mp/loadout_7
066a0265e1ea8917,act_name
066f52d9e073cddd,ui.generated.widgets.ingame.gunscreens.gunscreenghosttracker
06707252f931a88a,add_item
0678c097572d101d,store/bundle_items_included_weapon
06822245bad4db9a,rechargefast
068478ae23565541,ui_realism_hud
0686443f741933b6,lplogo
06884221b283d3a0,warzoneglow2
06884521b283d8b9,warzoneglow1
068da9fb23ce8a78,ui_killstreak_updated
0691a460ee06634e,getweaponclassref
06939ebecbdff8ed,ui.generated.widgets.globalpanelchannels
06991337ae950f99,getmilliseconds
069ac115a46e1e17,onboarding/tutorial_plunder_2_point_1
069ac215a46e1fca,onboarding/tutorial_plunder_2_point_2
069ac315a46e217d,onboarding/tutorial_plunder_2_point_3
069b2c76fb14fd41,lua_menu/custom_game_caps
069cb4e78ec06ec7,korean_legal/korean_pi_header
069d243df35268ab,ui.generated.widgets.ingame.reticles.reticlehybrid03vday
069d3f690f00a67c,recharge
069d8fa1e3a4dd4f,cprequired
069ff88600b344d7,mission_state
06a0b4544b53e579,ret_sat_loot_dotyellow_thermscope
06a1961cacfd0092,ui.generated.widgets.togglebutton
06a25ff4068e6e56,codcaster/team_name
06a3cb74f506d037,loot_mp/item_type_armor
06a41673a19aac74,acceptinvite_warning_for_leaving_party_and_game
06ab26f4861e1b11,relatedsettingsgrid
06b58dd14e536cd5,wzstyleguideaccentdark
06b6100715ec3523,rexreticlesnscopesnapshot
06bece8988e9d35f,arerestrictionsactiveandblueprintsblocked
06c31c3eba17e632,ret_cer_med_01_zm_alt
06c4b00f462e626c,menu/popup_acceptinvite
06c4be0da9d472ff,ui.generated.widgets.frontend.mp.splitscreenoperator
06c888f45bafdc66,ui.generated.widgets.ingame.reticles.reticlexmike109
06cbef71e79a666d,raritydeflist
06cce14b6a55ae31,lua_menu/chat_error_no_whisper_target
06ce677d17debfcb,ui.generated.widgets.genericfillbar
06cf65cf67d1f303,ui.generated.widgets.sendbroadcastpopup
06d04ca7daccb264,ui.generated.widgets.frontend.unlockcriteria.unlockcriteriawidget
06d278f3221fe337,bundle_search
06d55edf3b121b94,ret_sat_loot_s3aghillie
06d9d3597222c1da,request_fetch_data
06dc0fe8bfe894b6,color19
06dc15e8bfe89ee8,color13
06dc16e8bfe8a09b,color12
06dc17e8bfe8a24e,color11
06dc18e8bfe8a401,color10
06dc19e8bfe8a5b4,color17
06dc1ae8bfe8a767,color16
06dc1be8bfe8a91a,color15
06dc1ce8bfe8aacd,color14
06dd861a003843a8,pointer2
06dd891a003848c1,pointer1
06df16e8bfead672,color28
06df17e8bfead825,color29
06df18e8bfead9d8,color26
06df19e8bfeadb8b,color27
06df1be8bfeadef1,color25
06df1ce8bfeae0a4,color22
06df1de8bfeae257,color23
06df1ee8bfeae40a,color20
06df1fe8bfeae5bd,color21
06dfd57d2077d1e9,ui.generated.widgets.ingame.reticles.reticlecrosshairbase
06e15a09ecaa1143,accessibledarkblue
06e283e8bfedc580,color31
06e285e8bfedc8e6,color33
06e286e8bfedca99,color32
06e288e8bfedcdff,color34
06e289e8bfedcfb2,color37
06e28ae8bfedd165,color36
06e28be8bfedd318,color39
06e28ce8bfedd4cb,color38
06e606e8bff0d9f0,color44
06e607e8bff0dba3,color45
06e60ae8bff0e0bc,color40
06e60be8bff0e26f,color41
06e60ce8bff0e422,color42
06e60de8bff0e5d5,color43
06ec710522cdf37a,damage_range
06ecd7b46ab8aea9,onyx
06ed34b54da3e13d,ui.generated.widgets.ingame.reticles.fourxhelimaice
06f19bf1efc957d2,splashsoundref
06f1f5f6ec82538c,ui.generated.menus.genericpopupwidget
06f7e0c96c6d7e8a,getregiondifficultylist
06fb9f205d0a4843,mpui/youarehost
06ff4387fe77e6f7,onlyobtainableingame
07034c6a71f97bc0,playmenumodebutton
0705f50c39448862,ui.generated.widgets.ingame.reticles.jupiter.jup_reticle_moscar_classic
070d6158d12db5f6,getonboardingtrialeventdata
070da2c862100b9f,removefriendaction
070dc2268e19b3a7,ui.generated.widgets.ingame.mp.hudprompt
0713c6005f414bbb,onboarding/tdm_1
0713c7005f414d6e,onboarding/tdm_2
0713c8005f414f21,onboarding/tdm_3
071530ee259d3183,category_ref
07156e1260ce80e4,enable_cod_account
0716132c3c788d33,ui.generated.menus.pcachievementsmenu
0716633a0d5ab470,ui.generated.widgets.frontend.unlockcriteria.criteriawidgets.unlockcriteriaactionprompt
0718c4aa1487afa1,lua_menu/chat_error_player_not_found
071a6b43754408e2,gunscreencergummy
071aa4e8920bc97a,reticleoutercircle
071c20c5a9d42fc2,setupmenuforsingleline
0723faa8df2a34cd,perkactiveareawrapper
0725513d98716022,charmscenetemplate
0729e4f2a6956598,lua_menu/crossplay_user_in_party
072c5b317966a8ce,ui.generated.widgets.genericoptionbuttonbackground
072e633986afe85a,ui.generated.widgets.ingame.reticles.reticlecrosshairburst
072f160ba4ba8e40,fenceonlinequeuedialogpopupwithdescription
07366a36856974af,is_messaging_visible
073ba4b980f071bc,setusingmlgrules
073f776d985ae921,idleloop
0740379a56f87cbd,getgamemodecolor
07406b54aba1e590,ui.generated.widgets.fencespinner
074195493d506eff,shouldshowlevel
07464124a3f32efd,codaccount/creation_cancelled
074efd7689a81b58,ret_sat_loot_polarb_thermscope
075243cd65279db0,ui.generated.widgets.ingame.reticles.blackdotmagnified
075f4ebf976e1e02,equipment_buttons_list
076152a6456265b0,ui.generated.widgets.frontend.unlockcriteria.criteriawidgets.unlockcriteriabundle
07643f7634e5a1cb,ui.generated.widgets.ingame.reticles.reticlecrosshairauto
076fafeab0a85d73,targetentity
07724916fa4fde0e,swaptag
0774b423e0c098a0,dmzpersistentoperatorselectinternal
077511d16f4f8562,ret_sat_loot_uap_thermscope
077634dcc16abc8d,eventcodename
077703556404cecf,ui.generated.widgets.frontend.social.socialpopupgenericlist
0778ba66ec4c6eed,lua_menu/party_setting_changed
077cac6962ad41b2,cas/attach_equip_count
077ffb4ba73b08fc,codaccount/tfa_error_message_wait
0784677a243b3762,ui.generated.widgets.smallplayercard
0787801a15dbaf30,button_callout_text
0788a1cf135cd081,masteryoverridecolor
078b6ec207f09865,screenspaceexplo
078d614b8b8ba6ec,ui.generated.menus.webviewloadingdialog
078df1cc3b8bb09c,ui.generated.widgets.xpflyoutstripe
078ed2e0385b2c6e,mp_br_ingame/br_plunder_cash_hud_in_millions
0791cd48d609fbd7,tab_navigation
07929fb27f7528fb,ui.generated.widgets.secondarytab
0793347ade1a6d1d,ui.generated.widgets.ingame.reticles.reticlesnintercept
07947f7a43cd4c05,lui_wz_bm_tutorial_enabled
07a3977287dd6e90,ui_enable_atak_down_state
07a8e0e3c6f45d51,purchase_recipe
07ad0db5892da086,missioninfotabborder
07b243a53b61d17c,ui.generated.widgets.options.relatedsettingslist
07b6082f1a7245cb,imagexlarge1x1
07b6f98d027c8f1f,ui.generated.widgets.ingame.reticles.reticlesniperhdromeovz
07b72d658a9a5dc5,codpointsbalancetext
07b73df70374382d,ui.generated.widgets.simplebuttonhint
07b884e6d54c98ec,isgamesetupenabledandnotcpdevmode
07bfa78b5d2f9a09,snoozeuntil
07c131ece8edf8fa,ui_use_per_bullet_hitmarkers
07c59fce85ef819d,icon_glow_visible
07c7101b7f6f5742,ui.generated.widgets.activearmorybundlepreviewoverlay
07c807d2cb657cd8,isoffline
07ccd9ae80b3fe13,corner1
07ccdaae80b3ffc6,corner2
07ccdbae80b40179,corner3
07cd1bae80b46e39,corners
07d15844a84f4c88,gamemode_icon
07d2347da98a33f7,reportedreasons
07d2ab27c10844c4,offcream
07d8674b45b345e2,ui.generated.widgets.ingame.gunscreens.gunscreengluttony
07d86f5ab4b08f41,winstreakchallenges
07dbf861a3366276,lua_menu/pad_dpad_down_button
07dc03b089a46d7c,mutestrategyproximitychatbutton
07dd7bb84b360f4e,ispremiumbutton
07ddbecfdddee3e7,sprint_active_period_ended
07e066375f860dd9,ui.generated.widgets.ingame.reticles.reticle_fvats
07e2124731d43031,rangefinderbatteryzoomed
07e86050e6607699,isintournament
07edb5d536e7e7c3,ui.generated.widgets.ingame.reticles.reticlecrosshairdot
07f0ddf773be5370,ui.generated.widgets.globalpaneloffline
07f94d2d431083a5,styleguidematchcontestdark
08012ced2714154b,aaringameprestige
08043234ea0d1f08,satbattlepass
08099e43282e49dd,touch_button_double_tap
080c64b57dad1223,uncommondark
080f4bb558dad723,skill:
08101f5f150fcf83,ui/generated/widgets/buttons/tileequippablebutton.lua
08120c685d157852,isplayagainwithsquadenabled
0817afba17403c37,ui.generated.widgets.options.changemodeprompt
081a9971a8b0d308,isintegratedgwtacmap
081bbf32193c9da7,leagueplaycrimson
081d3ad59e0ac474,ui.generated.widgets.featurednotificationtimer
081f1906ce66b75b,ui.generated.widgets.buttondescriptiontext
08290d7c6d6df498,ui.generated.widgets.frontend.listspacer
082b1839691c7558,ui.generated.widgets.tokenmenu
082d4e98bfbf9857,islastitemfocused
082f12c0395469f8,codaccount/eula_a_title
0830016d715c2912,ui.generated.widgets.ingame.reticles.reticledmscopevz03centerzoom
08305b4ab66a9e9b,aimbase
0830785de390b8e0,lua_menu/breadcrumb_2_items
0830fabd9d43137f,items_count
083b838dbc4b4010,onboarding/fieldupgrade_pro_desc
08417012e3cc4344,ui.generated.widgets.ingame.reticles.jupiter.jup_hybridscope_02
0841c06370a82186,coralpink
084287be93239e99,istouchenabled
08472eb8c16f1820,soundrewardcheckmark
0849f2616a844c09,lua_menu/token_timer_warning
0856c13e8512dad0,removehudoutline
0859598c6b7dcd2c,focused_mission_button
085b9b1750c9a651,ui.generated.widgets.ingame.reticles.reticle_fvats2
085cdb372f6c43ae,is_in_gulag
085f4bc761bc30cd,ui.generated.widgets.ingame.reticles.iw9.reticlesntherm01
086458f1a0adf4f2,is_nemesis
086ac5a035bcc50d,lua_menu_mp/purchase_title
086d306965bd1717,isbrspectateenabled
086e899e54e4237b,isftuegametype
086f1049b20d1413,camosecretcamoconfig
0870dc9c68d4769b,ui_using_airstrike
08714f9f3e817644,ui.generated.widgets.ingame.reticles.iw9.reticlesnscoperf01hip
08722163de7fcb39,playerslisttitle
08741921f1f9a2e3,benchmarkmenu
088502323e413078,challenge/activate_mission
08859601263dc70b,precacheglyphs
0885d05d9a807596,ret_sat_long_02_mp_therm
0889d3025c1fc5e8,jupbattlepassupsellpopup
088a01d1c318c8ac,defaultstep
088a7f68b910a9d2,ui.generated.widgets.searchcategory
088cf7d2b51030d1,codaccount/password_invalid
088d73983e135394,masteryhoverbackground
088d928184a92da2,ui.generated.menus.bindingpreview
089024c02e07a3f0,by_presence
08902be05a194e06,ui.generated.widgets.ingame.reticles.jupiter.jup_reticle_boscar
08914707b53b95fe,dy
08914807b53b97b1,dx
08915307b53baa62,de
08933e79686011db,getgroupicon
08a485ee01aa268c,onboarding/gunsmith_2
08a486ee01aa283f,onboarding/gunsmith_3
08a488ee01aa2ba5,onboarding/gunsmith_1
08a63107b54dcca6,bg
08a69c554bba360b,ret_cer_loot_s4infrared
08a90c6eead2d304,usingautoslotmanagementloadoutflc
08ac66674559632b,skin_rewards
08b05507b5565e57,os
08b1f9a15156a43f,ui.generated.widgets.buttonhighlightbar
08b2e1bf19fa1c9d,wz_leagueplay_progression_enabled
08b4cdcad263a249,menu/load_last_save
08b6ec24b5d640a1,menu/store_cat_events_two
08bb01ab05541dc4,ui.generated.widgets.genericexpanderexpandwidget
08bbf99c6c57a742,bundletextfocus
08bc3454b9f2aa4c,can_emote
08bca5023dd1e777,ui.generated.widgets.xptokenflyoutnotification
08bd0458fbd19d2f,challenge/activate_mission_warning
08bd471d60e2c33a,eventcompletebink
08c1bc03144a7570,squadgreen
08c44007b566e3b2,uv
08c48ccba714acb7,neutralwarmlight
08c4b856dbc1b30f,eventinprogress
08c4f7f482a2ca5f,playlist/quads_name
08c7d1a4fe033a5f,focused_mission_button_index
08c7d3892457d17c,ui.generated.widgets.options.colorblindswatch
08c80707b56a6bae,t9
08c84707b56ad86e,ty
08c8fe4647f49358,defaultheadshot
08cf41b55b31c429,party_leader_name
08d2741e209df2f7,applyableoverride
08d53c07b5755019,pl
08d55807b5757fad,pp
08ddcc25e22ef5e1,ui.generated.widgets.menubutton
08de9d69556d17fb,protuneddefault
08eb130ed434bcba,ui.generated.widgets.texturestreamingsysteminfo
08eb672ec893550c,bloodstone
08ee0169c825bac7,ui.generated.widgets.frontend.datasourcebundleprompt
08f10707b58d70c2,x1
08f1138f91098b4f,race_active
08f22586048f1791,getperkstreak
08f3478da0535ff0,aremenupingsenabled
08f40e8a83d78f04,ui.generated.widgets.ingame.reticles.reticleoutercircleroots
08f66088f3fb4e94,social/plus_add_friends
08f7d80f696b100e,menu/store_cat_wishlist
08f80a0a4255eff5,ui.generated.widgets.ingame.gameplayprogressionstats
08f934db37950657,menu/reset_tab_option_message
08fa5de4ee4085e9,ui_store_cards_bp_smokepuff
08fcf766dd54694a,lua_menu/join_party_attempt_success_toast_desc
08fdf06fde0dd48c,selectsound
0900a4fc1ed3efa3,lightespresso
09012e267d0e209f,ui.generated.widgets.ingame.reticles.iw9.reticlesnscope01
0910a5dca6f2fae2,bundleupsellfallbackcategory
09115412a77e73db,ui.generated.widgets.ingame.reticles.reticlecrosshairspread
0913f2971c66ff5d,equipemblem
0918b4918681c0d4,ret_cer_long_01_zm_rangefinder
09197893b1419ebc,gametypename
091ae5363f0c7c75,ui.generated.widgets.ingame.reticles.jupiter.jup_reticle_moscar
091ca906e3c61361,glowcorner
091e8ee4d06587a3,ismoveitembutton
0920f756aff159e0,skirmish_ground_spawn
0921bd768cc3baa3,isnotakimbo
0921c324e213f92d,tournament/rejoin_tournament_header
09258f49f515f97b,ismultiplayer
09262a8969c22e1a,ui.generated.widgets.ingame.reticles.greenyellowdot
092a8dfa97fc63bb,reticlehybrid06
092a8efa97fc656e,reticlehybrid05
092a8ffa97fc6721,reticlehybrid04
092a90fa97fc68d4,reticlehybrid03
092a91fa97fc6a87,reticlehybrid02
09320ab794feaf88,menu_sp/loading_transients
0934bf1499c71bc6,lua_menu/footer_tooltip_dismiss_game
093816cf93d15886,menu/switch_to_mouse
0939c910c8561944,globalpanelunlockfeed
093c76f16c3d1eb7,dummysubtitlesizeoptionsmenu
093e2a21b2a17de3,objectives_update
09406170b64b9604,lua_menu/lpc_crossplay_recommended_reminder_message
0941aaedbdf82662,equipment/type_lethal_caps
0941bd7a3e2b3e7e,ui.generated.widgets.dailydownloadlimit
09423a5d200c6101,objectivebackgrounddefault
094446fd1d363923,lua_menu/pad_alt2_button
09461c11b5ccb13b,lua_menu/chat_error_not_in_party
09475bb6fd24ccf7,primarybuttonaction
0949013eeed7eb0b,ui.generated.widgets.selectedmissionobjectivebase
094a53b1a071aad3,getloadoutitemref
094b1e6bc730effb,arespecopsrewardsenabled
09542b40279acea5,ret_cer_loot_s3brush
0954f0fcae0393b3,arenatandark
09554b1b78ccd010,lua_menu/cdl_add_info_allow_blueprints
0956f7a7bcde1434,ishardcoremode
09580ebd04ac2c50,barelyvisible
0958615850eafdbf,ui.generated.widgets.ingame.reticles.jupiter.jup_las_fourx01
0965627328577e37,reticlehybrid03vdayheartbreak
0967a43b3ef72bf2,lp/skill_rating_and_icon
09684defd82a598d,ui.generated.widgets.bindingpreviewbutton
096dc1fd0b47717c,lua_menu/quick_setup
0978125a95d6ca58,ui.generated.widgets.ingame.reticles.reticleholo04
0978135a95d6cc0b,ui.generated.widgets.ingame.reticles.reticleholo05
0978145a95d6cdbe,ui.generated.widgets.ingame.reticles.reticleholo06
0978185a95d6d48a,ui.generated.widgets.ingame.reticles.reticleholo02
097b1cdc9bb8318f,lua_menu/weapstats_damage
097f4218bf97a89e,sale
0986c5e21a4b8c78,ischampionsquestfeatureenabled
098c52d7f72b9d88,team400
09908e94fe091740,usabletime
09a184d7de140c97,imagelargeshort1x1
09a5d1c4b744d113,ui.generated.widgets.ingame.reticles.reticlesniperhdromeo
09a8b477d1aa3993,ui_intel_splash_open
09aa3e03c39eb479,dothighlights
09b3540dc229ded4,partyleaderxuid
09b70754f585b95c,ui.generated.menus.options.colorcustomizationfullscreen
09b74c5790b1c88c,skill_division
09b96d188a5436e6,menu/store_cat_operators
09bcfd6f9fd38d28,has_notifications
09be75b9769fab41,ui.generated.widgets.frontend.equippedwidget
09be8317834b630b,sentinel_id
09c284cc2fecf30e,onboarding/specialist_warning
09d65588e886d72f,getanimationlength
09d7cf0dabd5f5a0,packapunch:
09d7e71ff69f2412,topspike
09db11ee49c0b440,ui.generated.widgets.ingame.reticles.iw9.reticlear02
09e66e0ee38918e8,calloutframe
09e6ef50b1c41363,store/bundle_items_included_killstreak
09e7a300a404197e,option_value
09ec3abbb3d25d7f,vehicledisabled
09ed1c41bb507cab,blockedplayerspanel
09efae498b83fc0f,weapon_image
09f633b5779277cd,ui.generated.widgets.ingame.reticles.jupiter.jup_twofivex06
09fb73b3fda108ac,onboarding/loadout_1
09fb75b3fda10c12,onboarding/loadout_3
09fb76b3fda10dc5,onboarding/loadout_2
09fc06a74c932c6b,weapon/tracer_blue
09fe703080b1d854,ui.generated.widgets.ingame.reticles.reticlesnscope05
09fe733080b1dd6d,ui.generated.widgets.ingame.reticles.reticlesnscope06
09ff4e1ea50cd925,updategamemode
0a006674783fb8bc,mp_frontend_only/2xp_token
0a00a0fb0bee4994,lua_menu/crosslaunch_attempt_toast_header
0a048e2b3ca3bd59,ui.generated.widgets.customcolorslider
0a0a7c9e43869733,ui.generated.widgets.ingame.reticles.reticlethermal04
0a0a7f9e43869c4c,ui.generated.widgets.ingame.reticles.reticlethermal01
0a0a819e43869fb2,ui.generated.widgets.ingame.reticles.reticlethermal03
0a0a829e4386a165,ui.generated.widgets.ingame.reticles.reticlethermal02
0a0ab172ccf3714f,issprintactive
0a113e694af8c625,store/bundle_items_included_weapon_charm
0a17228492793ec5,topsegment
0a19aa58784cba8e,lua_menu/pad_primary_button
0a1d5e0ed86c6eb1,ishardcoremodewithkillstreaksallowed
0a23d94ee955289f,mp_br_ingame/item_type_kiosk
0a2ea01214ee59ff,iconlabeledbutton
0a37cfd2a5c8b654,equippedweaponbundle
0a39564c8488f58f,nuke_countdown_active
0a3c5c54f73443ce,ui_veh_ammo_1
0a3c5d54f734468f,ui_veh_ammo_0
0a42a9fe02f00fa6,lua_menu/mode_fence_message
0a42b05056cc3e26,bioimage
0a42fe30f14998a0,lockedstatebackground
0a4516943a529a7b,codaccount/username_profanity
0a483515816c5791,menu/add_to_favorites
0a485c733e9cb31b,getrankrewards
0a489a562e698f56,gpu_bound
0a49f5d34c20bf4f,ui.generated.widgets.ingame.mp.dmz.dmzingamemissionsoverview
0a4a5c91b7057e52,ui.generated.widgets.genericholdbutton
0a4e3c61a1afcea1,lua_menu/cdl_add_info
0a4fa01e7c3d49d7,ui.generated.widgets.ingame.reticles.reticlesnscopevz02purple
0a51039d4d327d56,active_duty_operators
0a51ae03e4f916f5,dedicatedserver
0a528660ebee230b,spicegold
0a546dfc5c35acc6,menu/invite_to_party
0a55ce4f682d57ef,ui.generated.widgets.ingame.reticles.extrareticles.reticleoutercircleacogeast
0a6211eb0bcab8d6,lua_menu/pad_dpad_right_button
0a62e73b49979687,gunscreensatdaisy
0a63bda88f2961d6,ishardcoreplaylistenabled
0a63f83e1293ba8e,ui.generated.menus.options.audiotestmenu
0a66f3fee1422a09,ret_sat_loot_s45trench
0a67a2168d6cd017,store/bundle_items_included_operator_skin
0a6c1fe9ffab50d9,ret_sat_med_03_wc
0a6c36e9ffab77ee,ret_sat_med_03_wz
0a6e460c33957c2b,recharging_sp
0a77453716ace908,time1secelapsed
0a7ba1ced7eb9506,lua_menu/player_already_friend
0a7bcecec1a831b4,lua_menu/percentage_of_completion
0a7cc940a9b0ea10,focused_blueprint_item
0a842bfd8be841be,reticlesnscoperf01hip
0a8d3fb0c5dc7362,video_name
0a8dabf314c46d81,defaultrowheight
0a8dad02c7401447,reticlecrossdotred
0a91bc1e50a6c5da,subtabbackgroundidle
0a955b14abaa9024,jup_las_fourx
0a9829a34e95dd3d,ui.generated.widgets.frontend.unlockcriteria.criteriawidgets.unlockcriteriatextwithprompt
0a984de9ffd0d9ee,ret_sat_med_03_zm
0a988866c889eaad,isinitialized
0a9944dedbf80e87,categoryindex
0a9e295d5ac0dc56,processevent
0aa02d1bbbd22354,aar/battlepass_required
0aa2a275209b9bd1,ui.generated.widgets.frontend.cac.challengeinfoitem
0aa9dc74d5452c3b,lp/leavelobbyblockedplayer
0aacbaba2587941f,bindingpreviewbuttonnumdel
0aaf3f721e69b63f,ui.generated.widgets.frontend.unlockcriteria.criteriawidgets.unlockcriteriawinchallenge
0ab9b75907e3ea41,lua_menu/dcache_restart
0abd3010a9142ab9,menu/remove_from_favorites
0ac092a09252706b,ui.generated.widgets.options.hudbounddraggableside
0ac0b2eb224033ca,ui.generated.widgets.ingame.reticles.reticlethermaloutercircle
0ac1a04396b0210b,isexclusive
0ac1d8db014ab746,ret_sat_short_09_mp_holorange
0ac2a02b393b3dae,hitspreadwide
0ac448e9fff60c5a,ret_sat_med_03_mp
0aca5e702d93ef47,handletouchend
0acbb3549d0054a6,tabletimage
0ae19812240b0fcc,getmissionimage
0ae510775a22e566,ui.generated.widgets.ingame.mp.reticlephonethermalcenter
0ae5b37a65f223e2,previousplayervalue
0ae971518d9d8fcb,isfrstrike
0af00e59d2f4f776,ret_sat_loot_s2breach_thermscope
0b0c8154f325efc7,battle_pass_icon
0b0e5033a7085628,ui.generated.widgets.ingame.reticles.reticlefourx04vday
0b0f406e4fdff4df,cas/edit_loadout
0b1195932681b3ab,attachmentname
0b1e70b9c009c0a8,title_vanguard
0b1efe98b9cc261a,codaccount/tfa_ad_setup_info_1
0b248c5955be18ef,centerhighlightzoom
0b2b509e66933583,system_clock_time
0b355df7e5277ad2,verticalmovement
0b355fde970b0df9,passed
0b36027382b5ff02,getonboardingperkdata
0b360cb33edb0714,ui_meat_shield_health
0b389710d81366fc,sprite
0b3b7a4edfe94283,unlockedacquisition
0b3c53c937651485,protunedanchorline
0b3d0e30dff02fdf,ui.generated.widgets.options.hdrwhitepointguide
0b3e21308dd5e094,vikingcyan
0b45786d12288f0f,ui.generated.widgets.mousecursorcontextualmenupanel
0b48011c08ea80a9,ui.generated.widgets.playerdetailsavailabilitydropdown
0b4a9d6f7f4f4bb1,setvisibleandenabled
0b4f7c833125a85e,death_recap_info
0b4f7fce61a63a3a,ui_player_in_infil
0b516ae580c55322,getonboardingloadoutdata
0b53948c6bf899b3,ui.generated.widgets.sendbroadcastbutton
0b5804612c194ba8,current_menu_id
0b587af3322ef919,lua_menu_mp/squad_fill
0b5880f5774709d9,buttonleftorrightshoulder
0b6306bdce7a35f9,ui.generated.widgets.messagepopup
0b657215ab850b3f,ui.generated.widgets.frontend.rowquickselect
0b6a6201d795c516,spawn_state
0b6aa08c05512514,istelescopemotdenabled
0b6e59829c093fd4,genericsliderwitheditbox
0b7742459e68a58d,steamfile
0b77f469e4bff3ad,istabenabled
0b77fecc27a87d0a,numloadoutperks
0b7a447d50def48b,selected_event
0b7b14498fcbea91,onboarding/roles
0b7d304f1f31158e,isowned
0b7eadd8585dc416,menu/com_error_string_with_error_code
0b81c49c7a1028e5,issimpleloadscreenactive
0b846e7926f05bc7,ui.generated.widgets.ingame.reticles.reticleaug
0b85e16a33d0fcca,backerimage
0b88dc16ff6c04c8,ui.generated.widgets.ingame.reticles.jup_snscope_hsierra2
0b8cf9ac4a985b5b,pricelist:
0b8d67a41f3b770b,aredamagenumbersenabled
0b8dbaf553c8db84,lua_menu_mp/purchase_fail_title
0b8fcc8b05233564,global_panel_created
0b97041feea02a4c,menu/fence_spinner_successful
0b99e9bdf72553ba,canreportplayer
0b9f0231b1ef2247,gaugetext
0ba0f9e5807d678d,enemyteamneutral
0ba114df8628f456,contrail_list
0ba33857def5b546,current_item_name
0ba3d5f4206fb752,getdvartype
0ba807f7c914ac35,iswarzoneprivatematchspectatingrolesenabled
0ba84f92b6d4f69b,blockplayer
0bb041d7575e9845,ui.generated.widgets.ingame.gunscreens.gunscreengreed
0bb0429928f80cda,ui.generated.widgets.ingame.reticles.jupiter.jup_reticle_duplex
0bb3551ee093c619,ui.generated.widgets.ingame.reticles.reticleholotherm01paranormaldirection
0bb6576b81028c83,ui.generated.widgets.options.bindinglabel
0bb7a4740cd5b7f4,additionalscriptbundles
0bb7a920a10a171c,stat_table
0bb7cdf08a98d88c,tournament/join_tournament
0bb83ac9a1d6ca31,standardontoastup
0bb8f504f4db82e3,ui.generated.widgets.frontend.menutitle
0bc089ed7141e900,ui.generated.widgets.ingame.reticles.jupiter.jup_reticle_hybridsn_xl
0bc1a3b82756faa8,favorite_operators
0bc3a80dfb66e4d0,onboarding/specialist_cancel
0bc45f0633b649b6,codaccount/generic_field_invalid
0bc5f92820aa9ccc,ui.generated.widgets.ingame.gunscreens.gunscreendoomguy
0bc94d7b6d9811fc,isdigitalbillboardsenabled
0bd0f59119638506,cols
0bd1264048a649fa,getreticles
0bd18e9dad3fe760,platform/right_stick_noswap
0be1fdc14015bf78,ui.generated.widgets.frontend.mp.playmenu.menutab
0be2fec5fdd9adc8,firered
0be59540d5354371,debug_overlay_frame
0be78e921b4a50a4,getstreamreplacementmaterial
0bf1471696533b76,useeventlogoasheader
0bf2f29119806653,corn
0bf6474b7e25c85f,defaultproject
0bfa837b37c47f02,role_type
0bfad920eb0e0bf0,highlight7
0bfada20eb0e0da3,highlight6
0bfadb20eb0e0f56,highlight5
0bfadc20eb0e1109,highlight4
0bfadd20eb0e12bc,highlight3
0bfade20eb0e146f,highlight2
0bfadf20eb0e1622,highlight1
0bfae720eb0e23ba,highlight9
0bfae820eb0e256d,highlight8
0bfe4fe884014e6d,on_menu_accessible
0bfeaecdba39b6ae,islegacy
0bffd2624a0f38d2,isplayersincirclecountenabled
0bffe6ece59a767f,skipforward
0c0029f276bd32ce,ui.generated.widgets.genericopenfullscreenbutton
0c05acac81ddc4b1,polishedlimestone
0c060f0e4a17b0e6,percentageofcompletion
0c09cad6a92c291a,ui.generated.widgets.options.settingeffectslayout
0c103cba3b004cda,removeskipfocusableelement
0c1193a7a1c363d2,param
0c162427d1271941,ui.generated.widgets.ingame.reticles.reticleholobasebcell
0c20a1c3a4b9707a,ui.generated.menus.options.optionslayoutbase
0c22b5e89c5d78af,layoutselect
0c2302947c54c5a0,weaponpreviewoffsetdata
0c24089806656ab8,onboarding/battle_tracks_desc_2
0c24099806656c6b,onboarding/battle_tracks_desc_3
0c240b9806656fd1,onboarding/battle_tracks_desc_1
0c26d022d2d3caf3,ret_cer_loot_christmas_alt
0c2b21b6e7d0d061,getnotifications
0c2d25e0e72244d8,sp_cer
0c36469f09fb69fb,cross
0c369470d473c4ff,hero_icon
0c39f7e252a5170f,dogtagtier
0c3cf15e8343fcba,getbaseweapon
0c3d2f859a5703af,comingsooneventselectionbackground
0c4308f5682e5d64,completetitle
0c436ad5b92b0408,canresumegame
0c43e7a33eba365c,menu/recruit_desc
0c43f6ec2ad7d42c,ui.generated.widgets.ingame.reticles.reticledmscopevz03
0c43f7ec2ad7d5df,ui.generated.widgets.ingame.reticles.reticledmscopevz02
0c43f8ec2ad7d792,ui.generated.widgets.ingame.reticles.reticledmscopevz01
0c4791878aabee48,ret_sat_loot_pixel_thermscope
0c480b74cd04e5f3,subheadernormal
0c4a5ede51148808,onboarding/fieldupgrade_pro
0c4abb8f0ee9aab3,ui.generated.widgets.ingame.reticles.reticlevz01
0c4abc8f0ee9ac66,ui.generated.widgets.ingame.reticles.reticlevz02
0c512554298f5ab0,primaryaccent300
0c51a3a7a1f962f7,party
0c565dddf1cb2729,enablehudeventwidget
0c589483e718d746,complete_faction_mission_timer
0c5d0eda444ec080,ui.generated.widgets.ingame.reticles.reticlephonethermalframe
0c6024e26dea93ee,objectivemlgcontestedicon
0c624354299e00dd,primaryaccent350
0c6d67e6d769e091,lua_menu/pad_dpad_up_button
0c6fd7627e3d11dd,sanddollar
0c705af9e69ed94a,joinabletext
0c75292ac11c19b4,lua_menu_mp/loadout_11
0c752a2ac11c1b67,lua_menu_mp/loadout_10
0c752c2ac11c1ecd,lua_menu_mp/loadout_12
0c757c91f81383ca,generickeybindlinkbutton
0c82cd61ebc399b3,ui.generated.widgets.buttons.buttonhighlightsingleaction
0c875749381befde,ypos
0c8da08f06309714,bundlegetmapname
0c8dc2d46af11b6f,ui.generated.widgets.ingame.reticles.stardot
0c949d09227495c1,issuperunlocked
0ca2c33935aa8da9,ui.generated.widgets.options.hdrblackpointguide
0ca94bdf709239ec,online/local_user_crossplay_permissions_missing
0ca9f2c1e61a48e9,ui.generated.widgets.frontend.globalplayersocial
0cadcd16a4f8b438,tournament/reminder_header
0cae2e77c906d443,hideactivating
0caec2bc7c3c4768,lua_menu/action_not_implemented
0cb635661803d220,ui_attacking_team
0cb958ac3e22ce38,tertiary_weapon
0cbeaf62674e5e75,cas/preview_weapon
0cc83ed671093348,ui.generated.widgets.ingame.reticles.goldendot
0ccac492b2932c15,_skipscrollbarresize
0cceb594cf8e931c,shoulddisplaydebugpremiuminfo
0cd01199264f766e,objectivebackgroundnone
0cd17691d6e2a169,menu/restartneeded_title
0cd2f75796a1ea61,ui.generated.widgets.options.networkinfos
0cd80d1ffef0a4c0,refresh_contextual_menu
0cd92c46584e5c44,issuper
0cd9a2eb3f778c87,can_enter_weapon_prestige
0cda78c5d23ac286,cantacticalads
0cdabcc745423306,reticlelaunchergromeo
0ce22a4f013e4092,cg_viewedSplashScreen
0ce30c36d79a1147,ui.generated.widgets.scrollbar.arrowright
0ce3fa2a5955612d,ui.generated.widgets.bullettext
0ceb10fab2ecd122,ui.generated.widgets.ingame.reticles.reticleholobcell
0cefabdc0579c51f,loot_mp/operator_name_skin
0cf3cf9e38d7ea75,layoutpips
0cf3efb5fd7b8afb,entries_count
0cfab4379d770036,reticlecode
0cfd4c05a933a5e0,ui.generated.widgets.ingame.mp.netstatsicons
0d0d2c27f723110e,menupriority
0d117d5388c01646,ui.generated.widgets.ingame.reticles.reticlehybrid15b
0d12c58468128168,ui.generated.widgets.ingame.reticles.reticle17hybridb
0d12c6846812831b,ui.generated.widgets.ingame.reticles.reticle17hybridc
0d12c88468128681,ui.generated.widgets.ingame.reticles.reticle17hybrida
0d130701a36150a6,lua_menu/reticles
0d1542a48fdc3326,ui.generated.widgets.customcolorpicker
0d166e8714b0746b,soundrecap
0d1b097b9092e37f,ui.generated.widgets.frontend.social.channels.channelbuttonheader
0d2813b521711c11,isusersignedin
0d304a9983184c07,tournament/rejoin_tournament
0d3a26ce21d82f54,doubleweaponxp
0d3ad0597c2a44c0,onboarding/cdl_2
0d3ad1597c2a4673,onboarding/cdl_3
0d3ad3597c2a49d9,onboarding/cdl_1
0d3d784f1ad262cb,reticleholorange01
0d3dd34e8cb0853a,isgasmask
0d40964df04b3dc0,ui.generated.widgets.ingame.reticles.jupiter.jup_hybridtherm01
0d40994df04b42d9,ui.generated.widgets.ingame.reticles.jupiter.jup_hybridtherm02
0d4383b882b450fd,ui.generated.menus.frontend.mp.genericeditboxpopupmenu
0d4bd261bb2c8843,weapon/tracer_freedom
0d4d907d83bd37dd,weapon/tracer_gold
0d51b07373c9da0f,basetextchatentry
0d58683a9bf9dc81,setting_ref
0d591ca2c434c8ad,mold
0d5ba34f7cae5b60,lua_menu/pad_alt1_button
0d5e1e3d260fe88e,popupscenariomissingpartymemberswarning
0d60b9d65175983c,last_killstreak
0d6224edf3b4c2a1,map_quartz
0d64bbf38d3ee5a5,ui.generated.widgets.genericparentlessexpander
0d6760baef1e61f9,istrialgametype
0d684358b28fbd9e,bluegrey
0d6c200916db437a,menu/reboot_popup_desc
0d706c0844d04fd5,ui_keypad_blink
0d73d7051e586906,createuserevent
0d74735d413367ea,secondary_weapon
0d74d065cc425406,gotobundle
0d754b58b29a5592,bluegray
0d78f5efc7dc0dfa,ui.generated.widgets.ingame.reticles.starreddot
0d7a1216e2836d1c,userconfig
0d8363c31498cd7d,is_receiver_skin
0d8429ec9ee2e604,loadout_select_focus_index
0d85e84e13bdbec7,ui.generated.widgets.customcolorpickereditbox
0d86b5ce01de62f1,dirtyswamp
0d8722653f17a662,gamepadusedirectbutton
0d87cbb12a6b5b6f,feed_expiration
0d87f8e6b156bc44,reticlecrosshairsinglesmall
0d8841e2a7cacff0,ui.generated.widgets.frontend.unlockcriteria.unlockcriterialist
0d88f439decd2ca5,lua_menu/friend_amount_max
0d89b8817b918b98,ui.generated.widgets.globalpanelplayer
0d9090635f993a18,buttonreload
0d93aa2e15a193cf,handlesetfocus
0d98443d7e6c392f,returnbutton
0d9a7bccc55360cc,ui.generated.menus.options.screenmargins
0d9adafa45858b7a,match_count
0d9b8f7e7937114c,lua_menu/player_not_exist
0d9d4dd9046bedf3,imagefull
0d9d573535757a43,ui.generated.widgets.buttons.buttonbackground
0d9f25edd97bb5d9,is_gaining_elder_xp
0da771be9fe8da71,ui.generated.widgets.ingame.reticles.reticleholotherm01dark
0da954be64ead95a,ui.generated.widgets.ingame.reticles.reticlesnscopelimax
0daaa764e394c426,ui.generated.widgets.options.emptysettings
0dac043d75c49533,downloadtimelimit
0dae8cea79372e86,colorblindtritanopia8
0dae8dea79373039,colorblindtritanopia9
0dae92ea793738b8,colorblindtritanopia2
0dae93ea79373a6b,colorblindtritanopia3
0dae95ea79373dd1,colorblindtritanopia1
0dae96ea79373f84,colorblindtritanopia6
0dae97ea79374137,colorblindtritanopia7
0dae98ea793742ea,colorblindtritanopia4
0dae99ea7937449d,colorblindtritanopia5
0db2d8d6959a92cc,scalefullscreen
0db367f0bbbfbaba,isusingps4controller
0db3efbcee2f315f,ui.generated.widgets.ingame.reticles.reticlecrosshairsinglesmall
0db53f751c7b8cad,ui.generated.widgets.ingame.reticles.extrareticles.reticlesnprparallax
0dbb9c4b0120f494,ui.generated.widgets.ingame.reticles.reticlearscope_vz02
0dbb9d4b0120f647,ui.generated.widgets.ingame.reticles.reticlearscope_vz03
0dbb9f4b0120f9ad,ui.generated.widgets.ingame.reticles.reticlearscope_vz01
0dbeae5d77192c99,ui.generated.widgets.ingame.gunscreens.gunscreenemblems02
0dc488db661a3988,useweaponclipammo
0dc54776949827de,ui.generated.widgets.ingame.reticles.reticlesniperbase
0dc86ade26eca9a0,checkReleaseDLC
0dca55edc9ce2b6c,lua_menu/n_newline_m
0dcb7f0dd03a11ea,curr_tile
0dccf2c99cbfa12c,oliveyellow
0dd203d31a5d0e5b,bundlegetdescription
0dd9d856ea1c159e,isdemobuild
0ddb205c782d8c6a,ui.generated.widgets.controllerdeadzonepreview
0de06629c7ed4a15,show_static_overlay_background
0de1967a1a5e4d20,armory_data
0de6b48e85951fc7,targetmarkersettings
0dee62e072b82fe2,default_loadouts
0df1d221d5d3f510,getmissionoperatorreward
0df2f134c520f07b,alreadylocalizedlabels
0df4f542cec4c7b6,hasscopedproperty
0df731bdc02926e8,iskoreanaccountandpc
0dfa11385cafadc8,sabreblue
0dfb6ef6257a38dd,freemelee
0dfe696bb4e9a0a8,pinkdot
0e01d7de749a24cd,text_chat
0e064089ce875420,isturretoverheatenabled
0e07786f064e5a32,ui.generated.widgets.ingame.reticles.reticlefourxaugolf
0e07a2d3e087ad49,bindingpreviewbuttonmousewheelup2
0e09e4977696258e,listbuttondefault
0e0b28d47d7c318b,audioconfig
0e115873a1156502,infrontendlp
0e12d76aad617715,anchor_scrollbar
0e16825a90b59bb7,lua_menu/host_disabled_crossplay
0e18316d977160fa,ui.generated.widgets.menubuttonradiowithdescription
0e1a07390e73a6ef,superfaction_index
0e1e9fee56c1fe3f,ui.generated.widgets.vehiclefiltermenubutton
0e1ef59613ae15bb,ui.generated.widgets.ingame.reticles.reticlesniperhdromeovzballistics
0e2bd0ab0c065fd3,ui_iw8_aar_bp_tier_rankup
0e2cd729b46e21d6,ui.generated.widgets.ingame.gunscreens.gunscreennuketrackerstpaddy
0e34d8556353f958,loadoutsharefriendselectpopup
0e391df4374cbb3b,platform/profile_pairing_confirm
0e3959b70bf99441,ui.generated.widgets.frontend.unlockcriteria.criteriawidgets.unlockcriteriachallenge
0e3ddc1770153b2a,noitembg
0e3ff70a37fa26a4,ui.generated.widgets.generictextelement
0e42075a62c17b63,purchasecommand
0e43e8803ce539ad,activearmory
0e45413300013817,ui.generated.widgets.subheaderwithprompt
0e46bde88add3e17,ui_pri_weapon_pap_level_zm
0e47d6615c892201,bundlelist
0e4e6a8cab652ad8,ui.generated.widgets.ingame.reticles.extrareticles.reticleoutercircle
0e51646743a8ca08,currentgametypebundle
0e545bdd260c71b7,tokeniconflarevfx
0e5b23b475a8fc24,codaccount/no_rename_token
0e5ff33c00e04820,mpoperatorselect
0e62eddff2fd4002,ui.generated.widgets.ingame.reticles.extrareticles.reticlefourx03
0e6609c25c16394f,lua_menu/weapstats_range
0e6742256b09dc88,ui.generated.widgets.ingame.reticles.reticleholotherm01alt
0e6765cfda1b9381,menu/savedata_failed_message
0e6b8a554df5785f,menu/reset_tab_option
0e6c5a73a1621415,infrontendsp
0e6f4d8ce1465c09,ui.generated.widgets.ingame.reticles.reticledmscopevz01_darkritual_heptachild
0e8215abd1219f0c,imagetitle
0e836ed656c39042,menu/regular_desc_full
0e862bb07253e557,ret_sat_loot_s2darkbook
0e862c99bf39223b,dvarname
0e89deac30345aa8,rightnumbersix
0e8a1567928896f7,noicon
0e8a93610cb1cf78,ui_buy_mode
0e8c0b9f9b83adc8,ammocounterpanelwrapper
0e8e41824485f602,is_searching
0e8ec2fc0556991a,item_prestige
0e902ee16d34cd86,ui.generated.widgets.ingame.reticles.reticlearbase
0e928c368d138c89,mission_display_description
0e95850a379f84b1,lua_menu/weapstats_rof
0e97bcb322a98ead,header_data
0e9c12facd8961a3,ui.generated.widgets.bundleupselltype
0e9cfd3c72d3b6aa,weapon_class
0e9edd6dff3d7af2,ui.generated.widgets.ingame.reticles.jupiter.jup_reticle_classictherm
0ea2f95bd6f4e0ee,max_items
0ea5afedf4898aa6,ret_sat_loot_s4armed_thermscope
0ea6fa8a4e78f017,ui.generated.widgets.doublexpeventbanner
0eac9f93091108c6,ui.generated.widgets.ingame.reticles.reticleoutercirclefourx05
0eaca09309110a79,ui.generated.widgets.ingame.reticles.reticleoutercirclefourx04
0eaca29309110ddf,ui.generated.widgets.ingame.reticles.reticleoutercirclefourx02
0eb0a60a1785a620,bundleheader
0eb629be28461912,ui.generated.widgets.frontend.social.channels.textchat.channeltextchatentry
0eb821425ba1d59b,appearofflinebutton
0eb9a1c14b9de114,button_stickr_updown
0ebbde25442adf81,lua_menu/error_getting_data
0ebf2e39b6952e62,menunavigationpopup
0ec604f8c500fa57,ret_cer_loot_s3bdog
0ec907ac88ca8a5b,ui.generated.widgets.genericpopupwindow
0ec94ea650bee5e0,ui.generated.widgets.ingame.reticles.reticleholotherm02
0ec951a650beeaf9,ui.generated.widgets.ingame.reticles.reticleholotherm01
0ed60fed3c9a5c57,menu_sp/last_checkpoint_confirmation
0ed6eab622e807ae,input/kb_page_down_button
0ed864360df10173,operator_icon
0ed8d64299316e7e,menuslot
0edb8d858edfc3ab,showgameplaystats
0ee119f556b6cadd,reticleoutercirclehybrid03vday
0ee1368d79b0dd69,title_count
0ee53cf028a06f20,ui_br_infiled
0ee5eb3cb49bda94,menu/bundle_name_cdl_team_collaboration_pack
0ee5fe9c67d1cb6b,ret_sat_loot_s3demp
0ee990d9b341d07c,bonusperkdark
0ef421867b6ac618,perklist:
0ef46400fe5f70d1,reddotmagnifiedhybridprimary
0ef5374ab9b2b440,performanceheader
0ef63f93c7a6dfa3,netstatstype
0ef69a0ebfd4dce3,lua_menu/pad_right_shoulder_button
0efdc328dfbb8539,uin_select_gunsmith_attach_gnsc_bbai
0f057c0cc6af6e28,loot_mp/operator_name_execution
0f06bd5cb2e38912,isbrplunderenabled
0f0b0021db51fa9f,mandarinorange
0f0e3f5ff3a3ad5c,tierheader
0f12aae88d7beed8,killinghit
0f13b73990a7fcb4,mode_name
0f1582d9a8326d59,store/bundle_items_included_feature
0f1cc7eb2d6f4625,xpflyoutstripebp
0f2514ffafc3abb9,back_to_main_menu_popup
0f28d2ad0cdecc51,ui.generated.widgets.ingame.reticles.reticleholobase
0f2cf248dba11a7c,lostitem
0f3482d4f833dc44,isbigmapminimap
0f38397b938d3252,reticlecrosshairjuliet
0f390833bc38b272,getonboardingweaponmoddata
0f3bbbcdb1716ce6,is8thgenerationconsole
0f3bfc5135f42d21,ui.generated.widgets.ingame.reticles.jupiter.jup_reticle_ngsw
0f3e916947ab7dc8,menu/reset_all_codcaster_keybinds_message
0f4005b865f15704,store/bundle_items_included_vehicle_camo
0f40799e946b87b2,ui.generated.widgets.globalpanelnavbutton
0f462069240a8f85,lua_menu/battle_xptoken_equipped
0f491a329ab24d9a,ret_sat_long_01_mp_rangefinder
0f496ec3a8e66065,health_bar
0f49d239ad70b101,menu/player_caps
0f5216eb1eb12580,damage_feedback_icon
0f55031b5562dd2c,onboarding/fieldupgrade_1
0f55051b5562e092,onboarding/fieldupgrade_3
0f55061b5562e245,onboarding/fieldupgrade_2
0f568f6e11de09ef,lua_menu/weapstats_accuracy
0f5de4178a265644,ui.generated.widgets.ingame.reticles.reticlecrossbow
0f6206859aaa59ac,ui.generated.widgets.ingame.reticles.javelinbuttons
0f6480208ed316a2,ui.generated.menus.options.bootbrightness
0f6834058537d69a,weapon_item_data
0f6ccca05ad2a3cf,hasseenrootlootunlocked
0f6f36999f86dc45,achievementsbutton
0f71aa61b2f34229,ui.generated.widgets.ingame.reticles.reticlelmgbase
0f73facf239d304e,ui.generated.widgets.ingame.mp.playermicdisplay
0f75bbae3f4e5c1c,upsell
0f76b072dacff9a8,cross_launch_accept_invite
0f77d659bf00c097,setinitialized
0f78be563dd26ba7,sharkskin
0f78e75ed903078c,removefavoritetab
0f78f4ca2c3a9a6c,ret_cer_loot_s3swolf
0f7a30494cee7d50,seasonaleventsleaderboard2miniwidget
0f826592ee7ca391,torsoimage
0f8a29a26ef8eaa2,store/bundle_items_included_playercard
0f8eef0efcbd03a4,ch8_season_5_launch
0f8fec44c756ef25,ret_cer_med_06_mp_alt
0f92c141eb4f0154,codaccount/tfa_error_message
0f92d7b9ba877538,indexingrid
0f93b72226ed68ad,ui_frontend_invalid_selection
0f9a5d5c2bbba271,xboxlive/view_profile
0f9c5e3422bbd2ab,fence_
0fa037733c88d930,lua_menu/reply_chat_hint
0fa117a7fa50f659,ui_ob_hmh_show_pre_race_text
0fa36f63f49f92e1,cas/not_available
0fab06066905bf16,reticlesniperhdromeo
0facc8ae76060d9d,ui.generated.widgets.ingame.mp.ingamemenutimerstatus
0faea7c931040d84,ui.generated.widgets.ingame.reticles.reticlearscopetherm01gold
0fb37871eb18b44e,ui.generated.widgets.ingame.hitmarker
0fb4a126e94f0b50,menu/corrupt_savedata_title
0fb63713cf6e3bda,classtable:classtable_cdl
0fc140db59eea13b,ui.generated.widgets.genericsliderbar
0fc2976dba934ea6,ui.generated.widgets.genericdropdownlist
0fc5a900df03e451,previous_page_index
0fc826ac43d02124,ui.generated.widgets.ingame.reticles.reticlesmgbase
0fca3a093e248d28,ui_match_over
0fcb32e28391a594,button_channel_connect
0fce51ea6b7b00cc,getcurrency
0fd6c91f24525ec5,ui_iw8_br_aar_combat_rise
0fdaebe05c16bac6,lethal_game
0fde597b5f01d21b,widgetentrywithicons
0fe20986c31a22b7,ui.generated.widgets.ingame.gunscreens.gunscreentalkingjarvis
0fe4a45d674e19bb,bindingpreviewbuttonend
0fe52c5d090de129,update_dropdown_label
0feac030cdc271de,ret_cer_med_09_mp_alt
0fee995d67565b8f,bindingpreviewbuttonesc
0fef2bc9f963145c,lua_menu/favorite_loadout_desc
0ff0e4169733f814,onboarding/blueprint_store_2
0ff0e7169733fd2d,onboarding/blueprint_store_1
0ff24fc9834034c8,outerbottombars1
0ff252c9834039e1,outerbottombars2
0ff2cdce5dbff01c,ui.generated.widgets.frontend.lobby.lobbytokensbutton
0ff2dfa6abfc68ad,ui_screen_change
0ff30c035faad16b,store/bundle_items_included_equipment
0ff4700fb5d58336,store/bundle_items_included_battlepass
0ff7c1cdfe766e0b,codaccount/tfa_btn_enroll
0ff8e27578438652,ret_cer_varizoom01_def
0ffb11fd9e2f4c62,statusfill_available
0ffd50d7035eea91,lua_menu/sort_filter_prompt
1001eb7928b3edb0,fees
1009bebd523306bd,theme_pips
100b2bedc90062cf,socialingametabs
10191cd3d32bfe1a,showhealth
10255090f2455855,restrictedattachmentlist
1037667bf5674457,killcounttext
103ddd866b4f2c25,is_complete
103edc9d8652f224,slayer
104791bdb3f5ab09,joinable
1047dae8bdad7f09,jup_reticle_ngsw
10618650eff8e4e0,onboarding/armory_3_wz
106323949deca559,cinemagraphname
1065aa9760252f74,country_flag
106710714a876ec4,attestationfailedmatchmaking
1069fdae0a80f700,overheadicon
106e19d4cdcd37a6,setelementstate
108000ab71ab9779,pre_game
10800a3f1b47556e,maintitle
1082c7da595c6c8c,ui_aar_progress_bar
1088a6633de2a1bb,match_total
108d6f593a7656c5,rightsidetooltip
1092ff5db6d521b7,ui/generated/widgets/frontend/challenges/weeklychallengebutton.lua
1096ddf48d9503ac,buttonequipped
1098e64e44f45ef9,challenge_widget_state
109967e2c6223841,ui.generated.widgets.wintoken
109a88f823a7a07f,getlethalequipment
109d855d62992240,horizontalline3
109d865d629923f3,horizontalline2
109d8a5d62992abf,horizontalline6
109d8b5d62992c72,horizontalline5
109d8c5d62992e25,horizontalline4
10a84a156d3c4c09,ret_sat_loot_s2primis_thermscope
10a8a9a2b3f7b549,reportaction
10a92249753bdab0,isweaponpreviewenabled
10b0e8ef8b1f0d88,bindingpreviewlayout
10b36098bb1d7a81,addlayer
10b3a8d182805c8a,getcategorycolor
10b662ebf4fc9414,sandstorm
10bd9b8006182a31,firetype
10c1c8b921d7ec38,showarrowleft
10c465bcece37166,ismousedrag
10c5144ad0b27d3e,fluff_number
10ca016e99ca5e47,olympus01
10d1363622d6a6d5,downwrap
10d28b69f7920694,ruby1
10d28e69f7920bad,ruby2
10dfca10ad05950a,starmedium
10e6d667913f5855,isfieldupgrade
10e88652aa58f297,finishedfirst
10e8a54cf9e19673,unselected_playlist_ids
10ea2be00f49480d,islobbyhost
10f40107771e0ebd,getonboardinggunsmithcustomsdata
10f98943e2aa44b4,social_challenge_update
10fbfde38d5e7991,vignette_opacity
1101597ea4e1b754,aar/prestige_value
11037069eaf078d9,ui_zm_current_quest_status
110ebd1c90f9b61e,weapon_build_cost
11106fceabd9ec3b,ret_cer_loot_shroudhitman
1114363650a19a3e,isusingperbullethitmarkers
11148a03646f6bcc,topbacker
111dd94498209eab,customization_bundle
1120955ab9ad7bf1,battlepasspurchasepopup
112586a3f4fb490e,infrontend
112685e36da3cc61,cash_omnvars
1128387ff0e31f2b,empty_menu_stack
112c837166253e31,breadcrumbdatasource
112d351f01f663bc,ret_sat_med_09_mp
112e2e671f51175b,set_lui_layer_keycatch
1133774135b55e5d,setdeferredupdate
113de4147bebbd59,double_tile
1141f569e5b87b5a,ret_sat_loot_s5smind_rangefinder
114454b69e12e584,inventoryvisibleemptybutton
114582c94f00e71b,showplacement
11475a42add61885,selected_mission
1148139e6be0b96f,sticklayoutpreview
114b4053d145b0e5,featurebannedunmuteotherwarning
114b7a53a8d206a3,unmutefeaturebannedselfwarning
114c5808d27cf802,ui.generated.widgets.frontend.equippednotification
114d77f49d2f249b,platform/switch_to_controller
114e9e1c912f6566,weapon_build_code
114f201f02132673,ret_sat_med_09_wc
114f371f02134d88,ret_sat_med_09_wz
115533bdd90f847d,weapondatalist
11578bae40859c5c,season6primary
11602a1f0221aaa4,ret_sat_med_09_zm
1160b7ddf7c929df,ret_sat_loot_s5gwall_thermscope
1164795f31ffc9da,mouse5pressandhold
11692696e42f33fe,aar_rank
1172b099b125f043,client_weapon
11736acf85d0624e,issocialparty
1175c45e81dda5fd,ui.generated.widgets.frontend.playerradialprogression
11788b83b4cbc24f,settingcategory
117b842a4b1d131f,briefcase_sniper
118830415009e4c4,gray600
118f23eac1dc0639,bindingpreviewbuttonleftshift
1194dce25143402c,ui.generated.menus.options.boothdrwhitepoint
119732a3aa0b80a2,shouldshoweventtitleandtag
11a01353cc20e4a5,ret_sat_long_05_mp_therm
11a5eedfee85851e,is_mastercraft
11a99c53140b8d8b,ret_sat_med_10_mp_therm
11b2c75147ced545,patch_menu/enable_mlg_rules
11b43eb6b89f502e,audition
11b6f9651e2415ff,isaongametype
11bc6ecf33d1af9d,splashfinishtitle
11beb8eafc2af1bf,social_data
11c77d61ca1a375d,selected_reason
11cf5b0a4585034e,account_and_network
11d0110058737ac7,focused_weapon_item
11d9522756e7077b,ui.generated.widgets.ingame.reticles.reticledmscopevz01_darkritual_focuschild
11dcfbfa7ce6fa83,isps5
11e0c4b382d9f2d0,gameplay_optional_param
11e3e37de220c110,packet_burst
11e8af3cb4d94476,getmessagedata
11e9d69d7f1f1ab0,is_visible
11f328e41a39aff3,rewardslam
11f7acf75e9fd103,ret_cer_loot_s3nuclear
11f8b81125700915,outsideglow
11fa750fa79669ea,bundle.name
11fd0458658b07fc,ret_sat_loot_alpine_fourx01
120659ef500f5e30,battlepass_ownership
1206aa2d75918005,classtablecustomstartertest
1206f6077cbed75d,skipbuystationpurchaseconfirmdialogue
120f9d01b48e7580,ui_keypad_press_5
120f9e01b48e7733,ui_keypad_press_4
120f9f01b48e78e6,ui_keypad_press_7
120fa001b48e7a99,ui_keypad_press_6
120fa101b48e7c4c,ui_keypad_press_1
120fa201b48e7dff,ui_keypad_press_0
120fa301b48e7fb2,ui_keypad_press_3
120fa401b48e8165,ui_keypad_press_2
120fa901b48e89e4,ui_keypad_press_9
120faa01b48e8b97,ui_keypad_press_8
12122f53c7dc6a94,backplate_image
121538531123ef0f,ui.generated.widgets.frontend.mp.cas.gunsmith.weaponstatswithdetailsshared
12176baec85ae100,is_shop_item
1217a77526e847ae,salestart
121a402b967a8d9e,hudforcereconintelrevealsplashshowsound
121ea64b683bdedb,hide_hud
12215e9869d30fa8,teamindex
1227d76c7bb45853,displaycounter
122d9e957172d9e0,discount_percent
122de8730254914e,codaccount/email_error_x
1230e315819fab00,defaultoptionvalue
1232fb24b231bca5,prestige_master_reward_focused_item
1237354394ed6511,playlistcategoryclass
123cb30057e04bd9,enableccpawarning
1240d6343ee34bc0,seaglass
1243820b4f82e5ef,has_mic
125073191daf5431,log
12525dc132456508,mpui/super_ability_hint_pc
1252d5878536b477,contextualcommand
1255526021c8224a,epicsecondary
12567781f7eda377,ret_cer_loot_knights_templar
125c661dc90e3576,showcaselayout
127283191dcc55c7,lew
12757871f72b0427,styleguidematchcontesthighlight
127d4365fe57b2eb,fieldupgradeindex
1284c1ed8997bcbe,focused_loadout_item_index
1285393f72789a05,usingeliminationsystem
1287488fe4c37c09,darkmud
12900d41a114a3e5,getwildcard
1290e1ba850daa42,alternateanimations
1293ca1a30cd33a0,copybutton
129dc35e784869a5,isusingwidgetreticle
12a2bc5228f49f48,attacker_name
12a419408d9ed500,cost_number
12af5c38ac026f55,ui_squad_spawn_combat
12b018c46d4313d5,extentlsharp
12b11c4aeef598a9,map_stats
12b6a79494b56e75,attachment_bundle
12be1abe5db8db33,mobileinfo
12c48d5b610e0013,iscoremultiplayernotbr
12c84dc3b3557c51,openwithicons
12c8ba979aeb4c3f,resetkey
12ca000dd2976ebc,bg_bristotallynormal
12d05bdac0df5f9c,league_play_bundle
12db25ad68b2e8d0,skill_name
12db38461665c0ef,ui.generated.widgets.frontend.social.channels.whisperbutton
12dc88a7d447d9c7,teambased
12dcf0973239e909,tablelookup
12e7cc612a25177a,ui.generated.widgets.ingame.gunscreens.gunscreenvaluablesdmz
12ea931c0341e60b,attributes_table
12f055e10ee9a2d9,ui.generated.widgets.ingame.reticles.reticlereflex02snoop
12fa550cd9468ea8,gettablayout
1303875607941135,crosshairpreview
1303bf05424efc0b,zm_rb_dead_light
130755f075c4d836,getchaostiername
130d7bd22b956308,popupwaitdeeplinkdialogwithcancel
1319b128fe2bd891,platecarrierlevel
1319c5f335e7baac,battlepasstabup
132a40a4e32747f3,ui.generated.widgets.ingame.gunscreens.gunscreendanteinferno
132ba0f691a87c5f,purchasecodpointspopup
132c6b537ec534a4,isarmor
132e86e2f3c70123,attestationcheckpopup
13338d78ddda2e8a,base_price
133739bfd5a7b2b1,is_you
133f64784a05a52a,customloadingmovie
13403d319ff13e03,isempjammed
13494f1e3ad08fcf,barempty
1349689c9fbbcbda,ret_sat_loot_s3demp_thermscope
1350380c1dc1ae9d,ret_sat_long_05_zm_therm
13530217e3f4247b,ui.generated.widgets.ingame.mp.javelinvision
1359ee1aba1cbb39,rightmarker4
1359ef1aba1cbcec,rightmarker3
1359f01aba1cbe9f,rightmarker2
1359f11aba1cc052,rightmarker1
135b6b329a3b58ed,amount_earned
135cd3df9dc391f6,getonboardingcdlrulesdata
1363f0ff8ecca551,lua_menu/texture_downloadcache_version_bump
13645ee31e456cf6,vehiclesfilterpopuplayout
1369e63a46fdd0ef,skipenabled
136a769bafc75754,ui.generated.menus.frontend.genericconfirmpopup
137174712069d735,orangelight
137732ba80a808d8,event_category
1377ff7e1d3f41dc,ret_cer_loot_deadop
137ec76944e7cc13,ui.generated.widgets.ingame.reticles.reticledmscopevz03centerzoomthor
137fdaa29e01a196,ischallengetabenabled
13858fae599991a1,doublexpnotificationelement
1385fd03d5ae8265,ui.generated.widgets.footer.footercursoricon
138698c4edb3a928,ui_zm_current_quest_team_members_scores
13898fc44dd6620f,periwinkle
13933746819c1761,xpscale
13952bbb8e7d893c,isspecopsgametype
13954a629aabfb08,ui.generated.widgets.frontend.cac.unlockcriteria
139dcc0628ecc004,codedarkblue
13a25fc31db8a642,saveandquit
13a3b7f9fd08176e,golddot
13a4e4db803b0f69,palette_objectives
13a62f542cf8e86e,player_name
13ad9dbbd0c45f50,getstickerdetailsdata
13b33d5bfe946f49,champagne
13b44655d0ce0772,camochallengebundle
13b47596c9abdc39,burntwood
13b5635d03f484c6,expandinstant
13b7c4f669a64b5c,fieldupgrade1
13c0571fb08e7580,up_color
13c1a83f182dd76b,ui.generated.widgets.globalpanelnavigation
13c8ed62f6a108ba,stoploopsound
13cd44d4a96c9c93,defaultimage
13d0bdb3becf6cba,bunkerbustertext
13d8bd2b211db6cc,isunlocked
13db05e01953d413,perk_greed
13db0863509199a1,gamepad_button
13dbd96c14ec1571,weapon_attachment_string
13dc255347b88b1c,gunscreentalkingwave
13dd3c9af0503e35,ui.generated.menus.globalpanelbase
13e413fb9f6d2646,text_edit_is_typing
13e6604b8991ba7f,elementlist
13e6c743a9ad37b7,position_delta
13e7195f9e2d8a2a,camo_rewards
13e74c1b1e7e3cc6,ui_bink_zoom_in
13e8388de05e3f99,reticlepgolf
13e9012ddc57050b,posteventendtime
13ebf0fc1ab3fb1c,tournament/random_map
13f1854f06afc504,lua_menu/keyboard_and_mouse
13f6f02c81ddfdfb,rarity_display_name
13f7f88579fb3955,origin_project
13fca00b50a1aa1c,perk_2
13fca10b50a1abcf,perk_3
13fca30b50a1af35,perk_1
13fdd107109da9ef,character_creator
140349ae685049c9,skiptext
140497db479af271,rewards_array
1408b56e8f1467ce,getonboardingrescuegamemode
140a2d08d5d132a9,aar_prestige
1416887ce1513d1d,button_quick_social
1417f7bdb66d228c,carousel_list
141822a88e0138ae,confirm_label
141dc3b68605cf5b,flyoutrightnarrow
14300d93bea00ba9,rewardcardcoverimages
14307b9a7a810a42,mp_menu_battle_pass_tab_reorder
14331d90bc0cd505,party_settings
143b0af8c7703411,dvarsuffix
143dee9355c0db9d,tertiary_command
143df5c438687242,ui_score_streak_three_cost
14493f0fed255ebc,iw9tacticalbuild_sentinel
144bca2dc5cf2e78,mostwantedcards
144e64827c82ee43,isstimpistol
14551fac0e5b8a26,ui.generated.widgets.ingame.reticles.reticleholorange01scifi
1455af8e55c5120d,crossplaypermissionsmissingpopup
145b054c920178e9,getfirstactivecontroller
145bd4a49725659d,unpack_value
14611f76f62de5ed,showglow
1467eb58edcf534e,setfontblendmode
146978a094c3e8d7,ret_cer_loot_christmas
146eb843eda261c3,isfirstpartybundle
14715c3663865f60,leagueplaygold
14831ff3294da7f2,spike3
148320f3294da9a5,spike2
1486c979cf1986c3,dropdown_button_selected
148ab7a790ff6ce3,playlist/solos_name
148fb2403c46bf75,reticleminireddotgotago
14980f3767574035,espresso
149b2a8f94883c9d,game_mode_icon
149c4b7172214898,virtual_keyboard_popup_active
149c57233cafa692,ret_sat_med_03_wz_fourx01
149fc972008ae526,gettime
14a0dc310a88ad62,isstoreallowed
14a66b2251482cfa,ui.generated.widgets.frontend.mp.tokenbutton
14a6daf28300e99d,operable
14acd2dbb9e6227b,applyfunction
14b0c0e0407fe7b9,rank_icon
14b23c3d1b8803fe,ui.generated.widgets.ingame.reticles.reticlepiscope01
14bea7ad686fd6f0,secondary_button_text
14c1e066698034aa,stream_http_version_change
14c3323d2f4a4b7f,out_of_bounds_countdown
14c754be85f96aa4,handlepartyheaderbutton
14c82bfa4b1c2558,onboarding/perk_1
14c82dfa4b1c28be,onboarding/perk_3
14c82efa4b1c2a71,onboarding/perk_2
14ce82ab07b3c671,friendstext
14dd88efb800264f,ultimatperkdark
14e294a5489d19db,secondary_command
14e76b24e04f59fa,cart_widget_state
14e8688ad181d32d,buttonhelperbuttonbackground
14eb8943ddb6c495,is_default_skin
14edf2e522b14087,override_ref
14f9df8ccb4d17d1,bindingpreviewbuttonhome
14fa6dfc96ea8f4d,secondarytabunfocus
14febb046d26c55f,unequipped
1500dc9fe7dd87bc,objectives_delta
1507b1435c5ebc7d,center_map
150e15926622bb08,reward_tiles
15115ef896ca26f2,party_maxsquadsize
15149d92f170d412,motor
1519fbddbeba2e90,ui.generated.widgets.ingame.reticles.reticlethermalanov94
152450f51c5b06de,isspecificomnvartrue
1525dab3c2cd38ce,themepreview
152664e5ee424a98,ui_takedown_prompt
15270d680540f6e8,is_victory
1527643c854e84e8,disclaimericontext
152a751a45e4555b,gunscreensatblackcells2
152a761a45e4570e,gunscreensatblackcells1
152a7b1a45e45f8d,gunscreensatblackcells4
152db0e0f5dc5526,classtablecustomstarterranked
152ded3298f3bc21,invlerp
152f2a7e49d9fcca,getgamemode
153108c0e5bac5ab,ret_cer_loot_s2icenlava_rangefinder
153fd749bce2f6ee,contextual_actions
1541137442863e36,button_quick_channels
1542a5b03a901ed7,focused_weapon
1544796fd193ba4c,round_end_title_color
1547e5ba819ee2ff,lightbacker
155a8dad2594a9f9,categorytype
155ec2a52f9f56ef,leavemaingamemodemenupopup
156760542ed3be7b,primaryaccent200
156e4cf0c0f397b3,wzstyleguidelightpurple
1570e1898b39b80f,grid_focus_up_not_blocked
1571e1eda8df16c4,lui_map_select_enabled
157699a97f912350,dothighlight
1579daa29110433c,mutestrategyheader
157b6e1e5a4399df,getrowboundaries
157eb323ce151404,weapon_status
157fac1c1a3caa50,labelcolor
157ff76f8720d817,showbroadcast
1592c78c817cdfbd,issystemenabled
159392f2a6bd15f4,map_mission_number
1598b848bbf17d96,reticlear02
1599626410e08d09,ui.generated.widgets.ingame.reticles.reticlereflex06elecblue
15a39e8db87203c7,post_event_celebration
15a5fbf0662924a0,buttonselected
15abc580757fad41,restricted_item_warning
15b785e7d2b3b4fc,blackcellevolvingslidecamogriditem
15b97d8cf426b333,getbundlebyref
15bcd0a23e29deab,radialprogressbuttonprompt
15bebe7a31d0c0fa,skin_image
15c2fdc2b9e448a0,codpointspurchasedtext
15c8b52a2ff6f708,premium02
15ca86a35f6f06a8,prot_player4
15ca8ba35f6f0f27,prot_player1
15ca8ca35f6f10da,prot_player2
15ca8da35f6f128d,prot_player3
15dc674d0b8b0bf9,bracketline
15dd285f09195c56,availabilitybutton
15de4b8b1ab9f5a2,setdifficulty
15de9397087973ff,sat_ui_wc_tier_icon_4_zone
15e3c50b3c48bc08,friend_max
15e3ea243d5ab1b8,memberslist
15e4b2ddb0199f33,isusingmatchprogress
15ed95a2f2602b9e,middle_text
15f560d51bfeecb7,hasacceptedinvite
15f97479a89bf304,turmeric
15f9dd63e7aebcdf,openofflinefallbackdocument
16022d0b66e8cb2e,showninmenu
160313de08955e67,itembtn_disabled
16054d6c9659b2f5,time_spent_sec
1608a4ca746ce42f,hackcomplete
1610cfe94401604b,ui_select_deny
1612f62aa35cb356,playlist_challenge_type
1618da100b832df9,loadout_info_vis
1626bb396ed640c0,lua_menu/player_has_joined_party
162d13ccf34775cc,entermessage
162e0c5290c0129e,soundbarfillslowend
162fad6a10fa9bfc,item_state
16381b16a4fb1334,isplaylistowned
163f24827b78eccb,camobink
1640f5bd71bf5f55,buttoncircle
1641152c4f8a3d7c,global_progress
1647b1f3da41b48c,ismeatshieldattacker
164cb3a4b54e70d6,metrics
164cc55a422e2b6d,isnote
16513b68498c230b,filter_mode
165b626ea000ad3a,lowfueltext
165f7ecaf5a8069e,bootup_hud
16618a5c078bd0ff,basetext
1665ac02e5d3a4e7,perkslotthreedisabled
1667732dd38f945b,ispingwheelclearpingsenabled
166e712e5b479f67,filterpopup
167158e88dd54892,ret_sat_med_03_zm_fourx01
1674f70d7d143e32,ownershipsentinel
1678b60933e99c0a,getallplayercards
1679a93c82102eea,ui_hud_emp_force_show
167bc5476889a07a,camo_categories
167c6acb99634f23,ui.generated.widgets.frontend.xpbonuslist
1683db0f31507ffe,itembtnframeglow
16880d9b92c3cfdb,quest_id
168e5c76f3201c83,leftsidedata
1693d30d6f51c8d2,armorygamemodetag
16980dd40fbcb352,training_course_current_hint_string_index
1699f72b2281d88a,bindingpreviewbuttonleftctrl
169aea6abe5ea771,battlepasspurchase
169e55549f7909c7,xpos
16a044ec8eabb074,hud_editor_config
16abec7af07e4227,challenge/deactivate_mission
16aebf5e3013b2c3,getcardchallengedesc
16c2c5b452f92a5e,m_eventhandlers
16c498fe7a8858cc,objectiveforegroundcarry
16c5babd78b61130,ui_mapshot_camera
16ced6dc643a936f,xpflyoutstripeweapon
16cf81457be258d3,operator_prestige
16cfe722396c0046,displaybestplacement
16d3df599f4d6bca,itemlistentries
16d85a674413b1f5,zm_guided
16d8e778a5bc4cf8,genericfillbar
16e16e9da3a0480b,channeltextchatentry
16e76757d10d9ae1,lui: could not allocate from luitween pool
16f0ead8e87c9554,ui_killstreak_cannot_be_used
16f2a25d7799cbff,sliderdataname
16fec3ee70da7687,globalsocialparty
1707d4dc747affad,iszombietileallowed
170c243589bfe92d,perkslottwo
170dddedb99ca8c2,usebrsquadcolors
170e6855c4628155,reticleholo04scifi
170e8515c46b1004,stringswitch
1711f4f4e0270e71,highroller
17176b4d840e0ebe,cer_season_5_mid
17199b2c0d766796,getonboardingroledata
171a6b34254f2bef,backgroundhighlight
171a7eb1f2226b78,crosshairleftzoomed
171aa7e4af430ecc,mobility_course
172151c72069b477,streakright
1723cb33ec8f6b37,player_notifications
172c2b9ec3cc671e,mutestrategylineseparator
172c588450998081,ui.generated.widgets.genericeditboxoption
172fc893771ea643,ui_zm_echo_portal_timer_vis
17326ccd42a680d0,reward_ref
17348b4ee184d35a,weapon/dismemberment_gold
1737d3ba31477af2,strawberryshortcake
1738d80f6432adf5,ui.generated.widgets.ingame.reticles.reticleminireddot03spider
174821adaf79fd0f,lua_menu/x_of_y
175749d01903ebd7,ui.generated.widgets.frontend.social.socialpartyinvitation
1757c2bcf2ad74db,teamabackground
175a718dcc739f09,getrankmaxxp
175fdc49564fdb4f,bradleyhealthback
176054cd1642496c,issingleobjectivetimerhudgametype
17628d38694a63e0,acceptinginvitewithoutcancel
176ffa02be57d1ef,isincodhq
177ec0807b0108cb,leaderboard_card_stack_unfocused
1781940b0398a3fd,contextualgauge
1781aae43d2a50ad,ui_life_kill_count
1781f78a7e17bf2a,empoff
1782d4aa30a8439b,claim_page
17839726f7e207fa,triple_tile
1783b6d7c07a8ba4,getrttimage
1786c53e1f9d0368,ui.generated.widgets.ingame.reticles.reticlecrosshairsingle
1787f05a6939d038,quest_vis
1788b65134b832b7,devname
178b11d9c3e6daa4,update_showcase
178c309997ef4ffe,unblockplayer
17a3008885bc7542,fence_group
17a9099f12dbe501,body_color
17a9f577b593341d,ui_zm_current_quest_step_progress
17adb794295dfeb0,glowcircle
17afe6eda9d53656,unlock_feed
17b240b7215c2075,has_loot_rewards
17b31aa11521ef93,palesand
17b547b9e18944a1,camorender
17b82e00606ba048,lp_koth
17ba3cb92b7d1a8c,resumemission
17c28d0e2fd034a0,redlight
17cd5c32574b1341,killdropbundles
17cd8a9007e600a3,getweaponbuildindex
17ce9545d237a7e2,player_not_inviteable_to_group
17d00ef39d56f78d,newweapon
17d2df822fc96061,moderndarkgreen
17d338bba0bcff45,script_bundle_ref
17d7b64f9c042cb8,gunscreensattraitor
17de84ddc0c2ac8f,ret_cer_loot_s2bp1_rangefinder
17debc19b4d68dce,aaringameparadecontainer
17e2de013763c309,scalestretchedelementdimensionstoimageaspectratio
17e32cc60c69e849,mission_countdown
17e72dcfc429539c,usesfakeloadout
17e7d0d78afda082,papcamolist
17f21b475d67ec8e,isinventoryweaponattachmenthighlightdisabled
17f2a7a051939b13,limitedtimetext
17f3feda7da69b6d,progress_alpha
17f8aeeeb7b08c9e,getobweaponsonboardingdata
1803bd33ae66cbd1,gobblegumpreview
1805a7af26d52424,ui_killstreak_flares_available
1808db55398ed332,isseasonchallengefriendenabled
180b8fa1258a5ae8,psogamemodewidget
180cf95a6f9f452d,babyfood
18129ff798793532,buttonescape
1813d0bd28ef44dd,lui_force_online_menus
181435a43ee4b25c,ui_multi_current_gametype
181a96c8b065a3d3,show_ispinned
181b3e201eccbd41,playerindicator
181b3e75a925e6c8,controllerremoved_popmenu
18317b2167e10d47,meterhorright
1835e40d4f6d72fc,ret_sat_loot_btrap
1839f52e314a29ca,bindingpreviewbuttonutil
183a4dd02e5010a6,icon_text
183b141cabe79ca4,carousel_cycle_image
183e936a5859d9bc,setalignment
1841db1f6ba93ba5,cart_state
184226826fc38a79,condition_func
1849af369312247a,footerbuttonbackground
184dd2bd74cd0b73,codaccount/password_error_x
184e05ba369a5db2,attachment_should_show
1859d87d56aeff5e,iw9mastery_element
185e61d0b767240e,glowpattern
185ed52791687694,hudboundsidetop
1863ec233c462c2f,presence_platform_xb4
1869f5a06636e1b8,isdeletepingmapbutton
186f655442a34541,setflagshaderintensity
1870fad46b7f7304,tinttype
187713769c915bf6,status_pips
1880a9d255029545,tile_logo
1881ea64f1221e76,background_underlay_color
18830feef8226b2a,parents
18867a5da90004d6,displayteamplunderdisabled
1898d7ae9d34440e,getnotificationtitle
18a25faa2525b6fb,refresh_on_action
18a3b508651f2543,ingamesporfrontendmp
18a9ba82523360f1,skybreakinnerring
18ae6c2b2d0eba1a,iskillstreakconfirmedgametype
18af106c8d3eb2da,unequip
18b05eb9a4da347f,ui.generated.widgets.ingame.reticles.jupiter.jup_reticle_reflex09_base
18b9aeb3ff01b239,newitemtab
18bb362957d17c03,reserve_count
18ca08004381c9f3,animatename
18e10df87c13050b,musical_zones_state
18e17b38db865887,enemydown
18e3256bcdfb50aa,slash
18e4f6825c8e6891,settextfromdatasource
18e597198374bda7,jup_reticle_reflex09_base
18e5dc91c70d6f48,ui_zm_zm_minj_progress
18e67a62c442feea,careerstatname
18eb4b4153dc7daf,gray700
18efa76deb02adf9,delaytimer
18f10c63e9b7ef6e,ret_cer_med_09_mp
18f17fef641f5b93,isdomortwotwogulagenabled
18f23bcdba8264e7,deathsnumber
18f272128e8cee9a,ui.generated.widgets.doublexp.doublexpnotifications
18f4b64a66c46f74,old_price
18f5828fb83f8eae,homogeneous
18f76214cb1b2c2d,viewmodelfactory
18feee440fcdcd4b,ui.generated.widgets.ingame.reticles.iw9.reticlepgolf
1900bd3d6efc1244,camo_buttons_list
19050a63e9c89512,ret_cer_med_09_wz
1907426f910e6d0f,hollywoodcerise
19090efb8c819c38,loot_type_icon
190b1fa96032b9dd,forcenotify
190ed8c8837cf212,ui_open_loadout_bag
190fb03db59c6b12,favorite_items
19139d9eab98ef08,jackal_boost_warning
19144c34031f80bf,is_mic_enabled
191498655a0b00c2,ultraviolet
1915ec97c245997a,globalpaneloptionssearch
19161963e9d721c2,ret_cer_med_09_zm
1918da77320dd7cc,textoverdisabled
1918ecee489823bd,ui_potg_popup
192a2ada500b0862,applycolorbutton
192ac1f338b0e19b,raritysecondarycolor
192ac4fdc8a44d8f,challengeref
193359b3bd1a861c,closebuttoncontracted
1936ee6d4a341687,ui.generated.widgets.ingame.reticles.jupiter.jup_reticlerussian01
1936ef6d4a34183a,ui.generated.widgets.ingame.reticles.jupiter.jup_reticlerussian02
193ecd30344ea905,loadingmovie
19412b04ce792e1a,newnotification
194cdf3b4590689c,rightglow
19548a38908fd697,is_challenge
195a09917d0772f8,event_leaderboard_data
195b08f419a1ffc2,backpackgroup
1964ed38a84adbb7,hasinitializednextbuildarray
1967e49d8fba8ce0,brdangercirclechasemeterwrapper
19694388d6dac134,setprofiledata
196a913582304339,notification_event_item
196d16395479af4a,ftueheadertextcolor
196de22bce42d400,eventbackgrounds
197b78fde7368df8,purchase_menu
197cef973701a9da,valmostblack
197e61532c2c01a0,equip_button
1983df3995954ace,cheddaryellow
198a260a49cc3106,middlelabel
198cee0ab8c36f2e,rfoff
19925cac6d281230,colorblindprotanopia40
19925dac6d2813e3,colorblindprotanopia41
19925eac6d281596,colorblindprotanopia42
19925fac6d281749,colorblindprotanopia43
199260ac6d2818fc,colorblindprotanopia44
199261ac6d281aaf,colorblindprotanopia45
19967f9a309dfbc9,isheartbeatsensor
19994c090cbcaf6c,reticlecrosshairrpg
199b360508af8f8b,emperor
199c5e7da1a99d3a,setcontextualmenubounds
199ea86b7b3c5ca9,reticlesmgbase
199f30d6a8e8a8ec,hideequippeditems
199f9e0dc4e8d3b6,ret_sat_short_01_zm_holorange
19a1645ff1b5a654,jup_icon_mode_mp_team_gunfight
19a371ac6d36a912,colorblindprotanopia19
19a372ac6d36aac5,colorblindprotanopia18
19a373ac6d36ac78,colorblindprotanopia17
19a375ac6d36afde,colorblindprotanopia15
19a376ac6d36b191,colorblindprotanopia14
19a377ac6d36b344,colorblindprotanopia13
19a378ac6d36b4f7,colorblindprotanopia12
19a379ac6d36b6aa,colorblindprotanopia11
19a37aac6d36b85d,colorblindprotanopia10
19a6deac6d399820,colorblindprotanopia22
19a6dfac6d3999d3,colorblindprotanopia23
19a6e0ac6d399b86,colorblindprotanopia20
19a6e1ac6d399d39,colorblindprotanopia21
19a6e2ac6d399eec,colorblindprotanopia26
19a6e3ac6d39a09f,colorblindprotanopia27
19a6e4ac6d39a252,colorblindprotanopia24
19a6e5ac6d39a405,colorblindprotanopia25
19a6e8ac6d39a91e,colorblindprotanopia28
19a6e9ac6d39aad1,colorblindprotanopia29
19aa277f2546d395,getrank
19aa61ac6d3cac90,colorblindprotanopia35
19aa62ac6d3cae43,colorblindprotanopia34
19aa63ac6d3caff6,colorblindprotanopia37
19aa64ac6d3cb1a9,colorblindprotanopia36
19aa66ac6d3cb50f,colorblindprotanopia30
19aa67ac6d3cb6c2,colorblindprotanopia33
19aa68ac6d3cb875,colorblindprotanopia32
19aa6dac6d3cc0f4,colorblindprotanopia39
19aa6eac6d3cc2a7,colorblindprotanopia38
19ae4e8e1be17560,getstatedata
19b93e6abbf3926f,divisions
19b9af5cb892bf1d,weaponbaseeditstate
19bb2338897632bd,ui.generated.widgets.frontend.betacountdown
19c08cffc7ba2022,ret_cer_long_01_wz
19c3d6346ced6ec0,archive_replay_speedup
19ca7c9954b14e15,lowfirst
19cd155abecabadf,ret_cer_loot_s4infrared_alt
19cd85fc8fe32f0b,is_default_item
19cfc58ad5d72242,labelgray
19d17bffc7c87672,ret_cer_long_01_zm
19d4d78d23963454,in_flux
19dabf2782999e22,visual_data
19dc719af9df9271,equipped_title
19dd5167c6d720f1,issteamgame
19de047a84f358e5,styleguidematchcontest
19e18bc8f5961955,getevent
19e18f84c594b373,gesturepinchzoom
19e57b2179081aaf,debugdisplaychallenge
19e788dca33d9473,masteryunlockstring
19e9e60a79c187f5,missionwin
19ecc0334376763b,isspecificintegeromnvarequalto
19edd2969243a217,ui_sec_weapon_pap_level_zm
19f457accf08a15d,equipmentindex
19f7d5efaf2875ea,store_menu_name
19f99618c41c660b,navigationalapplyinstructions
19fcaeaa386b36b4,lua_menu/cdl_rules_effect
1a015ab5cd4111a8,pressandhold
1a01811b11778f85,isintercept
1a02a81921c5ed9b,ops
1a05a8d800429a3e,team600
1a0f090aeec9c553,setluiinuse
1a15eb4cb39ebf54,togglemute
1a188effc804995e,ret_cer_long_01_mp
1a1ede2d384caeec,bindingpreviewactionssection
1a2283fe0cfd9d4c,win_challenge_button_update
1a28354dd97a4bb3,getmapinfobundle
1a2ac256d1d7424e,sp_inventory
1a3336c819bcd19a,onboarding/classified_challenges_desc
1a38228dc796493e,setvideo
1a416ec6fc6cc59c,tier_item_secondary
1a41a773137f41b6,getonboardingintelmissionchallengesdata
1a42139b70eee5aa,visible_items_count
1a4f9832a728fc6e,arenaorangedark
1a59eb79708c273b,show_warning_text
1a5d7abd741e59d2,lua_menu/chat_error_not_in_match
1a5f7a6b10ff96e0,armoryactiveitemdetails
1a63c7cbf8ad0401,ability_elite
1a68730f6770b5f7,ui_secondary_weapon_rarity
1a6b3709ae3eabe8,hasselfrevive
1a6d1384bc046693,getonboardingvehiclecamosdata
1a6ed46d73630472,ui_zm_current_quest_show_placement_splash
1a6efa2010ace354,icon_notify
1a764dfbdbce7389,lui_splitscreen_enabled
1a7a33f9213aef00,setuseweaponoffsetanim
1a7d46f113023055,percentage
1a82097d82846d91,ui.generated.widgets.navigationarrow
1a829a2b1f8458de,bundlediscount
1a838fc620f1c530,achieved
1a87be7d2ca22f66,attachment_setup
1a8e2548da30fd2a,notification_queue
1a92cc110f5ece57,getfiltervalues
1a949f9a0d7bdfc7,ui.generated.widgets.ingame.reticles.pentagram
1a955fe5bc71a78a,streakleft
1a9701d43bf61009,system_clock
1aa418c224b18703,ddldata
1aa9c45c0f9ef371,button
1aad59b5bb5eb9fe,unlockedinprivate
1ab07bb33ed0fc95,buttonprimary
1ab1a046b0eaa780,customcolorslider
1ab8606a3fc5f0cf,loading_global
1abb480aa84cb9eb,mutestrategymuteall
1abb5b167de4aa09,getemblemimagefromlootid
1abb676e75f207b4,primaryicon
1abbfd30ecdd574f,customalternateanimations
1abd0c07d5abe369,best_placement_string
1abdd05c0fafb0df,butter
1abf9cd0b63bcb25,fullbodyimage
1ac9e3ee645d2747,rawonrefresh
1acbe87ad67294c7,socialreportplayerprofileheader
1ace5905ff11b354,tabhighlight
1acf1eed2ba4ce65,ingameandbr
1ad27424dff1997a,unlockcriteriachallenges
1ad73efe816c1a3b,ret_sat_loot_chickenlover_element
1ae0a531521ab5e6,rankicon
1ae93df5076cff8a,isprivatepartytoobigforcurrentplaylist
1aeb7113e4bb2ace,staleblood
1aebf2953983f321,ui_show_9bang_submunition_count
1aef4d12407e3402,weapontokenlist
1af2dce56c8fbd72,partymembers
1af60cce44f25a9a,settingsonly
1af81ab501b83f1a,gunsmith_command
1af8ac57ccd1e15e,iw9outerglow
1b092933d6d92803,deeplink
1b0af1e5077cb5c3,bylootid
1b0eab6bda4caadb,textglow
1b1012129c3214a7,ui.generated.widgets.buttons.mousebuttonarea
1b126521346192d9,warning_string
1b163e88019bf6dd,daily_challenges
1b17e8fce13e805a,initready
1b249afeff37b057,no_atvi_account
1b24ba52ada38fc1,iscodballgamemode
1b26c133a4eba3fa,rusticred
1b2d0e867db30ec1,isbutton
1b32599c42ac5014,mwgreen
1b37c69920265370,ui.generated.widgets.genericexpander
1b386238d3266fb3,aarfrontend
1b4282231cad4668,spplay
1b42c7397fa45d84,lobbystate
1b44c36c7061b277,kit_count
1b45ecacecbe220d,timetoshoweffect
1b48d33497cb277d,focused_item_streak_skin
1b4f40d9d4e6fd29,getplundertutorialdata
1b507f9ece5ff941,codcaster_spectate_next_player
1b5d567a67231b0d,weapon_prestige_rewards_list
1b5faf8f1b225f69,stat_value
1b6423ce3b3ec7fb,combatdetailswrapperwrapper
1b65d06962b108e9,getisgunnyrecommendedweapon
1b66eac92713595a,editlayoutselector
1b68cdfad9bc7d7e,popup_end_game
1b6c478614c40907,usepergametypelobby
1b6cba1684271fcb,sangre
1b6dd34ec80d7076,getteaminfo
1b74197e22f9a78a,menu/resolution_auto
1b788b7b08dc99b7,alwaysfalse
1b798011574d1c53,getsupportcost
1b799dc9763ac40e,ui.generated.widgets.frontend.challengeplaylistcontainer
1b79dba76ab96c90,arrowhead
1b80dceefb15f2d4,iw9limitedtimetext
1b80fe54de8294af,losefocusbyelement
1b843bdd1b46759e,time/day_minimal
1b8b78c4d73a249d,ui_hide_objectives
1b8d2996f2785627,lockedmask
1b8e78e30773b254,lobbyengagementwizardbackgrounds
1b9b1d32abab5832,isbrleagueplay
1b9ce9babb324fab,secondary_store
1b9fb07fad927a66,mission_display_name
1b9fef3b2a4b5b1c,getperkimage
1ba78406ec149812,left_percent
1bb06bffbb12c1bf,getfactionmissiontable
1bb5423e439ce8c7,reward_data
1bb56357aae06814,youtag
1bba3a86280d45eb,skin_index
1bbd69958b4499d2,selected_reward_icon
1bc295826a5a3040,shouldshowprogress
1bc4bb5ed5c5490c,bioforest
1bc958f4eb4bab2f,keyboard_navigation
1bccc3b394a6414d,celtic
1bcd2c23bb592f1b,ui_hilite
1bce0b60a350ade7,isbrplayeroncontract
1bd4238fab687c77,isbillboardmode
1bd43a3f45806af0,isentitlementondisk
1bdb1e1bbfc7a99d,enemyteam500
1bdb9c361114391e,distributeelementsevenlywithincontainer
1bdbc28e137f34f3,killstreak_countdown
1bde00029678ead0,perk_select_buttons_focused_item
1bdf47946939e069,button_height
1be5345d3926d620,isnetworkconnected
1bea7e290d959e21,perk_select_buttons_list
1becbe90beaee1c7,honeypot
1bef52dbd5d8bd1a,zombieaugmentlist
1bf1b522936bc736,spectatordark
1bf884eb25ad3b97,unlockfeeditemcontent
1bfb9f773e2f77a0,cputime
1c02873fecdd71e1,attachmentskin
1c0364f6e8cdcdfd,color_override
1c036b51977eb4f4,description_vis
1c04a757e6b4616f,gobblegumscategoryname
1c0b717471a6b83c,isspecificintegeromnvarlessthan
1c16ef5e3d98b7e1,isprivatepartyleader
1c1a809eb160d5a6,hasparachute
1c1f03e6dceb351e,focused_tab
1c1f3f38ab926092,isinaar
1c21197b0d974508,kbmunbound
1c266b5b41504c2c,sethandletouchinput
1c27ca7c7053f759,getearntype
1c292933380f907c,showtogglebutton
1c313f9fd3f6e9ef,talkerslayout
1c3625b20ac69fc0,leftgradient
1c399ece3ec1af0c,mobiletextchattextseparator
1c3df383e1fd9451,bonusimage
1c489a799409fe8c,closewideaspect
1c58f7c9649c74c0,total_ammo
1c6061893dd1a3e4,ui_lem_catalogtimeoutprogress
1c61ae501a332154,ui_reviving
1c61d7f90681757e,getvariantdetails
1c6791bd49f81740,crosslaunchtostorepopup
1c69194a03b207aa,seasonaleventlobbycommonpanel
1c69e548f5417ec8,acceptinvite_warning_for_crosslaunch_leaving_party_and_game
1c708cfc21efa12c,reticlesnprmike4illu
1c740437350913fb,ret_sat_loot_s5cybercam
1c753bed555a2bc0,ret_cer_long_01_mp_rangefinder
1c76a6d3f4d50e8a,upscalingvalue
1c7c58ff3be16764,fontstyle_xlheaderbold
1c7fd8c798b65264,ispinrequested
1c80b9177b14fe0d,iszoominmapbutton
1c828eac77b06b7f,blackcelllogo
1c82acc9aabfa75e,hitmarkerquadwrapper
1c84390d304f4f42,roster
1c84d97951ac5bab,ui_loadouteconomymanager_currentmoney
1c85cc9225388d0f,ui.generated.widgets.frontend.rowquickselectbutton
1c8e46d3a5089185,grid_focus_up_blocked
1c952f5b1501f68b,bottommeter
1c9619b732feb941,xp_reward
1c98602cd27da822,shiraz
1c9eacf1939ee1df,flyinleftnarrow
1ca1adfccce6c447,drop_all_or_drop_ammo
1ca1bbb6f726be4c,jackal_hud_ads_on
1cab4ce853373568,maxsize
1cae23d2a3b6d24a,partysettings
1cbab9fbfb885b21,scrollbarsliderarea
1cc21961fab0ee34,lua_menu/public_match_caps
1cca7b5432a65766,primaryaccent100
1ccee1d0a2afc4fb,webview_purchase_bundle
1cd1558c643a4680,is_spectating_omnvar_or_player
1cdaf25443acf940,isreinforcegametype
1cdbd6f58b8c6249,pagedbattlepasstokenbankbacking
1ce1e9907350b93a,subgametype
1ce5d2ebd6104381,accessoryright
1cee73f520eb3a6a,points_icon
1cf4d74b04a18840,recents_list
1cf77fe31d18d1ad,hudshowmissiontracker
1cff7c888a75952f,buttondpadleftprompt
1d00414d2be4df7e,squad_index
1d01839799f6f997,in_infil
1d098816303b6bae,streakon
1d0c814d8b0d194f,isnotplunderandisnotriskgametype
1d0d3fddd500202b,ui_lem_catalogtimeoutmatchstarted
1d1b0898f1aff160,onboarding/elder_1
1d1b0a98f1aff4c6,onboarding/elder_3
1d1b0b98f1aff679,onboarding/elder_2
1d1f7ca98dfb5cd5,basemain
1d2ec6db277d163a,rewards_title
1d2fb4498050712c,altimeter
1d320b52676991df,buildtree
1d33368d1c38ea1a,uin_hilite_killstreak
1d39e0ed1254b5ea,activityprimary
1d3a52255956d5cc,focused_icon_item
1d3aead0cd6145a6,mp_frontend_only/estimated_wait
1d3ca36e7446e699,unlockedby
1d3d76ecd8842aba,fillgame
1d5678385401279a,largemap
1d5a3852d854f31d,championships
1d5da12a89e90bcb,rangefinderdistancelocked
1d67c032fb82fc5b,invitationicon
1d689b20661c4e3a,ui.generated.widgets.ingame.gameplaystats
1d6a019f950789e2,useglplaymenu
1d6a6339dd1f1c5f,memberbackground
1d730817871c4e71,is_friendly
1d757eab59f850ff,has_progress
1d7a7e1aeba9a7b6,buttonupactive
1d8171fd67186be3,modularwarningpopup
1d8174a28dcc0671,centerbase
1d87ba9fbffa896a,update_path
1d883daf8d621c80,ui_warning
1d89d26259f1ed0b,thininnervert1copy0
1d92104f1b8b0bc3,openfiringrange
1d92abcaf32d773b,aarmasterychallengecompleteheader
1d95325413482fca,setfont
1d959b1ddf21723e,airspacefull
1da039e595ac7a16,direct_purchase
1da6c17ce0a8c29c,keycolordarknormal
1db2d80309596f97,superscriptbundle
1db3480b2c3dabe2,generic_error_popup
1db59c3ec84583c4,player_stats
1dc1f0255334e706,checkicon
1dcba9c4f8f604b5,ccborder
1dd2317887e072cd,enablecontracts
1dd3ea5c0d5b393a,ismapname
1dd4ddaa575af306,equipmentskinselect
1dd7c8822ee224d2,coopcampaign
1ddc4c4dd422f209,transfrom
1ddffb3ce8d08f72,showchallengestracker
1de1094d91ce9f94,starttimer
1de1c8f207c65083,post_restart
1de3d1dded6ea0d8,registration
1de5adc888ae809f,lootlist
1dea9c3661168c92,owned_count
1deb8d3588673e9a,connectionstate
1deba031d398d44d,power_alpha
1dec64a03b3eaed1,slot_name
1dee222ac0d51021,relatedsettingslist
1df85bcff4598b48,is_slot_in_use
1df8da2081c6041a,ui.generated.widgets.ingame.reticles.reticle04greendot
1dfa708831c514df,ultralight
1e048e22c410c2cc,temperedarmor
1e095b423ca318f6,ret_cer_loot_s2carnival
1e0b0162f8f6383f,is_variant
1e105a7aac7404b7,weapon_blueprints_list
1e1177cf295d7bc6,broadcast_deleted
1e151c8d693a553b,netstats
1e1d4d19bdd6bc4c,gettogglestate
1e1f4ef99f3686ca,lui_ingame_play_again_choice
1e243cab258c4691,getprogressstring
1e251162327101cb,lightyellow
1e25f6e68bf150e8,textchatentrieslist
1e287632424431aa,ret_sat_loot_hallucin_thermscope
1e297664f4f6ed11,redirecttoresurgence
1e2cab426eada0b3,isweaponkillstreak
1e309b9b1a592012,freecam
1e3cb005036e0c0f,setdvarstring
1e41194df954c7ae,setactiveitem
1e4d43b6e6ac50a2,roundedmask
1e4dcabb23b78e0b,is_expanded
1e526c35fbaab159,listbundle
1e64066023cc1133,steeltext
1e6602d05bffb7ac,ui.generated.widgets.telemetrycontainer
1e6ac9e6f9bf3837,itemtypevalue
1e72784136caa999,ch8_alpha
1e7562861c1c0b6a,inparty
1e7e51d5494f95c4,clearbreadcrumbs
1e856ec367f2d6b7,freshmango
1e8765e32d54f205,focused_operator_image
1e91896531cbe70c,reticlesniper
1e982dfa88c83086,not_enough_space
1ea282ae9d650bdd,lua_menu/pad_l3_button
1ea4d89109712503,perk_end
1eacec919c6dd1e4,currentstatus
1eae758605bdada3,socialpartyid
1eb2505aed153ad4,golddotstreak
1eb6341d9fe87330,lua_menu/player_has_left_party
1eba3694c4f1f8aa,mike32
1eba73dbea750470,paranormaldirectional
1ebbae8f5810b65b,input
1ec19d230addddbb,invitechannel
1ec27bc2efe396cb,stickerbookchallengeslist
1ec48057674e4970,focused_item_attachment
1ecb0d546478fb8e,text_chat_disabled
1ecc2c7d6b4100d6,pulsestop
1ed115e59304677f,objectiveforegroundpoi
1ed2df161a0240e4,crosslaunchdatalist
1ed7746f66f16ad0,loadouteditstate
1ee496a991ab09ed,canleaveprivateparty
1eeb951744caf24f,has_disconnected
1ef35756854884da,primarytext
1ef4fd5b024817cc,focused_highlighted
1ef99c998a12587a,type_index
1efa1738e096a743,setangles
1eff1b8d13035fd5,scraprarity
1f0625c5175a6969,showpresence
1f077da39a688e72,gunscreensatswiss
1f0bee00275455e6,name_full
1f0cbad6ef34c550,ui.generated.widgets.ingame.reticles.whitedot
1f10585263c2e697,aquamarine
1f168148c24f8fd5,ui.generated.widgets.ingame.reticles.reddotmagnifiedhybridgreen
1f18f94115bb9f0d,displaylevel
1f1bd29fb1e55774,brviptextgray
1f276b6b0ee08d30,stat_type
1f2a6145ec28b6af,ui.generated.widgets.options.audiotestspeakerssetup
1f2e418da6a50764,progressionvalueoverridestring
1f2e993299a3810a,ui.generated.widgets.ingame.gameplaycomparevaluestats
1f2fb41cea22b522,orthogonal
1f39123918bd5cb5,notificationtext
1f3b578eef7d6c6e,vosoundref
1f4c44725c3813b1,release_timestamp
1f5557894275a927,swatch_image
1f57cd4e0572fe2b,placementmatchesremaining
1f58217ddc880442,trit_you
1f5e778ce99bc326,rangefinderdistanceunitszoomed
1f62aa4ac914e665,patternmask
1f639a740b04c24f,getperkbundle
1f6451a2cea1ee6a,mana
1f654b878402c65c,clearsavedataerrors
1f65bde12dc5b70b,storegobblegums
1f664a13266ced31,fonticon
1f6ae636c1ebd52c,dividerline
1f6fc3f6c91c4bc2,scoreboard_rank
1f6ffadc6b314c94,ui.generated.widgets.ingame.gunscreens.gunscreentalkingdog
1f7c5089c6fe4225,arenagreenlight
1f7e0c5345fe5b14,by_progression
1f84e082f971f3c4,tabtype
1f869fe4504d195a,raritytostring
1f88207c4b818b19,getobintroonboardingdata
1f8e0144d963993a,isvoteno
1f94455e23b28b39,shouldshowchallenges
1f9fa80c982be8b8,mp_frontend_only/store_unavailable
1fb2e95f425a212e,documentcache
1fb3485bbbb7bc6b,getstickers
1fb78d9e3b69fffb,isstackable
1fb7b801af7408eb,vignette_color
1fbc8f2b34c06713,wz_leagueplay_loadouts_enabled
1fc07b28fe8bea48,memberframe
1fd1514a43ec56e8,ui.generated.widgets.globalpanelsubheader
1fd291fa14b582cf,gotobundles
1fde90d58b362c5f,ui.generated.menus.fullscreenpopupframe
1fe3676c7334fafd,ui.generated.widgets.frontend.globalpaneleventbutton
1fe8352dd46d71b6,tracerroundsname
1fea4a56af6d22f3,description_opacity
1fedf4dffed4dad0,is_zone
1ff201814a184b69,ui_iw8_plunder_1stplace
1ff40904669346f0,carousel_tile
1ff5cd24e64741b7,frameratelimit
1ff67fcd65b799e4,showessencecurrencyinsquadwidget
20049eee1911cc48,genericprompt
2004a6198b6d8b4b,segmentbase
2007c0dd99064dd3,classic
20083ba212dfd8d9,respawn_time
200acdd606183042,presence_platform_android
200b683c98b9b2a3,is_equipped
201254789a07b892,highlightglow
2014c4d0f7a4ffae,defaultmovie
201c6c7f044453b4,perkisrestricted
201d469fb46889b1,exitbutton
2023a0573d7986d2,autoclose
2026108a0b1ebd68,language
202815a74208ebbb,exitprompt
2029b5003eff662e,silentidletransmission
20333e30aed56e52,sub_function
203703fbd9e9eaa2,armorhealth
203d2d6166e2727a,bundlelogo
203f22219262db87,storetileid
2041b4e87097c3ef,highgame
20420ad080e2ff19,getmaxhealth
204327f95229da65,interactiveobjectpopupwrapper
20434c0ce3426a24,player_team
2053f503351531b1,lightbrown
205bda2aed06849f,getrarityname
205fcece345efe68,ui.generated.widgets.genericpopupframe
20653b4daffffad6,setuphudbounds
206880e833927442,shadercachedialog
206aff59bd40e772,current_layout_index
207123db13028054,disabledoption
207a33a90ce7a823,ui.generated.widgets.ingame.reticles.extrareticles.reticleoutercirclesbeta
207a61f8596a3808,playerxp
208031bbc7ecefc1,placement_tier
2081a8c8adf58266,bundlebg
2084b0bd5b837f1d,setfavoriteloadout
208bc23f003bf744,permanent_unlock_token
208d5a452eff41ef,isplayagainallowed
208eb9c9035ac72c,ui.generated.widgets.options.generickeybindoption
209049c6ecdccd6a,isdataheistpubliceventenabled
20948b9a714593c7,update_lobby_count
2095af8d24e168ef,language_select/confirm_change
209ca6fd529f0e99,tacmapborder
209f65c5ae1295a6,supermeterfilldim
20a162d22888d130,allowgifting
20a8aef5e9c2e1e9,productnolongeravailableerrorpopup
20a9f7097d92093f,diamondpink
20adb458a81a67ea,islastinputgamepad
20b01faaac3c7f52,isteamgunfightgametype
20b4b07586ad5f9d,prestige_level
20b5bba94f17c19d,enemy_rounds
20bd5ef171527b9c,lui_skip_boot_flow
20bf6883e49e9f97,firingrange
20ccad0bbefd5554,ret_sat_loot_s1commevent_thermscope
20cdc2bc61b339de,codcasterwhite
20da204de781a739,tabnavigationdelaylength
20dcb8496873f164,categoryid
20e1313cde58818d,weapon_progression
20e3b0ad98476b08,mod_slot
20e4f9d6f8c8c73b,battlepasstabover
20ea8ea9880a7438,bindingpreviewbuttontilde
20eaa3874fbce0de,lua_menu/whisper_chat_hint
20f7c4b53294c351,zoom_min
20fb205381cdb07d,current_round
21067f1ea42476be,canuseammomod
2108c5fa491221d2,snowflurry
210f772f289fdd16,imagexlarge2x1
2112d6b532aba99f,zoom_max
211589601e3fb2bf,ease
211c401bc2a0488b,ampchallenges
211c97a6fd7eb7c7,eventlist
21228bb1e80c15df,startmap
212b011714b2c067,ret_cer_loot_s6ghost
212cbdc8a3c0777f,streamevent
2133628fcd34d54d,seasons/season_6
21348c138b3cb793,execdev
213497e2f3d467d7,unlockfeeditemheader
2136f7068543537d,current_gametype
21371a50bb1770cc,ui.generated.widgets.frontend.preloadingshadersinfos
21382d8728643fcf,targettext
213df47bf054e721,ui_victory_defeat_popup
2140b62bf2e4a62a,hubpanel
21440545d5b851d2,radiation_meter
2144aca62625df32,button_callout
214850e8d778b9ab,defaultrankprogress
214aad039fe05796,image1copy19
214aae039fe05949,image1copy18
214ab3039fe061c8,image1copy13
214ab4039fe0637b,image1copy12
214ab5039fe0652e,image1copy11
214ab6039fe066e1,image1copy10
214bce53ee1b867c,focused_base_weapon_index
214e3a039fe37d04,image1copy22
214e3b039fe37eb7,image1copy23
214e3c039fe3806a,image1copy20
214e3d039fe3821d,image1copy21
2150829154d3c203,onboarding/tutorial_plunder_3_header
2151a1039fe661e0,image1copy31
2151a2039fe66393,image1copy30
2151a4039fe666f9,image1copy32
2157d06f103f6da2,inputcontext
215a1cc29f66972f,arecdlrulesactive
215ad619258e9f4a,not
215b83a57bd40246,overkilldefaultprimaryweapon
215e643e45dd75bd,isbrleagueplaylfpenabled
21623b3ba038d02f,baseatlas
21626fb0e681e6a5,sourceid
216afe3093e66ad1,selected_motd
216fedfc587db548,iskbmactiveinputmethodforprompts
2172b4a4ef2b71d0,update_seasonal_event_timer
21818a3aced8ce4d,hellishred
2181c18c335de943,beginduckaudio
2184db4cd065cee8,isscrollbarexpandleft
21881c81a1318d6f,isbrleagueplayingame
218a1dcda7a546ea,ui_iw8_aar_operator_complete_reveal
218f08ba671c253e,fultonprogress
21904a9d3cfef337,warningdark
2190523bddd7eb2b,genericbuttonwithcolorpreview
2190b17448b65613,getexfilmovie
21966345dfbefcdc,ui.generated.widgets.ingame.gunscreens.gunscreengolddigitalclock
2197deb8742f1f32,systemmessagetextchatentry
219dd20aa2fc867c,ismulticolored
21a12d02f06a3daa,ret_sat_loot_s5cybercam_thermscope
21a35c9900695732,situational
21ab018ddffb593b,unmuteallicon
21acdccc5c570969,styleguiderarityrare
21ada9c6b79a7f2a,pointsaardata
21b94156eab96c39,unlockcriteriabase
21c0204dbbc3b668,themesenabled
21ccc5bbaa912438,reticlenotchedcircledotred
21d6b938b085aeb8,ui.generated.widgets.ingame.gunscreens.gunscreensloth
21d99e9c18b1b47f,setprestigeicon
21e4ca0c7cbd8fbb,restartcurrenttutorial
21e856843c6e0eca,shoulders
21eee03b43422045,platinumbody
220270c6355f55d7,numblueprints
2202c5df7d54ad2a,getzombiefieldupgrades
220b9249c05c0154,getmissionname
221014e9f62b3c9a,ui_store_cards_flip_last
2217832426a31d90,buttontogglesidenavigation
221a6ed3e42a52be,streak_buttons_list
221dffc54e65962c,equipcallingcardcommand
22289d2625838f94,freetrialcountdown
2234a19de5f09e17,isfrandingame
223b684049503950,aename
223e2651fd99b35c,refreshcontextualmenu
2240f134d44382cd,blueprintskincategoryselect
224181db56bd4f90,aborted
22426d5b89cb9611,ability_stealth
224531283ba5fba8,fieldsmoke
2246dbc08f3882cc,new_item_ids
224a89d375395067,jade2
224a8ad37539521a,jade1
224e4b44253bbd57,atomicred
224e67793ba29013,brplay
2252c33ff6750b3f,isescortgametype
225d5036abfe6201,_sequencecallbacks
225ea2aadec06da7,ui_tac_ops_map_open
22605113d53a72d9,musical
226419b69d70c13a,ui_killstreak_zoom_fov
2267777071b51519,seasonaleventsleaderboard2overlay
22696a34c8448e97,stopflashing
226cfa0bff801bfd,executionselect
226d6137eec04671,rewarditem
2274bbb01aac79c4,show_tags
2276dedc400ac139,getgamemodescriptbundle
227e32206626caa0,sa_ui_log_open_01
228036c35a4eeed9,challenge.gamemode
228a5b1fb670dee1,locked_attachment_count
228d61903ee7fdb2,current_weapon_display_level_max
228e05c81f865ce9,prestige_level_color
228e5d9512a3a894,isiw9weapon
2292dd32fed2d7f8,lastseenchildchallengeprogression
229378b80bb84a2e,featuredbundlesbackgroundframeimage
2296564f7c28c6b0,audio_test_completed
22967d3685ec84cc,secondary_description
2297769ec1d8c53a,operator_faction
229d43f87c62b78c,br_daisy
22a4c83bba749d64,weaponcustomize
22a857443f9ab6e6,isitemavailableinbundle
22ac74bd1f826dbc,games
22b0a27c374c3eaf,iszmgrief
22b36ccf498f2c41,getcurrencyid
22b530075fe2dc89,ui_round_end_extra_message
22b714c14f235b12,getvariantdescription
22bbd6ef62b01d17,clientplatformfamilytoaccounttype
22bd5094ca02886c,gunscreentalkingjarvis
22c0c0aa65822c64,ui.generated.widgets.frontend.menutitletext
22c57b4813ac1411,linesidetick
22c72ad9799595c2,isgunsmithreceiverbuttonenabled
22c7480030094c17,ret_cer_long_01_zm_therm
22c7d8e1ad3ca804,servicerefreshtimer
22cfc6472106462a,delete_ping_map
22e33a180469635d,getcallingcardchallenges
22e9a1140a06876d,ui.generated.widgets.ingame.reticles.reticlehybrid03vdaycounter
22ea7297330c3f8a,killstreak:
22ed8856dae8c527,teamname
22f3a7dfe0cc4b39,dummysticklayoutpreview
22f6e1907ad4ada7,cas/default_weapon_category
22f7ea1ecb0a8598,ui_veh_occupant_faction
22f8e922743a0d35,ret_cer_loot_christmas_rangefinder
22f932566bfc74ab,webview_preview_item
22fda7483b877f5d,rightshoulder
2300dcd2ed31f941,socialchannelbutton
2301a1d332565566,rightsegment
2306752bd3a263c3,uipriority
230a7554608ac957,codhqgenericoptionbuttonbase
230a8f9bb59de502,texthighlight
230eec6613f7e2b1,baseglow2
23148093adc32c6e,updatetimetext
23184a3d69b89fbe,rightsidedata
2320d87daa42e932,lui_bot_setup_enabled
2321591854a34d06,brplayer2
23215a1854a34eb9,brplayer3
23265a3b52af8d49,arabic
232e486c04abda03,pumpkinpatch
2336523a23ebe0b0,istrialgametypeorlaunchchunk
2338b36b1c8511fd,archive_replay_previous_player
2339ab9cfb45574e,upsell_menu
233a7d54d10ce055,operator_skin_icon
233e22c585962091,tier_skip_purchase_overview_complete
2340adc76f008280,setmodel
2344da15a4b3598b,keyboard_preview
234f10a6098f44c4,ret_sat_loot_s35pyroman
23567a90c73fdfaf,ui.generated.widgets.toastholder
235f10fa86de9d48,isrex
23660bfa86e4b377,isrgk
236a2b2255f3adb8,getleagueplaybundle
237a59e405e56ca2,has_bullet_points
23869fb0e52bf40b,accessibleblue
238ad3a09d24a506,equipmentskingrid
238d56299ffcd90b,formatstring
239ebc4de5fb6b57,loadoutchangebutton
23a438beed4c67a6,ispapcamo
23a613fc97c78cb6,ui.generated.widgets.ingame.reticles.reticledmscopetherm01
23a89f281f7add21,selectmission
23a978e5d9b65fdc,ui.generated.widgets.playerdetailsavailability
23a9c0bd2d580295,player_level
23a9c2ba5def43b0,freebundletabover
23abb662843984c6,getblueprintindex
23ac5178d5b260f9,scrollbar_pip_mouse_up
23acb68e2eea4f3c,lootoverrides
23bb8dee2bff81f3,bracketr
23bb9dee2bff9d23,bracketb
23bbabee2bffb4ed,bracketl
23bd79abda43c2bf,preview_menu
23bdfd7e6470994a,goldensunset
23c70c996ff4874c,ret_sat_loot_quad
23c86ecbacf3c467,model_type
23d45f0178966cf5,infiringrangemenu
23d67b794b75b894,unregisteractivegroup
23d7d0df1f7bc854,updpadbuttonfe
23ec44fade4502cb,beginuserevent
23f000cea8f66bb5,canstartmatchmaking
23f036d81d04ea45,getshowcasecallingcards
23f03fcd3021ab56,event_title
23f190b93406b054,ui_cash_my_player
23f779e17c140c58,isattachment
23feb63641314e20,tabmenunofocus
24082b2ee6456555,quitmaingame
2410f18bd386e966,specialist_ref
2411db7931d80397,bindingpreviewbuttonrightalt
2412b99f186f76cb,socialmenuvertical
2417a8327f0711dc,gamemodebr
241ea20b4ebf03d5,dismisscasualsremovalpopup
2426fe009de83d19,geteventtimeremainingstring
242753abe4739de7,gunfighterimage
2427f6024f0cb88a,out_of_fuel
242cde0d16212fcc,ui_points_spent
242fa8327f1ba3bd,gamemodeid
2433b029ecf3f241,ui.generated.widgets.buttons.buttonlargetall
243552ab35661cb8,equipmentref
243b094bbf21a827,getprestigecamos
243cac327f2634e5,gamemodemp
2441657bd23f350e,prev_page
2443ca327f2c868d,gamemodeob
2447a9813f2614e4,time_left_string
244f9b8e604a433d,positionoffset
2450c7f57002a28b,popupnobuttons
2451b0327f3897bb,gamemodesp
24541faedaa8f219,islifelimitedbombgametype
2458b6327f3ec09b,gamemodeuv
2458ebf2ba5cea92,onlineinfo
24699f327f4d0cb9,gamemodezm
2471cef966031731,isbattlenetsocial
2472bb1bb23ff77c,ztron_enable_remaining_enemy
247cf6d141b6121c,ammo_mod_icon
247d418678fe5e25,malachite
247e58099cdeaaa0,ui_hide_full_hud
2485b0b424545363,emote
2486af983ebdd566,gettimeremaining
2488b25e7ff365a7,ui_spectating_hud_theme_index
24923bb245294a20,buildexpanderchildrencondition
249fe0dd904a0c90,brdesc
24a26a691e6edbde,matchmaking_game_type
24a3e8c0cef06bf5,prematchindex
24a66e020e1b8536,vramusage
24a7e96901905ae7,ret_cer_long_05_mp_therm
24b158e767742d01,ui.generated.widgets.options.expandcollapsebutton
24b2044750de666f,lua_menu/missing_dlc_sp
24b7614e90cf898b,compassmask
24b910776ecddcc7,operatorexecutionaction
24be7c5247b75a50,filestorage
24c182bbb4e01ccf,clip_ammo_max
24c3a7afb96660f4,battlenetchat
24c6d528a3ec7600,active_start_time
24c8290c7920e380,streak_index
24c9611f08aaa32d,gethiddenrewardimage
24cce88c7d9e66b1,minigames
24d45627f1e95f7a,favorites
24e03c47ab9dc67f,issplitscreendisabled
24e0bf39ec60097f,isfirsttimeusertest
24e126cd0d45616e,masterwork
24e68609282eeec8,attachment_skin
24ed0ce14b2b4478,openviewparty
24ef1047511228f1,lua_menu/missing_dlc_mp
24f1ea581308f8f9,glow14
24f1eb581308faac,glow13
24f1ec581308fc5f,glow12
24f1ed581308fe12,glow11
24f1ee581308ffc5,glow10
24f28f860161c125,ally02
24f547a1d5744a9f,bodytxt
2507a4095916d0f6,ui.generated.widgets.frontend.unlockcriteria.criteriawidgets.unlockcriteriachallenges
2517d14659c78e1a,ui.generated.widgets.ingame.reticles.iw9.reticlesndrop01
25197fcf237ab288,ret_sat_short_10_mp_holorange
251dc0e1961d7bbf,update_sniper_briefcase_timer
2526d6d9dc6ad6fd,prestige_milestone
25366827fe996a27,lua_menu/pad_right_trigger_button
253e181fdc8eec0c,getpaintjob
254084d7ca2317bb,getdvarstring
2546090bf5f19ef8,styleoptions
2546f150cafc5059,resultstitle
254ba88cc45022e2,is_voice_disconnected
254dbba8895a8e2f,ui.generated.widgets.genericbuttonbackground
25564e1b4a11d758,completed_challenge
255a82b373f1debf,gunscreentalkingcat
256158ffdc359e41,ui.generated.menus.bootaccessibilitysetting
2569f716a7bb73a2,notificationgradient
256fa994c5295876,extentbottom
2576b475f7aae055,ranknumbertext
25793b5ea967be3f,generator_type
2579d558749aabef,weapon_build_list
25852bc046416fd8,codcaster/assign_to_team
2585e2bd4f4db3fc,isxboxone
258824643b4a9737,shoulddisplayaarupsellprompt
258d294c40e2feca,hasultraskin
258ed205a1a50eea,isvalidweaponref
259b77d6f41ed417,setweaponvisible
259e9f8087b161f9,ret_cer_short_02_wz
25a5a8259ab34a47,ui.generated.menus.options.optionslayoutpopup
25a910297d1ce04c,canrecord
25a9258bb0a7f287,popupyesno
25ac655a104ec9d7,isteambased
25ad2bfbc58d388b,isspecificintegeromnvargreaterthan
25b7604d5e56155b,giftingpolicypopup
25bf9a2613fb0ec3,camo_menu_state
25c4948087d21e85,ret_cer_short_02_zm
25c5871b82ac51ba,ui_pvp_countdown_state
25c9eee8c9529670,buttonupkbm
25cc02708f26494f,getshowpresence
25e0b021a6e984b9,showoutbreakchallenges
25e9a98087f15e71,ret_cer_short_02_mp
25eb285437f3d16c,primaryaccent050
25f2d4ebaed9c8de,stat_type_name
25f3e1dec0f27dcc,isseparator
25f5d28988cba063,ui.generated.widgets.ingame.reticles.jupiter.jup_reflex04
25f5d88988cbaa95,ui.generated.widgets.ingame.reticles.jupiter.jup_reflex02
260e1bd186af49f0,longeditbox
26107e9992f986b4,intro_then_loop
2614d694508a785e,uitestcrosslaunchbutton
2617857741235d17,gpu_time
2628bc3070ecd6d0,getmode
262b3594842e37a4,ui.generated.widgets.ingame.reticles.reticleholo
262bbc4ff5be7f6b,controllerdeadzonepreview
262e5aa04db33017,gemeraldshade
26303c0d4809804a,focused_mission_is_completed
26343b1f9f0871bb,loadout_perk_streak
2635503748e631d5,ui_iw8_aar_keys_counter_tick
264022da63bd1176,ret_cer_loot_s55ademon
2643eefcae6802aa,aarenterprestige
264613787d4d0919,istitlepresenceenabled
2646384823a1ce43,reward_stack_selected
2649dbf15b63f183,game_purchase_section
264c75c0621b35e0,ret_sat_loot_s35silverzm
2655d1ea12df67b6,extra_message_index
265b0dcc5c055a36,lua_menu_mp/open_title
265e23a93f52244b,loadoutdata
266175000e1543ff,horzbloom
266817b2c906bc47,screaminggreen
2670d675b1bd2f08,for_showcase
2671dacd8829747f,variantc
2671dccd882977e5,varianta
26736dd020fa964a,finishedentrytransmissions
26779b7a3991ae97,platform_friends_only
267a79cd4f3f6c83,hiddenlootpreviewimages
267b71f53dd5ca6f,restart_upsell_popmenu
268643968ef0ff30,stealthwarning
268782a57a8ba818,prestigeiconlarge
26924a34c1ce6831,isvisible
2693d8ca8b564013,interactable_color
26a09939c4b4f266,arenapurplelight
26a4ab3b35607f0f,hideftuetips
26a4c90337eec619,charms
26a6c7378809a39c,isboss
26aa053bc7d49e6a,slot_trigger
26aa606156233ecf,silvergrout
26abcfcc1d4a947d,socialrecentstab
26b10dac48206762,default_entitlement
26b2b8734cb599ec,tunableplus
26b43378bb9cdb17,lua_menu/remove_favorite_prompt
26b91c0cb7a40b2d,greendot_lime
26c21884c41cbd52,gethpsuffix
26c2ce6e09fdbaed,ui.generated.widgets.ingame.gunscreens.gunscreenrankedwinswz
26cbad2e5af18c30,alert_is_human
26ce01bf5684fdf6,selectionbg
26ce5c6b715127c1,ret_cer_fourx01_def
26d3ea846b0765cb,objects
26d868f13b3ad7a3,trialretrypopup
26df6a3c8cac97aa,postaddelement
26e4975a02dc131a,headmodelhighres
26ecca2904b059f5,ret_sat_loot_s25star
26f77b78b105500e,bottomlight
26fc6645c8cfe848,lockedimage
26fde439a4c1bcaf,lua_menu/prestige_details
26fdf5a92460b6c4,arechallengesenabled
26fe27aabe72ee4b,ret_sat_short_10_wc_holorange
2703fa92fbc5c30f,movie
270588600c398110,genericroundedrectangle
270baabe0eb3399e,r_sceneresolutionmultiplier
270e4b2b798a4da3,socialpartybuttonstate
270fd57e9b94ff4c,opengunsmithforcurrentweaponslot
2711f99ec16911be,noplayerslabel
2715ed5c08c94bfa,findamatch
271f6276d4aa04aa,namescontainer
272b7016e3b33454,ingamegrid
272c11ead8219238,small_size
272d66f9f7be792b,is_pc
2730aefd48d59982,ui_aar_circle_hit_rank
27371093d0befcf2,neutralwarmmediumdark
273c05c0a625ae7b,runtimer
273cc42cf486e40b,zombiesbonus
273e68f9f7ccefc4,is_me
27401db8c1584be1,perform_hold_action
2741eddc5dd52846,storebundlecategory
27499e7c10d8e2ae,is_last_used
27542513a193e985,skybreakadsdots
275bea23dba20e52,primary_weapon
27610fd9f11cb130,show_armor
276e97acf8d44c9a,loot_mp/item_type_lethal
277079a8672f1f4c,matchstat
2777aec679640b89,relative_progress
277a2578fe9319f2,missionisowned
277a94980061c2b3,getisfavorite
277ab37cd83b3f91,squadpink
27820acaf7270b74,isdropzonepublicmatch
2788592ba65e06ad,issuperpower
278afdad6e09fec3,player_not_whisperable
278e08fcd39d558b,sectorv2complete01
278e3469d7494f63,triggerlayoutpreview
2792b7f52ad7cc62,getdesc
27932f48b409ae23,training_course_is_in_preview
27a0fed2c5a82657,hidewarning
27a60592fe1c6e8d,ret_cer_loot_s2ghillie_therm
27a97b7c3f5692ca,reward_string
27adc2f703f5dd5c,total_essence
27b15eace42f2c9b,colorblindprotanopiacolor
27b6f492e68a4fea,ret_sat_med_07_mp_fourx01
27b737ab3928868a,ui.generated.widgets.genericdropdownbackground
27c5c54e8e516c5a,bundleimage
27cf8f1b1b5c1e52,isinfocus
27de2682407ec003,limitedtimebundletab
27e1050aee56f92d,item_rewards
27ec2a960f235977,ui_hilite_gunscreen_bcai_bundle
27eec09cff526fa7,maxstreak
27f62dda0b8b9f0e,lua_menu/charm_select_title
27f6fabf9900b714,instantrewardschallengeref
2805be481fd80e1c,reticleholotherm01penumbra
280b174d0f3da257,unlock_count_string
280e25dd3ca205d4,zm_rb_survival
28117e97b594d6dd,skin_unlock_count
2812d1564f99850c,ret_sat_loot_s5retrocab_thermscope
28276deb42991622,israidlfpenabled
28318a3adaaf6846,ui_loadouteconomymanager_showcatalogprompt
283470ea90cc93a7,jadebody
283c7aebde5a33b6,ui.generated.widgets.ingame.reticles.reticledmscope01
283ce5c2291c3d49,legal_summary
2840a842fecdfeb4,rightpin
2841bbc596d72207,iter
28440b47739a14da,legacyscope
2845f033929ed15e,verypalecyan
284d14e89f8d1b17,supermeternormalfill
284dee26a22b683d,getoverlay
284edbbedb75b271,hideunreadcount
284f5bce869d09d8,bindingicontext
28572aa1432e0304,equiprandomoperator
2858fc6d8ee26029,lua_menu_mp/progress_total
285bd00dcf12ed86,codgray
285d8d671fd56b4e,selflosefocus
285f3e7ca292e471,singleactionkbm
2865aa375deefcd0,player_settings
2867cf82b43c7b83,ui.generated.widgets.ingame.reticles.reticleshscope02
2867d082b43c7d36,ui.generated.widgets.ingame.reticles.reticleshscope01
28732ad8cf1c32f0,ret_cer_loot_s4versus
287a2c803fcc8042,gamepaddescription
2881fdb79b4d85ef,openblockedplayerspanel
2883c71c15468605,pausegameaction
288a3a087f92cc05,specialchallengetitle
288da013511aacda,editenabled
288f48b7f994cb48,reticleoutercirclemgolf36
289363527cd98855,ui_zm_current_quest_step_time
2898178ff2a20280,mossstone
28a3f45be2cc2690,keybindpreset_updatedvisual
28a82dad829cc6a7,alert_has_token_redeploy
28b1846b86779b25,attachmentdefault
28b85ddbe92cae06,weeklychallengessecondary
28c399d0f4dba5cc,reticledata:
28c4ece43d60e429,disableddescription
28ca76d42113c1af,options/amd_fidelity_fx
28cbbe5f25353808,isshooting
28cccfbdbd242cbc,equipcamocommand
28cda3a98273af7a,epictertiary
28d2a0cb2439c099,initlayout
28d7035542c26b64,ret_cer_loot_s5sensei
28ddb65bb0c705c5,ob_pvp_key
28de3bb14d7dfe85,kit_ref
28e0e5d4a481226e,is_squad_fill_enabled
28e3b788a6c2d4cd,player_data
28e9e015528b9e33,position_visible
28ecbe06940a0cdf,setloadscreen
28f23a5007ad556e,_type
28f4b78acf57a310,isbrvanilla
290a3dc16a8456d3,prot_ally
290fec12515f3067,aeeventasset
291028160c99e77f,isstrike
29168213ca70a2e0,has_changed
291697629aba6498,weaponpurchaseflowvaluemultiplier
291907f0cc76ffce,isingulagbr
291d812ed0486ed7,amberdot
292091aa39aec988,game_type_icon
29226b0cedb028bc,quality2
2925b1d3bfa84672,lua_menu/sticker_select_title
29265568f9e153f8,commondark
2926fe4aa27e817c,ret_sat_guide
2928dc8f4ce948bf,weaponfadetype
292985ba4412c5d5,genericlabeledbutton
292c9f524d9b3106,ui.generated.widgets.toastnotificationbutton
2930748864712a5b,isplundergametype
2937526712f417fc,input_connection
293d9ac53c2e199b,ui.generated.widgets.frontend.social.channels.channelsettings
293e0fc1dbeaaf93,tutorial_video
2942271043621e74,hudmeters
2952ce28eea73037,isbmtutorialmapavailable
2955407a0155de47,onboarding/editdropkit_1
2955417a0155dffa,onboarding/editdropkit_2
2955427a0155e1ad,onboarding/editdropkit_3
2958a94afd1b8164,ret_cer_med_03_mp_alt
295f1e91a2117514,ui.generated.widgets.genericarrowbutton
296709f2c19b95c8,ui_guntable
296ab5e988662f64,flyinkbmarrow
296ba2ccbe4e2b7d,istotallynormalbr
296e1ad6c0c05ba1,isvalid
2971ee7e30eab3cb,centerdot
29776338c1e3d265,deadzone
298496075ad60dc2,event_primary_color
29863355b910e9ac,prestigemasterlevel
29872586ae3c4caf,maintext
29888cc341ad4a07,br_league_play_type
298bf814bb69894b,getbuttondescription
298c49689b5aac2a,paranormalstatic
298e83d86b3e6304,has_used_shortcut
29909bcf6bcd213f,separatorheight
29a02d16bd242022,ch7_tu1
29a5eb72a67f611f,setfontminsize
29a6841db3ef7c5e,onmouseup
29a6ce19fa39edf6,weapon/tracer_red
29ad5578deddface,prestigemaster
29b6b4738be99840,buttonlayoutleftprompt
29b93e1527148c06,gpubottleneck
29ba387efcbd0ea4,flamesicon
29cbe806b94b3f46,playlistdescoverride
29ce33448bf7dfce,playerlisttitle
29d03b1be75add79,enterbutton
29ee024464f303b4,factionmissionactivationpoolid
29efd16b643b702d,platform/left_stick_noswap
29f0a757bf77a11e,grid_focus_down_not_blocked
29f327c3acba29d0,generic_reward_icon
29f638738f50509f,isonboardingmissionenrolled
29fcbab014055431,setcosmeticattachment
2a030a2b4475f99d,challengetext
2a04f27a5654f2a6,unlocked_items_visible
2a12f0c416f9c83f,updatefilters
2a15daba3894bb4f,loadoutbtnbg_hover
2a1801967f875db4,enemy700
2a1eea4aad9d93b3,getonboardinwarzoneprivatematchdata
2a2668f5719dfc1a,cashmoney
2a2be5db149562f3,unlocked_items
2a2c686378073fd4,reticleholotherm01dark
2a30348f9b881475,ui.generated.widgets.ingame.reticles.reticleholotherm01penumbra
2a33534703ab4443,isgerman
2a373d1628d37818,ui.generated.widgets.ingame.reticles.yellowcross
2a398397353aa3b4,is_win_challenge_item
2a39d831ed27b12c,xptokenstatus
2a56715f5afe27f2,isjuggermosh
2a5bfc13862c0fab,buttonsecondaryprompt
2a5d3c4abcbbd411,mutestrategyselectpopup
2a5e7f1c91848b8a,crosslaunch_iw9_sp
2a60cee138a85ee9,exfil_streak_reward_list
2a616a2ece084007,isusingpublicevents
2a6d3fe0c68711fe,ret_sat_loot_dotyellow_alt
2a7827e51474bfa4,leaveparty
2a7c421a16733df6,blackcell_page
2a807b1c91a16b24,crosslaunch_iw9_mp
2a8a1c414835b67e,radiationzone
2a900a85c32d1fac,active_deploy_type
2a94569bff026cb0,socialpartyviewmenu
2a964178141bb518,presetoptionslist
2a98b47fc441feed,ui.generated.widgets.buttons.buttonhighlight
2aa4b17487f5a3fc,equipped_field_upgrade
2aae11cd8b2526e4,anzac
2aaea1aaa88a2285,equipment_id
2aafcec670ce0ba6,level_load
2ab23b12169bdd8a,playchannel
2ab388d9b0852173,operator_icon2
2ab389d9b0852326,operator_icon1
2abf4f91bf463312,isoptionssearchenabled
2ac7ec50d8db97ed,showmousecursor
2ac893a8263044b3,redmedium
2acc08f0968eda37,warninglabel
2ad169bf45b07702,standardkbmoneaction
2ad1aca754a5eb14,wait_character_weapon_loaded_
2ad76aff72402dd4,presetoptionslistkbm
2ada683dcc081bca,getfactionname
2ae05180964aa50c,lua_menu/crosslaunch_attempt_success_toast_desc
2ae7e74fa55e2b83,ui.generated.widgets.sprite
2ae8da10ced7a813,crosslaunch_data_ref
2aed640db750a2fb,tinyiconhit
2af064dbb729cfa7,online_channels
2af1df9e09f4c4c4,select_menu_title
2af99bf2ca7cf9d5,bundlegetpreviewimagename
2aff8215756cb097,ui.generated.widgets.dynamiclist
2b004a2cfd9efa47,getplayerslist
2b0ab38068b4a25c,in_transition
2b0c0739d7a5a84d,is_multi_weapon_kill
2b1186bd06a27558,secondary_prompt
2b151a19cb863a88,validateoperators
2b16513fb59f7334,focustext
2b20c067ec37af37,completed_mission
2b22ed84affe6143,arrowleft
2b281b6db42a3b78,hideaftertime
2b333b6b8e8b96db,clearwallet
2b3ba9443e067e80,reward_progress
2b40c1b08102826f,tag_weekly
2b46f39d652a7a15,is_double_weapon_xp
2b4f30803f30554b,ui.generated.widgets.genericsidebuttonsrow
2b579324764db79f,score_cost
2b5c3e82726dcb32,ui_iw8_aar_keys_banked
2b5ed25cdd10e1ba,ret_cer_med_09_wz_alt
2b616fda0746ca1b,gunscreenenvy
2b63308d00984b0a,isvideoplaying
2b671b6be1cdf4a2,binding
2b694b42a3567bfc,is_recruit
2b6ea754161a0041,text_chat_updated
2b72ccd6a0b74465,game_state_text
2b7475c811ec5cc4,current_missions
2b75e2b1df9ed4ef,loot_card_overlay_smoke_
2b76927c9236b2eb,bindingpreviewbuttonsemicolon
2b7a5463cae10415,is_mini_leaderboard
2b821c8ea67faf00,textchat
2b869b7c4cf0c2e4,br_squad_message
2b94bac80261c6fa,activeisclasschoiceallowed
2b9a6dbb648e5d86,fetchleaderboarddata
2b9c99ff0f4e4de1,weaponunlock
2ba475bc75fa4344,equippedweapon
2baaa11b089b2728,lpshoulduseradialsegments
2baf4ab1b81b822e,opentrainingcourse
2bb3dc51ea4ec53d,bluedark
2bc0559c81710fa7,release_date
2bc657a4fc8fccb8,mp/second_place
2bc71d4308f774ef,squadmember
2bcc06192bfa0f0e,iso
2bcc111ab4426357,item_display_name
2bd4c1a574890263,loadingeulafencepopup
2bd538bb85256d75,progressionimage
2bd5dc37f3c3a684,showelement
2bd7d5345a0e81df,completebase
2bda70f3f05c7b0d,squad_dmz
2bdac9effe84a009,sceneshutdown
2bdae31ce0fc7dff,equipcamo
2bdb5f4076fc5fd7,heartyyolk
2bdc03077e6414dc,online_mp_party_weapon_xpscale
2bde448340f3bda8,bindingpreviewbuttonmousewheeldown
2be16c785963bcff,action_sfx
2be2211d17ea24eb,isheavyarmorpubliceventenabled
2be68236671577f4,ui_match_status_hint_text
2be74fc6ea38e9fc,playerdetailsaction
2bf1ec192dde5a76,hidepreorder
2bf26806c0bb0e68,death_description
2bf5542eab9b8578,tencopy1
2bf5552eab9b872b,tencopy0
2bf5562eab9b88de,tencopy3
2bf5572eab9b8a91,tencopy2
2bf5582eab9b8c44,tencopy5
2bf5592eab9b8df7,tencopy4
2bf55a2eab9b8faa,tencopy7
2bf55b2eab9b915d,tencopy6
2bf6084fbe3d0ca1,presence_platform_wegame
2bf712e0ce28f45c,canshow
2bfc45fdb9a6c51e,lui_ingame_AAR_progressbar_enabled
2bfeda47887408b1,lock_status
2c07b016fac0658c,header_count
2c0b381947d22455,channels
2c0b87e1f2b81ea4,additionalpriority
2c0b9b8efeb99a18,gold01
2c17f6bde2e46583,ret_sat_loot_uap_fourx01
2c203cc1b0fa76c1,secondary_text
2c20eaeed9863e5d,eventnames
2c2cc785bf45f6fe,ui_lobby_text_allegiance
2c2fc35ce8364242,isalreadyequipped
2c3a92de37274b0f,is_background_visible
2c438e64256ab3dd,game_project
2c46ae63973df51c,float_blendtime
2c58298fae22ed6b,ui_out_of_bounds_type
2c5e224dc35932c6,damascus
2c6fce32cfa6391b,pip_select
2c73c4c4a0749dcd,game_state
2c7fdf8343fa5206,isnukeendstate
2c83e71342b5a30e,noitemtimer
2c8670247a5d862b,progressfill
2c87836bd654438d,bindingpreviewbuttonprintscreen
2c8c78c6d4c7ddda,ret_cer_loot_s6skateboard
2c947ff7bcc85048,getstickerdetails
2ca1981c0fabab47,tierskippurchasebink
2ca297f040a47d12,lua_menu/save_and_quit
2caa6f0387f493bb,deactivatemissionpopup
2cb98cf1b62bb3d5,titlebartext
2cc37c9dc41d1710,menu_action5
2cc37d9dc41d18c3,menu_action4
2cc3809dc41d1ddc,menu_action1
2cc3829dc41d2142,menu_action3
2cc3839dc41d22f5,menu_action2
2cc3889dc41d2b74,menu_action9
2cc7f5ae007272f2,restrictionoff
2ccf64559a957308,isinventorycustomperkpackagetooltipenabled
2ce3dfaf6a20cda4,prompt_fade_timer
2ce5ead0014226d3,_internalsequences
2ce810f9a0b61a40,globalpanellogoposition
2ceb5dfb54afb417,script_bundle
2cec9508f2398c44,ismatchsimtoolenabled
2cf13d0d1ddd8d2e,aarenterprestigeftue
2cf76d44ac3bb2f4,notificationcenternotification
2cfad818d3eccc11,seek
2d0954fa32db33df,ui.generated.widgets.buttonpromptcontainer
2d0a0aa498ae1c2f,leftshouldercolor
2d0a7d33f36f00cb,perk_image
2d1534fcdd268422,widgets
2d1618a690cbcc9a,usenewaarsummary
2d1a9f86135d83d0,canshowfavorite
2d1b398f63764811,circ45
2d1ef00a23be11d7,skybreak_ref
2d21d7cd66bd5a5d,display_name
2d222a8f637c4d42,circ22
2d222b8f637c4ef5,circ23
2d252a8f637e8319,circ34
2d25bc80ae05fbea,selection_changed
2d2a5c4af81782dc,cash02
2d3f3e6a1b8ed70c,usenewnameplates
2d4142b324d14b32,ui_death_hint
2d45f6f4ca6b401f,prestigeranks
2d46ea0a198544b9,crosslaunchid
2d47ddd9802d032c,resetgamesetupruleswarningpopup
2d5178143d79d804,menu_action10
2d5179143d79d9b7,menu_action11
2d56664fc17c43db,orangedark
2d5ebf2d00a77043,upcoming
2d645f3081a192a9,ret_cer_loot_decay
2d67da373b7de24f,channelpanelbase
2d722cac30055729,isinwarningmode
2d764245e48adc5d,togglebool
2d842f6ae989eaa6,quickplaydata
2d8f483f867517bc,getsecondaryweaponref
2d963aabda0e2826,extrainfos
2d9e1ad4930ec162,exchanged_item
2da8e4e5b5387024,strongorange
2da8fc33a88141ac,equipfieldupgradecommand
2daaf0473c2f3bd8,colortypedata
2db6d6e47c8ebd73,instantrewardsstarttime
2dc43d01750c15fd,lua_menu/footer_tooltip_options
2dcabf90f93fd4fd,isnewgamemodeselectenabled
2dcae38e52b768ff,isrankedmatch
2dcc807e87a671d4,iskillstreaksallowed
2dd0174813873395,backeroptions
2dd15c387b9e5de2,vfx_play
2dd31b7a0186cb13,reticleoutercircleacogwest
2de84a389e458756,popup_type
2de9a36ce3bd2f02,ui_out_of_bounds_countdown
2deb9c42b4e05b5b,button_triggers
2dec1fdd2ca50b81,munitions
2dee0d9af2fed021,lowbatterytext
2df6175819ba350d,ui.generated.widgets.mousecursorcontextualmenuaction
2df65e5a097ba1c1,onboarding/mature_content_warning
2df6bff7be90f8be,globalpaneloptions_tab
2df86c3b10891370,show_breadcrumb
2df92d70fb103491,rewardinfocardtooltipconfig
2dfd7efa83dd8c75,keybinding
2dfeb87c177ce2b1,unlockcriteriatextwithprompt
2e0326c90e5e2844,deploy_state
2e036022c48d5b0d,ret_cer_loot_s6record_alt
2e08bc4050deb18a,jup_reticle_classictherm
2e0ea7fdd177f06b,reticlelauncherrpapa8lockon
2e111371ab03f4e7,weapon_end
2e186311984011e1,setwildcard
2e18dc9dcc52f1c1,phone_number
2e1bb442cd0d11db,panelprompt
2e2007b225f15d5f,nvgon
2e241c6a3737704c,dashgreen
2e251e8212678573,getprestigeicon
2e2669653539c8c5,color_dark
2e2a0ecd98cd555a,lua_menu/restore_each_setting
2e35ce833a090d48,instructiontext
2e3bccb732327c6f,isdoublexppossible
2e3cb2fa6c87e8b7,weapon_datasource
2e4a48689fcb077f,isnetstatsdevfeatureavailable
2e4f517484d719d1,webview_release_focus
2e4f5c98bb82c916,emptygridbutton
2e5681b470383fd8,blowholegrey
2e5aeb1a626930d3,stopscene
2e5b637842e4c101,countrydata
2e5c12616c286653,flareright
2e5c6800ce3834cc,arrowright
2e657c80d0f0a219,left10
2e690280d0f3bba2,left20
2e69c82cbddade73,iw9armorydefaultmid
2e80e703d1ba3436,current_loadout_index
2e8767b93a792fc6,doublexpeventbanner
2e87da2a82ec6379,wzstyleguidemarineblue
2e87fbd534a0c481,hidescrollbar
2e881341ecca2950,filter_category
2e91e7dfbb50c534,isfrontendfiringrangeenabled
2e92fd5fec2ae4bc,crosslaunchasset
2ea3f1138b24949a,sprint_closed_string
2eb851b5fcbf0e30,nav_url
2ebf636fcfbfbd58,gpufps
2ec7339b67eaddcd,add_menu_stack
2ecc75935a06ed1d,interpolation
2ed8d637ca431423,isarcadegametype
2edcf9e7916de896,weapon/tracer_green
2edcfc612b39e0c0,getdvarfloat
2edde3b87eec210e,newindicatordark
2edde5b5af9001db,getdpadicon
2ee0cbe2e675ad73,is_universal
2ee929167fabb6eb,swapoff
2eed1df1b03f2a25,mpui/round_only
2eee1f9c62225dcd,lootvalueoverride:
2ef076d1f9fa9a00,hitmarkerkill
2ef14ee3933a2614,onboarding/killstreak_3
2ef14fe3933a27c7,onboarding/killstreak_2
2ef150e3933a297a,onboarding/killstreak_1
2ef751543d2fc21c,primaryaccent700
2efc26802db3e6b3,ret_cer_loot_steampunk
2f00439676d65a54,sizecategory
2f0ade8b30167b42,rewardgrid
2f0e18121605e89c,highball
2f1ce695dcc47774,iskillcamattachmenthighlightenabled
2f2007b9898027f8,reticlefourx04vdayheartbreakr
2f25d0959984a8c0,ui.generated.widgets.alwaysloaded.talkerslayout
2f2e345e8e8e8d44,ui_game_count_enabled_buy_station
2f2e7a26f04eb315,getmeleeweapon
2f3224a335cf0b15,checkboxwithimagelabel
2f348ebad6936acd,ui.generated.widgets.globalpaneloptions
2f366e9531254af5,gameprojectdebugtextenabled
2f3a537ce1cfc3cc,armorydescriptiontext
2f3d71c800542a78,getbytesfree
2f4703619c4e0ee4,description_short
2f50c4f6eb359022,arenatealdark
2f54e0bd7f4b7801,current_tab_index
2f55756686377310,nameonly
2f57c20f91071e8b,teamtext
2f57fc53c28336d0,ui.generated.widgets.ingame.reticles.reticlehybrid02
2f57fd53c2833883,ui.generated.widgets.ingame.reticles.reticlehybrid03
2f580053c2833d9c,ui.generated.widgets.ingame.reticles.reticlehybrid06
2f580253c2834102,ui.generated.widgets.ingame.reticles.reticlehybrid04
2f580353c28342b5,ui.generated.widgets.ingame.reticles.reticlehybrid05
2f5bf9ee73d5981d,isweaponvisible
2f5cc17a8630bfec,getonboardingtdmanywheredata
2f6102547417cea9,ui.generated.widgets.ingame.reticles.reticlesnadjust01
2f621ece7dbd9fa1,ret_sat_long_05_wz_therm
2f6660c15c046837,gamelatency
2f67e5f5982a5c70,killstreak_list
2f71bc5d1565527a,minimap_info_visibility
2f76b5a88c99dd58,forcetoeventmenu
2f7d1b8a6852bb79,tokentext
2f7fd8f45571bf11,creatorlinkaccountmenu
2f801dea2c9b99bf,ammo_loss
2f83a58ac0373298,checkscrollstatus
2f83fb5cd8c2d476,is_seasonal
2f8508722c643b46,ui.generated.widgets.genericdropdownlistbutton
2f870835e1e31f13,ui.generated.widgets.ingame.gunscreens.gunscreenranked
2f9005e27f532890,badnog
2f938d599c7f9821,getbreadcrumbtext
2f9408a9b0b32e01,glowoff
2f95219e716ce731,setting_id
2f9972dd29394324,ui.generated.widgets.menubuttoncheckbox
2f9979ba62098cea,previous_menu
2f9bdedab15c84bb,target_scope
2f9f25a7b8ee3bde,isweapontraderenabled
2fa1d38411449eff,exclusivetogamemode
2fa465d5e4028fe4,getobgearonboardingdata
2fa5c15c5e96d565,isprimaryweapon
2fa7fc0c69237eeb,getlootiteminfofromid
2fa8370552c14cb5,braltimeterdisplaywrapper
2faea612735e1592,ui_iw8_aar_bp_progress_bar
2faf95066afffaef,mode_unlock
2fb3a1a7c02b9234,ui_popup_negative
2fbdf4b0471e1573,bandolier
2fc26c8bf3762fe8,main_color
2fc56297ee00cfdb,iswintokenpurchasingenabled
2fc8492c8706ea4d,socialpartyinvitation
2fca91fcd945b63a,inspiredmessage
2fd1647ae974c7ce,is_fetching
2fd1833461324451,featuredline
2fdc9eb27b7e844f,hideborder
2fddccfba5b42b0a,inviteaction
2fe7d34e8bec7f36,promptcontainer
2fedf26ef08343d4,equals
2ff4d2ef38b09300,totp
2ffb728dfae53b05,codes
2ffcc12127ae3a6b,victorychallengesnextrewardcard
3000e56026044164,echo
3002edef38bcfe3d,tops
300ad99866b0c8e1,setclantag
3012307a6924d187,prestige_reward_list
3014f554dbd61999,styleguidematchallydark
3018adcd1fa01e2b,bundlegetcategory
301c00e3ea6ba79b,madang
302074cc8690eee0,weapon_camo_overview
30222b289ebcf415,primary_fire_type_icon
30251b16d00fabe6,resized_pips
302775c2a78eefe0,activefactionmissionsstatskey
303373865a2e5b5a,hidebonuseffectgeneric
303720a6c88535ae,issatob
303780bf03246ba5,rightwrap
303e1aa6c88b4a2a,issatmp
30420d9275d8f135,ui_hud_initial_damage_event
304c0cb40692cef3,ae_reward_granted
3058afa360ba2139,amountdata
3059390c5c26b66f,ui.generated.widgets.ingame.reticles.reticle18hybrid
3059847790aff8d6,salmonred
305bb26b73b85755,is_available
30642543998e62c1,gunscreencerrankplay
3067e15b624f43f7,blackdotmagnified
30685b2a075ccd3d,setactiveshot
306deb13d67faab7,isiw9betabuildenabled
306fac7e8c8a2943,whisperchat
30745b097ff3109e,current_number
307a29a7b041d8fc,defaultanims
307f88d20951a6de,bindingpreviewbuttonquestion
30803b7541958e57,california
3083c9b5de1d9371,setmodelvalue
3087393b732afcfc,greenyellow
308d747ec22687f5,progressentity
309cb77b3d5ddcb0,horzl
309e288ad06a366a,victim_list
30a5f0e399b82c5c,play_operator_anim
30a6c2ff62a2c585,operator_name
30a6e5dcd01c0b57,cursortype
30acb2ed9f67701a,uin_codhq_highlight
30b818f90027de3d,setisgunnyrecommendedweapon
30ca274fea739629,ui_conversation_exiting_line
30ca2ea265e0c349,endtransition
30d3ae946413ec68,rewardvignette
30d98fc4ceb19cc7,uniquecamos
30dafbd860bd2cca,update_lobby_status
30dc61fb7f99c787,vrednegative
30de79a7ede7dd9b,level_state
30e187f956317850,update_hardware_icons
30e7e91095d23822,baseorange
30f0c15c67090fad,killstreaks_hints/instruction_move
30f87621a23418da,platformswitch
310ce432e44a75a2,openbarracks
31124481640d25e0,deferredfencefailedpopup
311a4351508200d2,defaultpreviewweapon
311a9c090c840f33,vibrantorange
3125a0f4645fd160,sticker_count
3129149ee75bd952,is_preview
312a33da3cc98083,map_ref
312afe30d1736bd2,greendotlime
31350e5519d00d97,ob_pvp_sector_capture_progress
31382f8f840bfb8f,arrowmain
313bcf475d58e986,setupcontextualmenubutton
313d5b34ee902fec,availablebutton
3142bf8a84a4ee07,frenzy
3144a4c8d592eb93,golddark
31494963da6b4c4c,score_display
31519b29d50b051d,rubbertire
315375e5961b9ff8,bongoconfig
31545712985e2890,ret_sat_loot_s25milspace_thermscope
31567b1cae9f40dd,ui_killcam_killedby_loot_variant_id
31597614b47f2214,spectatingteam
315f97b98c4a3414,showloadoutfieldupgrade
31600ab84c4dc8be,islegacyweapon
316046ed12f42cad,region_difficulty_string
3166738b3e4b65e8,customcolorpickerbuttons
3168cb8f8600f685,is_in_progress
316c605dc5ce4ff7,markcomplete
3174a5aebbe1f728,ui.generated.widgets.ingame.reticles.reddotmagnifiedhybridprimarypink
31757a3ac93e06ae,olympicgold
3175835c985a7fcd,ui_zm_current_quest_step_id
31790f6f062b05c9, and deeplink :
318620d7057ac7cf,cer_content
318ade17e738c519,getemblemavailableprojectsfromlootid
319060271e8d12d6,ui.generated.widgets.frontend.globalplayerpanelprompt
3190b173e82daf4a,enemydarkred
3196dd45398a4e98,leagueplaycareer
319f2756f92725be,ui.generated.widgets.ingame.reticles.extrareticles.reticleoutercirclemgolf36
31a2f720923fef1f,bindingpreviewbuttonscroll
31aac44893ae9c23,ispreseason
31adc8e93100b78e,bundle_data
31b2add5842fe498,ui_hq_status
31b3881f29d6772f,title_icon
31b50c965510f716,buttonactiveup
31bc1a6007932120,ingameandmploadoutselect
31bfdcbbd69c5a36,iteminfo
31c0d7c8b879fe16,loot_card
31c17c6676026751,rewardtypetext
31c81591587fa9c4,license
31cc84d98d9b7934,ret_sat_med_01_mp
31daa7659b0173f7,barracksblurdark
31dd6704d7109398,charmlist
31f064f090bbf6e6,ui.generated.widgets.basetextchatentry
31fa6e25a9629a99,menu/store_cat_justforyou
32088ad0bbb0cbc3,useoverridecolor
320b44481e4678c9,criticaldamage
3216f0129773bf15,getonboardingprofieldupgradedata
321951464258e221,skill_index
321ad7c92c1e0d00,ui.generated.widgets.ingame.reticles.reticlecrosshairbaseouter
321d1672949e1c4c,filters
321da460c244a161,trialevent
321ea54b7d16e28c,weapon_class_name
321f811159a3d086,datasourcebundleprompt
322286ce358d30bb,isretrybuttonallowed
322a2716b5b9eaad,display_format
3231af6e5f543a2a,lua_menu/pad_left_shoulder_button
32343fbab48edb2b,heartbeat_sensor_tablet
323a605aa084e5a8,ui_match_start_hud_intro_animation
323c7bcee04edb67,ret_sat_loot_s1mechaeagle
3243a00d7bdcd331,getstickercount
324b9117218e769c,ui_session_state
325f212fcfc60481,cas/lock_msg
32607ff9f7a5388d,codcaster
3264b24559c20530,hackingtablet
326cbd68724802a6,ui_iw8_aar_commendation
326dc781d05913e5,imagelarge
3274b38df9e08174,ui_last_stand_type
327542649e66551e,titleref
327b1c5eb76aa261,filtering
328433520ddb4422,tab_name
3285545e64ea3816,swampblack
328948025439c36e,texturedownloadcacheversionchange
328a31709264f964,ret_cer_long_02_wz_therm
328c12ea62865819,onboarding/tutorial_plunder_1_header
328ef7b7091f63ce,skillcategory
328fd00e96442096,lobby_member
329657d42983d163,buttonpurple
32a22c4814d74b5f,weapclassspread
32a24eef78b70c56,aregunsmithmodifiericonsenabled
32b02d44980684ba,turquoise
32b83f65ee31b235,frontenddisplaywinchallengepointspopupinitemdetails
32b9ef75b2f7d818,wildcard_list
32c22c9465eec0ba,skill_icon
32c24c807399f7de,series_name
32c430ad8ab01663,weapon_mag_size
32c46ca434393586,findemblemgivenref
32c852e58ef9a423,getdatasourceforfield
32cc1b282a9447cf,codename
32cc1da9a1bbedbd,getemblemdescription
32cfe3e666871322,expandcollapsebutton
32d4d9d090e42f04,holdstart
32d735e646893dd7,controllerindex
32d98afc48e090ee,buttonchannelconnect
32dae1f20345e6ac,basefire
32e44c7b5526eef8,ui.generated.widgets.screenfade
32ee31ed72143e66,hasprestigetable
32efbd371106b687,lua_menu/weapon_xptoken_equipped
32f0a7ea5a296c93,openmainmenu
32f4c7d05bd9dd75,ret_cer_loot_s3brush_alt
32f66bfa5b8710f9,loadoutarmoryunlockdetails
32f93e92505d283f,round_end_title_index
330ea57ea86fcb72,input_swap_enabled
330ea7ee9bf06922,inviteplayers
331409192fb5b779,hue
3314bcde14394adf,removeself
332e1c9684cb8b1f,enemy600
333430e6e194368e,showplatformpresence
333ca24548d7ad49,introtransmission
33486b232bb5ff70,zm_rb_echo
3349c68269e22ad3,friends_playing
3352823e3a9e3ab3,menu/invite_received
33581b8344225408,weaponarchetype
33599f834a0d81d9,next_tile
335e6b7e0899e718,container.label
335ff1757460d93a,equippedattachments
33609a5e9eb92f4b,template
336aa21b3be6191e,lppartyjoinsuspensionwarning
336d72a1cc7ea108,ui.generated.widgets.frontend.mp.leagueplay.lpplayerid
336ddc921c222aa2,barmask
3375ace51c400a78,isusingtacticalads
337cbcdc6794fb13,ret_sat_long_02_mp
3386ef42794369f2,link_type
338b2c9ab0566ec5,getactivemapinfobundle
339ab1b368f329ec,atlasmw
339ee95de141b2fa,directivecolors
33a7815ea6d352ec,mapitemcolor_11
33a7825ea6d3549f,mapitemcolor_10
33a7845ea6d35805,mapitemcolor_12
33b55a63bf4ad359,rec_variant_id
33bc78b4136770b7,reward_card_attributes
33be1667d5e2e536,ui.generated.widgets.genericbuttonwithcolorpreview
33ca65cfaad647ae,is_animating
33cc7e01d458d017,battlepass/view_battlepass
33e8c8e32606caf2,lockrewardimage
33ed551f8695086d,trit_ally
33ef11fd91f3a904,datasourceprogressbar
33f56e244f449d96,lightbluedot
33fd03a02963f42d,playlist_number
3408fe583c285bd1,imageportrait
341048eaeb0fdfe2,camo_data
341750b696bbb4a2,isdomgulagenabled
3419dc941feec9a3,scoreboard_bonus
341b9b136056745c,isleagueplayloadoutsenabled
342643529b41b967,ui.generated.widgets.ingame.reticles.reticlecrosshairjuliet
342af7098f933484,winchallengesecondary
34306d5e8f5fd633,externalgametitleid
34327e9320023cfa,ui_mpmenu_move_up
3433aad6216de124,armoryactiveitemchallengeslide
3437f2ec0a5e2c60,onboarding/warzone_private_match_desc_3
3437f3ec0a5e2e13,onboarding/warzone_private_match_desc_2
3437f4ec0a5e2fc6,onboarding/warzone_private_match_desc_1
343b9c3944e9dc80,ui.generated.menus.frontend.mp.cas.loadouts.equipmentskinselectbase
343bcb791871f595,ui.generated.menus.options.importsettingsscreen
343f7ba870a7214b,presencecontainer
3465cb88a5644b0d,updatedescriptiononaction
346a07f7675a2317,refresh_values
34767571fa32adb1,ret_cer_med_02_wz_alt
347a4ba8278f21df,widgetaction
3484f87499819061,ret_sat_loot_s45evilsup_rangefinder
348df8212c3ba0fc,setanimationstate
34965463784fbe24,buildcondition
3497f5f527dd3055,isstoreavailable
349871f8f3ab3a2a,isstorewishlistenabled
349eb8386a7cadac,hide_scoreboard
34aa6583ab813216,progressmask
34aee1752861f4bd,wzfocused
34b0d7ac1e2012dd,touchpausemenu
34b1b9d4c21053f3,isusingfieldupgrade
34b733c3b6225ae7,socialshowcasecardlayout
34bda5428c0fbf42,is_loadout
34be2ccd5c47b9e0,bindingpreviewbuttonrightshift
34c16afd32db3d21,tab_destroy
34c2722a75b8e6bc,getitemprogressionimage
34c9fa2cf316b0ea,blueviolet
34cd60fcc20534a9,reward_loot
34d27165cacc6b3f,use_prompt
34d8686e2f627358,tutorial_laser_fire
34dd00befea5b2eb,endsr
34de6fb9a3e33495,fetching
34e42dfb56ff8336,indirect_purchase
34e5e0164db5269b,giveachievement
34eb5c99876300be,rotationboundingaxis
34ec1e7b0c9d6fd5,hasimagebacking
34ed11f2f471d9d1,inventoryhintmemcontainerwrapper
34f56c82e14a055d,removegradient
34f68f0c3848622c,ui_firing_range_has_started
34fb3ca4edf92faa,circleg
34fb86a4edf9ad68,circle1
34fb88a4edf9b0ce,circle3
34fb89a4edf9b281,circle2
34fb8ba4edf9b5e7,circle4
3504a768b3730de8,ui.generated.widgets.frontend.unlockcriteria.criteriawidgets.unlockcriteriareceiverprogression
350d22c8f8893547,inventory_downloadcomplete
350de130a3c07a98,ui_frontend_previous
351a081fe498185e,mediumbackgrounddata
351a0e0d99d1e235,cannotwishlist
351ca3bd5e0c6d70,mission_details
351f949af6344e25,showfriends
35228a917fcb164d,ui.generated.menus.frontend.mp.cas.loadouts.equipmentskinselect
352434b80284aa61,loadoutselectaction
35287b4b16655328,getonlinefriendscount
352901337afd957f,active_item
35294b50fbe4598f,buttonupgamepad
35345e7aa67faaee,isbrtdmmap
3540f63ffaf44174,attachmentslot
3548d61a8c7d8676,isplayerdataweaponsetupsvalidationenabled
35499b8ca056610a,leavegamebutton
35499fe8261968c8,ui.generated.widgets.ingame.reticles.jupiter.jup_reticle_acog02
3549a2e826196de1,ui.generated.widgets.ingame.reticles.jupiter.jup_reticle_acog01
355557e48cab9bbf,ui.generated.widgets.ingame.reticles.flyingbananas
3555e3f001ab20c2,fieldacquisitionweapontag
3556903d75df6794,stickercategory
3558adedfcc6629b,rolloff
3559328a8e33df76,ui_match_start_objective
35622ff43de76048,hdr_state_change
35626c2d93ee8a32,ui_score_streak_is_specialist
3568c49b63465283,cg_ignoreSubtitle
356a3448de448238,tier_skip_purchase_celebration_complete
357622e02bdcbf6a,relic_scriptable
357c707a2e609179,rotatorheight
357e9b2dd76789de,store/bundle_items_included_spray
357f88d274d61a57,getweaponpreviewmenuref
3580858fc00b01ed,required_xp
3584d01db9983d21,previous_screen
358a7a4426dc9ca0,tagscontainer.expiredtag
358ac810a0c77f29,ui_score_event_control
358c6dd113f6e6b8,gunscreensatporcelain
358f66e1a54126bc,perkcategoryheader
358fd0b7422ee38c,isgulagtoken
3592be984fd097bf,ui_iw8_plunder_banked_bar
3595236e8f63ce99,weapon_hitmarker
35954dcc86b21b67,isobexfilstreakenabled
359b43bc341c20de,codcaster/team_identity_team_one
35a53e82028bc747,tier_state
35a8b21c23e39065,loadingscreenhint_overlay
35af1257bcc3ff4b,armor_pips
35b9f8163036f083,error_string
35ba0e744ec63e0c,gunscreencerblackcell
35bb1242b61c6bd4,winnerscore
35bceb9d0d645caf,fluorescentsnot
35c7e0e0939576e2,mission_data
35cfd3953acb2973,is_bp_token_auto_spent
35d54c883aa891b3,playerscores
35e058153906ccbc,lua_menu_mp/challenge_tier_label
35e0bfdfa623d945,damage_icon_amount
35e100baad2df68c,category_description
35e5b35c2a83ec8e,openwideaspect
35ea45d90ada9247,verticalspike
35edf5e3fe36e1b0,mutestrategyselectactions
35f38abfe7deb42a,ui.generated.widgets.ingame.reticles.jup_snscope_hsierra
35f4d0771300b6ee,utils
35ffc45ce9745868,sprintclosedstring
3600d726e00b3ee6,issonyorxbox
3607b6280484cd04,buttontriggerleftprompt
3607e69b99e42aff,abilityrefs
360b59a3ffa75deb,warzonedescription
36101563e8871e80,spikecopy4
36101963e887254c,spikecopy0
36101a63e88726ff,spikecopy1
36101b63e88728b2,spikecopy2
36101c63e8872a65,spikecopy3
361862675ee80bc7,menu/reboot_popup_title
36265227950efef3,placement_tier_string
36283823f362b953,perk_selection_changed
362d1a0d927cf818,ret_sat_hybrid_01_alt
36341c3542f72819,mission_panel_cycle
3634da731c5c2cb2,lockedicon
3634dc9aef3c1ad0,ui.generated.widgets.ingame.reticles.reticleoutercirclemike9
3638ccdd8bcac3e6,getwidgetdataatindex
363b132a8abb6ae9,highestcelebratedposteventmainmenuvalue
363ee0fe85ca37f6,pausetext
364e2b1f0f16dae8,randomized
3652ada92bfe88c4,focused_button_index
3661dd7c1344feb3,limitedtagprimary
366649769b88075d,leaderboard_context_data
366d78e5048eac69,hideammocounter
367ef4b093ab70d5,defsets
367fb334e5066ee8,gooddarkblue
36845423d89be7a6,updated_challenge
36846e8c904a86e3,armorydone
3686f35e265e5f13,reticleoutercirclemike9
368bdf65009a5e4b,lui_custom_game_rules_enabled
36925aee739acf43,matchtomatchmenu
3693a100ef1b0f8d,ret_cer_loot_s45pday_rangefinder
3697480988017038,weapon_level
36995bfcd566e7ca,ui_killcam_killedby_using_spykit
369b19e7b5aa9bbe,promo_tab_timer
369b7728f09817fc,hotitemtext
369f413fd699971a,isdmzoroutbreak
36a22eb4aa7d0809,brightyellow
36a61eb74a7f7c13,battlepass_ids
36a636cd9cda8ae3,thininnerhor
36ab5a75d73cc9cb,countseparator
36add8cf1fcc4725,isdemolitiongametype
36ae3c345fd1fe33,row_logo
36b222e66f7857c0,ui.generated.widgets.ingame.reticles.santavdot
36b31676a2b863f3,codaccount/merge_conflict
36b564fc2aaa1c37,equipequipmentconflictpopup
36b748ab342acacd,showloadingspinner
36be5b48dc81b6db,wolverinegreen
36c7b195d07d1724,leavelobbyplatformblockedplayerwarning
36d44caf1e5da3a7,ui_gameplay_telemetry_weapon_most_damage
36d568a178558b1e,text_chat_gamepad_enabled
36d7d58561ed69e9,input/kb_page_up_button
36d9b901edb64170,ui_gobblegum_slot_acquired_notify
36e32561d00a8017,ui_iw8_plunder_added_bar_stop
36e54dc0b915d88a,isreactive
36edb9252b8aa632,ret_sat_loot_s15inventor_thermscope
36eec9996d45f7f0,arebrplundersitesenabled
36effc2c9791f105,focused_weapon_ref
36f83dfdcb62ea3f,isleagueplayingame
36f98b0e23acdfc9,blueprint_list
36fa51d0c00c2509,barracksblurlight
37008fc825ad638f,bindingpreviewbuttoncaps
3702ae6da42b1557,getrankedstats
370a6dc56493426d,enemy_team
370e3b8b50632ebf,objectiveforegroundnone
371ad4333e983edb,item_details
371c1844d6e1c5d4,onboarding/cdl_rules_2
371c1944d6e1c787,onboarding/cdl_rules_3
371c1b44d6e1caed,onboarding/cdl_rules_1
3723cf4e6752b0ab,blackcellevolvingslide
3728e25123bff968,icon_material
372f724856c90ba3,party_ui_root
37303b061d64797d,ui.generated.widgets.ingame.ingamemenubackground
37323b58327ae079,daisy
373a023a71ef3858,ret_cer_loot_s5gberet_rangefinder
3747b232806dee95,reticlecrosshairlauncher
3757337603e41d35,doublexptoken
375a952817412987,microsoft
375c0c1621574a11,editdisabled
375d6a8893b316d0,wheat
3762850320d31885,ui_pri_weapon_ammomod_zm
3766e966b8dee558,class_bundle
376722ab05ac65a7,_listitemindex
3768cfcee994b4f3,ui_multi_roulette_marked
377153ca7eb211df,tableexists
37730ca31c413511,allowclasschoice
37770b20fb8f5c79,longline
37801a71c739bdac,splashconfiguration
378045f77b0cf10e,lua_menu/footer_tooltip_quit
3783f80670c6635b,yellowgolden1
3783f90670c6650e,yellowgolden2
3783fa0670c666c1,yellowgolden3
378d3f7f955e3fd1,bunker_buster_attached
3790271fe1b730ff,rightaligned
37904da74eeccbbd,menu/favorites_caps
3794a5d1075c8fba,getcategorycount
37a13790a4215240,ui.generated.widgets.frontend.unlockcriteria.criteriawidgets.unlockcriteriaplayerprogression
37a31ea936b81ee3,jupcallback
37a439a8389ca356,sprintprocessing
37a5e19172aaf416,hitchseverity
37b5e9c0d4e2d032,ui_killcam_killedby_id
37b86c9d5e8ddf36,isvalidperkref
37c6c7f12be19eb2,shouldstoreshowfactionlogos
37cac27bef21f742,equipped_operator_index
37cf2d145aad9b28,first_column
37d71bffcbd51172,setisequipped
37e0087fa6bd3b37,current_page_index
37e814b2bf403ce5,focusborder
37f6df927cb87bcf,ui.generated.widgets.ingame.reticles.reticlearscopevz02
37fe7625f1f67a00,resetbuild
37fe773ae81f0e27,damage_active
3801b88195d39cbb,bronzehighlight
380d8c54427425e7,primaryaccent600
380ed9beffaf9ae3,ui.generated.widgets.ingame.reticles.jupiter.jupreticleouteracogclassic
381313c770daae25,lua_menu_mp/time_to_beat_empty
381409384b3e1327,button_id
3817a4ce50ccc1e5,modecolor
381e26384b4698f3,button_l3
382b4e91accbe29d,contextualactions
3830b4dde0f10a69,mutestrategy
38347b688385f41f,deploymentfees
3836c8ad984f14f6,issony
384370fb280ac862,ui.generated.widgets.ingame.reticles.extrareticles.reticleoutercirclesharppostlite
3843fe1660697854,menu/binding_instruction
384a854c71e6eb2c,fadegrey
384aed81d8002b09,customtablist
385060f21c2c382b,text_chat_id
38518b84dfaeb5c5,magsinfo
3851ee9e5f807cf0,ui_mouse_over_hilite
385370cea181bd2c,com_statmon
3862381e95ec3dcf,notifications
386f8a992e59cba3,missionfrontendcinematicslist
3871cad63bc1ecd1,num_tiers
3872fd384b8e9347,button_up
3877b99c8ba1e99e,gunscreenkdtracker
387a4b1320961261,hasmultiplemodes
387cf29bc16527f0,jupyellow
387e5db5f00ca9eb,backgroundfocus
388459214eff103b,focused_item_streak
388a3ce56dbfb530,useeventcompletedoverridecolor
3894ca85e6f65e32,deleteweaponbuild
3896a3c4e021cd21,activestateicon
389a32e82c8bf563,buttondpadupprompt
389b53663b8119b8,packages
389d9a60bbf333ff,ui.generated.widgets.footer.unmuteallicon
38b921b4ce4e20c5,level_name
38bba62fc72a6864,gametypes
38be6d6331d362c2,voice_data
38c7a8c4c5fd9892,unsubscribeandfreemodel
38c9129210b7358e,ui_keyboard_result_ok
38c9ce2d4ebd4c1c,buttonalt2prompt
38cdd81f410486fe,bleedoutinlaststand
38d850ca807ed4a0,match_status_hint_index
38dc02d04039c235,icon_type
38e3b6ea25c7eec4,squadleadinfopromptmemcontainerwrapper
38e47a640f096742,getgobblegumstore
38e6cb043dfdc313,gunscreenvaluablesdmz
38e8102d8fd96b98,is_self
38e9f13c9da3a95b,playaudiotest
38eab5e7f07757ce,viewpartyaction
38ec984ad65dc655,newprimary
38f426acf144eb75,gamer_profile
3905746a54d4b5ef,selected_playlist
3905f9a58b73d878,magmalayout
390c16a335041c4c,fuzzypeach
390c545c794c7704,canusegulag
390da21817b1d6e6,scrollbar_pip_mouse_over
390ea37edac19101,is_codmas_clash
391438cb80a18a84,lui_enable_upsell_operator_select
39160a26f0b29ba4,ret_cer_loot_s4bnoir
392b1d9c9d60bace,operator_skin_buttons_list
392d33e57e9617c1,weeklybonus
39379f58c267ab45,isbrbuttonlayoutactive
3937b2ee932182fb,bayblue
3938df81a2f7a9e3,_style
393afe43e4ba46d7,getoperator
393dcfe89fd0f430,has_button
393e7ebb8c9a5abe,titleheight
3942962034f39238,updateweaponclasslist
39477a06b9a3ffba,ui_in_loadout_sequence
3947d8e26a7b74c8,invalid_id
39486564e604fd27,selected_setting
3948b71ca641b33d,attachment_categories
3952830a239689b9,training_course_station_supports_instructions
3952c684b0817986,tile_background_color
39582a1b9fdeccee,ismouseonly
395bab9a6b1ea420,activeisroundbased
395d9f27b37d029f,frame_visible
3962b38c1a917707,enduserevent
396e7b8baf5a1d9e,select_role
396fca0060c4ab8b,softsuede
3971aeb949a733cf,is_restricted
3978f51dd08ae006,betacountdown
3986b09270572d37,isareadenialpubliceventenabled
3988d74cfcaf18c5,transmissiondata
398a1081aab407e0,smartgun
398ecbe49765f51e,omnvar
3995c71f34fa1605,current_phase_index
3996433cf63e601d,glowpulse
39a3aa557664c3d1,weapon_slot_tertiary
39acf486233c7c74,is_in_gulag_match
39adb49b85b5a228,secondarytab
39b1a23b6b6a3526,whatshot_tile_position
39b36b88a2c168f4,collectible_description
39b8ac884f05841c,isakimbo
39bc44889c29828c,platinum1
39bc47889c2987a5,platinum2
39c418c11a18ad90,variant_object
39c62cfcfe7a8e7b,focused_playlist_challenge
39d0cf3c97f77fa2,text_hint
39d18f77409f8c3f,tangeloorange
39d238f3700d92b1,carribeanseabluedark
39d3f9449904bbf4,goldtext
39d82f8fc082ea87,getperk
39dda9f02af05552,unequippable
39e597a68b5c5220,backgroundmp
39ecd075e85e4949,ui_character_slide
39f524b60c193ba4,reticlelmgbase
39fa0ba9116e7fed,purchasefpsku
39fcfdfbc679a130,shoulddisplaypremiumupsell
3a01fce0fa7c171d,setlockleft
3a061e5f427115dd,ui_lower_message
3a0af959f1879d86,getcardimage
3a1b7edfbb748d7e,revive_old
3a1d2db503993261,timercontainer
3a252842d20cff32,reticleholotherm01paranormaldirection
3a26d0ce2261fcad,sprinteventended
3a2a877897ee8261,productid
3a2ad65a2e64ec17,ftue_state
3a3142cba3634f7f,toastnotificationbutton
3a4e56f2d8fd2e2d,rexmp
3a5446675ac8e97b,ui.generated.widgets.ingame.reticles.reticleminireddot03animeshine
3a59ef184f470093,shared_inventory
3a6129602c615ff1,edit
3a63ba8a4efdf07c,protunedlabel
3a66a56bd76bb8a1,gamepasstext
3a6aefc1ceddde34,shouldbeinfocus
3a6c2a4d20cb97ea,bracketleft
3a79cd46b5da88bb,channelchatheader
3a7fc167812ed1e5,nameplatesreceivepings
3a823384e8238cfd,restartpracticepopup
3a858c118d999444,leftwrap
3a889ca3a9944b82,ret_sat_long_01_zm_rangefinder
3a91ef1b33bd0abc,button_mute_microphone
3aa0c4d70a918fd3,codhq_tabs
3aa17ebf177bb90f,ret_sat_loot_aerial_holorange
3aa37fdc9a69cbe8,weapon_magazine_size
3aa5e6730540f921,should_show_summary
3ab5f947112d6437,chateaugreen
3ac3a88944710826,updateplunder
3ac9ab20c49792f2,leagueplay
3ac9e5e0454eee69,free_run
3ad041992eb2aec9,usingsplitscreenupscaling
3ad2f02baca74379,instanttext
3ad719573301d55a,ui_cranked_bomb_planted
3adc882994dee8e5,removefriend
3add7bdaa9070dce,gunscreendanteinferno
3ae2bd6d1c4a3f84,tier_item_primary
3ae95ef6f64db794,isbrtutorialretryenabled
3aeca7f56b3465d5,astralcyan
3aefbcbe2a66f666,event_period_ended
3af3b515bbbe9cfc,is_external_game
3af4f2ddd95d462f,shouldallowchoosingclassbr
3af99da7bf7e3169,isplayerinrunningleaderboard
3afb89cbc7986369,mp_ingame_only/loadout_tab_default
3b04f8ad9e180c9b,platform/shader_precache_question_title
3b096283fb5417f7,getprimaryweapon
3b0ccdb786437aa1,pick10pointstext
3b0cf28e8b9d9275,damascustext
3b122ead1f939732,should_show_leaderboard
3b17c45ece15bb20,__playercardbundle
3b188c4aa7993cb8,arenabrownlight
3b1a2ce64baa6bd4,lightcyan
3b1c38e058b4e8cf,laundrylint
3b1cd6d5b4d66444,defaultshowcaseimage
3b20fbe3eb85faa4,screenexplanation
3b244477ea1321a8,first_language
3b273849b162d40e,new_slot
3b27f23b6d74170c,basebackground
3b3a13cbec203f3d,dummycontrollerdeadzonepreview
3b3c559d7e986c8b,dampenercircle
3b52eaf1aaecdab7,rechargespeed
3b530ab564ab23fd,defaulttext
3b531db3c5348bfc,ui.generated.widgets.settingsmenubackground
3b535275e18fc08a,medium_damage
3b53d69be8cbff04,styleguidesideeast
3b5725e57019f4f5,codaccount/email_exists
3b59169e9db818ef,arerestrictionsactiveandblueprintsallowed
3b598200faaf43bd,ui.generated.widgets.ingame.reticles.reticledmscopevz03thor
3b5e6da874a08431,reward_items
3b6015d031b70754,openaccessibilitymenu
3b62530fa177b0b5,blockplayerandremovefromfriendspopup
3b62a1d8ede8ddad,focused_item_details
3b66b731cbc26e9b,getimagelarge
3b690c451bfcc77f,whatshotoverride
3b69261fcd0cbeaf,filtersfunctionname
3b6e06ebddbbe7a9,deltaanimation
3b74e86024ffd13b,codhq_headers
3b7a14b9db143971,isdmzqaplaylistenabled
3b7e04c51186ef32,tacticianbonus
3b7f1309a707d078,leftshoulder
3b80e9b890c2a036,show_rarity
3b85420e206815d9,getchannelmembers
3b880a845d977faa,iscancelcontractbuttonenabled
3b8af317bd3f7e76,disable_active
3b8b805ef1c5b4b1,infrontendmporcp
3b8ca934fcc2696d,greenicon
3b925488e46bb9e4,player_list_title
3b9648a6a6f79d53,isleagueplaychallenge
3b9c5c244edb3dbd,portal_timer
3b9f424f2f6b03f4,mousecursorcontextualmenupanel
3ba37c213db46cf9,ui.generated.widgets.ingame.reticles.reticlelaunchergromeo
3babca7f31e04b57,firstplaceoverridecolor
3bb3d4818f45b38a,ret_sat_short_09_wz_holorange
3bb746b7c5781e95,squad_members
3bb967d2f21bb726,ui.generated.widgets.ingame.reticles.greendot
3bc29d0631a0424a,isobloadoutusestats
3bc4bab82e171b36,silvertitle
3bc53105c28baa1e,multirow
3bc5baba4267d60c,supportsgamepad
3bd2f267a4ed3a45,kickaction
3bd7b24645852757,invalidlootid
3bd85b0587998dc0,extramessage
3bdc2ac973d02c84,mpui/enable_cursor
3be898c78715b226,ret_sat_loot_s5pinball_thermscope
3be97121f1874468,progressionunlockslideprestigebutton
3beb66dc7c083afa,ui.generated.widgets.ingame.gunscreens.gunscreentalkingcat
3bf234b2f9fc3bbb,ispaused
3bfc097ae655caa9,istokensquadwidgetenabled
3c02fd0e8fe239e6,codaccount/coda_error_generic
3c034d719f7d096c,frontend_screen_black
3c08ddc29818e1e2,masterybadgerewardsmallprogress
3c1419d2527d8835,joinablereason
3c172052a367456d,protunedgunsmithlayout
3c1856807823c952,instant
3c26a6e23e839f8a,onachievementactivated
3c2f9a24d39599c2,super_state
3c30f1fe34345c6e,socialplayerrestrictedprofileheader
3c343aa90485d81f,chatplaceholdertext
3c3e23ed8ef2e29d,vzbig
3c409877f8e00985,bindingsuccess
3c46037136f0265e,hasseeneventfirstentrytransmission
3c4ba8c996ee18be,stickerscenetemplate
3c4bfc3d1fd6467f,ui_customGameModeSlot
3c4e6dbec2c4f8d6,isagent
3c4e7152144b29e1,ui.generated.menus.privacychoices
3c4eede871d2dbac,ui_pri_weapon_rarity_zm
3c4f8c7ffe35cfff,ui.generated.widgets.scrollbar.arrowdown
3c50c5a6d800ea05,integer
3c53dde70e801cb4,sectiondata
3c5c5dde8f10cb2f,ui_bonus_points
3c61d02a005b9fe0,reticlesnscope06
3c61d32a005ba4f9,reticlesnscope05
3c61d72a005babc5,reticlesnscope01
3c6545b3341acc6b,bound_key
3c66019e165738c0,teamsettingssubstitute14
3c66029e16573a73,teamsettingssubstitute15
3c66039e16573c26,teamsettingssubstitute16
3c66059e16573f8c,teamsettingssubstitute10
3c66069e1657413f,teamsettingssubstitute11
3c66079e165742f2,teamsettingssubstitute12
3c66089e165744a5,teamsettingssubstitute13
3c676ab1fb40c2a5,ui_iw8_aar_cardhit_epic
3c689ee7c6fb47b2,ret_sat_la_fang
3c6cb87ebb3118b7,settimedbuttondisabledontimerfinish
3c6e91fe4692c5ab,ui_hud_healing_damage_event
3c70929e166083a8,teamsettingssubstitute25
3c77aa83ef694e27,getweeklychallengesbyrewardlootid
3c7edf27e8e69c51,scarlet
3c7fd09c3ac034d9,ui.generated.widgets.options.sticklayoutoptionsmenu
3c8247ed2397a4dd,importsettingsscreen
3c84c6d88897760f,layoutselectwindow
3c85abbf9015ba96,ignorexb3userprofilechange
3c85b3a0814e9959,usebrlootraritycolors
3c90db5cc42767e0,ui.generated.widgets.buttons.buttonmedium
3c91982b28b22e20,subcategory
3c98ff5a9c199011,midnightblue
3ca4207fd4892c21,vraminfogame
3ca4e1c73d16b933,silver01
3ca4e2c73d16bae6,silver02
3cb754352c974f2a,fireredsecondary
3cba16cddb9dbc99,isftueingameenabled
3cbce49c6fd8fb68,enablemainmenutransitions
3cbcf6e37d0c7153,vendor
3cc3ff5edf2ff557,onlinestatusavailable
3cc5ff93d13be9b3,numcharacters
3cc8bf892e4522d3,commands
3ccc088b38a30044,arepetsenabled
3ccff9fc1029a929,getchat
3cd28dbd28a1a0ff,alwaysonline
3cd453d3dc7eef2f,flare_color
3cd51e0680f2d875,gunscreencerbloodyreactive
3cda3554499e805a,frontend_preview
3cdc83146efffbba,is_blocked
3ce1211314dde4bb,crosshair_color
3ce1c2649e77a8ca,ui_mp_countdown_v2
3ce8280a6133c262,mermaidscale
3cf7670eaa61ae94,palegoodblue
3cf76aaa5ed0bb67,centermaskzoom
3cffcc4b5cef55c4,skilllevel
3d026d805f638da6,searchbox
3d04acb96629d94d,magazine_size
3d0dfb0a83677feb,getusedicon
3d11ba17d7619632,ammomodbundle_list
3d1282f2b0790abd,setforcekbmpromptdarktheme
3d16342bb5fc331d,ui_iw8_aar_bp_xp_bonus_slam
3d17169814d5695b,persimmon
3d1a3f623c65f2e8,altheader1
3d1e580768a92f51,tabbackgroundfocused
3d1ee730b8842659,javelinbuttons
3d1f5690d1f0087e,hasoption
3d24eaff37ff9c3a,gunscreensatmerc
3d26888e04c2fd76,progression_level_data
3d291a79d12014fe,cosmeticcategory
3d2b622b999e9576,skybreakouterring
3d34b540615c6a8c,attachmentappearanceselectlayout
3d35b786cf1da793,getamount
3d3c7431a4162395,battlepasshelppopup
3d4505375ad736c5,itemcontainer
3d5ac0276439a939,already_friends
3d5d69ba555e016d,getitemref
3d5dab3ff08ce88e,bindingpreviewbuttonstar
3d5ee3315e9b5964,backgroundhoverupdate
3d5f1afdb2277b27,childwidth
3d6128c084d2c339,lua_menu/match_chat_hint
3d61831751dde201,isgunsmithenabled
3d665c299c896fc3,reticleholotherm01altdark
3d66bc59835865c7,hud_shake
3d695bd2fd9a32cf,ret_sat_loot_s3flame_thermscope
3d6ce74b2d6d0043,combat_rating
3d71ffb739ed674c,ui/utils/dsetemplateutils.lua
3d72da97d563bb3c,is_vehicle_gunner
3d7388f973eb8ba0,res_cer
3d77cdd125ec3812,getreticlecategoryname
3d7b4422823e3f5d,ret_sat_loot_s2cshift
3d891b7e24539fe9,batlepass_challenge_xp
3d91d8c94318fd8c,time/minute_minimal
3d9717ecf9d8b1cd,playagain_members
3d9ec50379060f88,getplayernamecolor
3da391fa291ecc53,tunablecog
3db04adead46b34c,ui.generated.widgets.ingame.reticles.extrareticles.reticleoutercirclesharp
3db1cf9457a55d85,canaryyellow
3db32dae8d48e097,sv_running
3dbd4f288efb464a,bindingpreviewbuttontabs
3dcf8c26153205b6,arenaorangelight
3dcfc06bf6bfc5f5,field_upgrades
3dd1e4623c6ccada,selectedareaimage
3dd38e98bee537bc,is_dead
3dd938d728f34511,headeronlyexpander
3ddd0b95b9cf813d,staticborder
3ddd213c9c4f2300,backtodefault
3ddeddd761299c7f,getitemcount
3de66bbce54d5d12,keyboardprimary
3de8937bd7e6d2c9,ret_sat_loot_roadgate_thermscope
3decc2bb1c84df75,brdisabled
3df0070cbc12ebe2,selection_index
3df35e53d87ed0c5,label_item
3df693275aaaf02b,isbrlprankdisplaydisabled
3df6adb921de01ea,challenge_inactive
3df9c7b795b7e6c5,ignored
3dfdc3b84fb76474,tagbonuseffectgeneric
3e00feb46a9a9278,lptop250position
3e0695e736007003,deferredfenceinprogresspopup
3e0ba5edfd70c691,overviewtext
3e13a666ada91ddc,saveweapon
3e17769c37578f72,ret_sat_loot_s2rechargue
3e269ec8b90c3dcf,getprogresstext
3e29918235ae1325,sticker_list
3e2b72d3db482b35,geticonname
3e2bf3d2b538873b,tier_skip_purchase_achievement_partial_complete
3e3a8ec50c16f057,limitedtagsecondary
3e3b27a9b83d8833,glowice
3e4243e5df6fadb8,ui_iw8_plunder_banked_bar_stop
3e55e0df9704231f,grid_image
3e57d848b7485c45,styleguidedarkgreen
3e64c014c63ad127,ui_bink_zoom_out
3e6e78da7626ee92,opengunsmithfromprompt
3e7bc6fe46c7c689,isvalidoperator
3e7e2f50fa49043d,cruise_package
3e86fc71fa8d4c9e,weapon_slot
3e8b996bc74d1029,launchchunklobby
3e8c71ae25f33d69,raresecondary
3e91ff8d91ca4fd1,ui_hilite_submenu
3e964440324455b3,playercardimage
3e977a9251c0aa9c,getcamoref
3e9bb56268e80411,bombzoneindex
3ea2bed97f3ac3dc,getemblemunlockableprojectsfromlootid
3eb7d81273d78b60,docked_alpha
3eb95b271f8a4616,tier_index
3eb980588ff51835,myparty
3ebdab028fc7d21e,operator_skin_loot_id
3ebef668a3ac1a74,itemcard
3ec2a2c0cb8baaef,getonlinestatusicon
3ec6b20049edf7e9,setplaybackspeed
3ec824d401aa9ad0,season2primary
3ece5d6d9a7f616f,vraminfoapps
3ed26db9d42808b3,menumain
3ed511664f22a03c,reticledmscopevz03thor
3ed9e5db0dd2e9a0,barrackschallengeitembonusreward
3ef1ec1021f0e511,getdisplayorder
3ef35d51c6930e61,isepochtimewithinrange
3ef6ec8977d63a58,toggleblackcell
3efd830ca3241bab,iszmroundbased
3f02200833f8ab6b,getsmallimage
3f05ca435f9b49d0,popup_active
3f07223cedaeb576,mapref
3f0aef465b5e5098,codhq_store_tab
3f0e52ce00b68176,can_use_gulag
3f1402023028f4fc,ret_cer_loot_80sarsenal
3f1a3b18de6ae902,skip
3f1d830b4780198d,mod_value
3f218706a250a3a0,vtextoffwhite
3f27e8a511abe384,iswztrialsaccessenabled
3f322e041d17e903,ui.generated.widgets.options.brightnessguide
3f35ae350986bed1,refresh_backbutton_input
3f3845563ce4ad80,ui.generated.widgets.options.keybindpresetdetaileddesc
3f3bbf1c33a44ac9,ret_cer_loot_s2icenlava_alt
3f3bdcab90cd5e4d,ui.generated.widgets.buttons.buttonsmalltall
3f3e3b1f71cdce33,new_value
3f4cd8679f88e2f1,reticlemrad
3f4ec3ecb1cadeb4,ingame
3f521ebbac464f48,childlosefocus
3f59fb705f18a907,blueprintlootid
3f5dd55801379344,hide_in_ui
3f5ec959aa4ca6ce,locked_description
3f6134fa2e384304,positive600
3f613998a458ae3a,damageflash
3f614f187dc9dbd3,rexstyleguide
3f685226a660ef62,lootsource
3f6db41f9a744aba,displayrarity
3f6e5513d51d3852,spacing_size
3f713083683b4c13,prestige_summary
3f7250956c471d74,hide_banner
3f73c783789881ba,purpledot
3f840f3614075e8d,isnightmap
3f8468ec304f0969,getonboardingoperatormissionsdata
3f856a52099f5328,isavailable
3f91f382044abe54,ui_show_quest_ui_nohud
3f9405797949579b,ui_mpmenu_move_down
3f9eec20f2d6ff19,bomb_site
3fa741c8085af182,meter
3faa46458677d3d6,ui_reticle_overlay_visibility
3faefc90000a0120,loadscreenhintoverlay
3faf9935cb5e2def,ui_in_spawn_camera
3fb1ad63dc5aa3b8,ui_victory_condition_completed
3fb7b9168ac3797d,button_released
3fc85cd08d4bc988,genericpanel
3fd60c20f30677e9,bomb_side
3fdd951e31847eaa,algaebloom
3fdddcd9963f2abe,getoperatorskin
3fe557ea8e5f6e77,pip_focused_index
3fe769a12ec79d10,overrideloadoutanimations
3fe9929a2cec1dfe,is_sub_menu
3ff22d50f7575fd3,styleguidematchcontestcontrast
3ff3278cf77513c9,previous_attachment_blueprints
3ffdd87bcae63393,ispermanentlyunlocked
3ffe41ca0a1d9b7c,loadoutclasslistaddbutton
3ffe4ffad748d67e,ui_nuke_end_milliseconds
400ad34a9e04e14b,deploy_type
401467d6bd3c887c,selected_mode_ref
401760d302c8b2dd,ret_cer_loot_s6record
40188e38eb60cd93,pap_level
4019ae640d904748,ui.generated.widgets.ingame.reticles.reticleoutercirclehybrid03
4019af640d9048fb,ui.generated.widgets.ingame.reticles.reticleoutercirclehybrid02
401dbee6bc8e5be5,premiumpurchasecelebrationbink
4021db03ba5e9830,updatetoastposition
4025866d83f103a9,executionselectbutton
402889c3759e567f,isluigccollectedflaginitkilled
402d1bcc7e6f9d6e,home
402e493e88ebf402,subclassid
40323b5cf0b18a9d,nightmap
40370f22113bd687,faction_name
40384b0bfccc9b5a,ui.generated.widgets.debuglocalpremiumidentifier
4042aa4c0b4d2a3b,specificaction
4043c09d38a39d8c,ui_cranked_timer_time
40466585bcad5778,ret_cer_loot_s3swolf_alt
404d4fafd94d38b7,fill_temp
4051968f9be4a326,getaspectratio
40561870062fb7c1,zmcritical
405a4bb32647ebfa,ret_sat_short_03_zm
405e4332a0e1d7d0,incompatible_string
405e5c3aeeaad019,next_prestige_description
405e9f832f2c75ef,mp_ingame_only/loadout_tab_custom
406831ac1c10ce98,fingerprints
4068f85f5898526b,getdisableddescription
406c88e7f1946bd1,dvars
406f73f3868c74cb,weapon_build_list_height
407003dfc2ec4f8d,hudnotification
4071674fc303e25a,kill_confirm
4073ae6f498fef89,item_button_state
40787b1ff2894875,getcurrentdaymonthyear
4079f3d7c332b099,getfullname
407feef1fe492b7a,_isdisabled
408025b326687aa5,ret_sat_short_03_wc
40803cb32668a1ba,ret_sat_short_03_wz
4083e22d13c2fba4,recharge_speed
409011c4354c7b0a,showscrollbar
409059720b2d04f0,colortype
40973c292b20f103,enablescrolldownbutton
4097ac2847c021a9,hide_button_prompt
4098e7321dd6941c,ui.generated.widgets.ingame.reticles.reticleholotherm01altpenumbra
409a00ddf70fe3a3,ui_world_event_timer
409d9c8eda861825,fullscreenimage
40a00fd99130a1b5,almostsand
40a22eb326857056,ret_sat_short_03_mp
40a302c32354d8c9,insufficient_funds
40a58709ae93b779,is_wide
40a8c657590137ef,ability1_upgrade
40a9fad4d08607e4,mysteryboxvisuals
40ab40c2fae7e708,lightgrey
40ab73604598519e,doublexptokenvisualoverrides
40b077b413377335,nametext
40b2efa0883333ec,setmode
40b92a814dccde19,hud_rave_photo_snapshot
40badfe9f0af3f46,ui.generated.widgets.ingame.reticles.reticlearscopetherm01
40bb9257e533ea60,bindingpreviewbuttonnum6
40bb9357e533ec13,bindingpreviewbuttonnum7
40bb9457e533edc6,bindingpreviewbuttonnum4
40bb9557e533ef79,bindingpreviewbuttonnum5
40bb9657e533f12c,bindingpreviewbuttonnum2
40bb9757e533f2df,bindingpreviewbuttonnum3
40bb9857e533f492,bindingpreviewbuttonnum0
40bb9957e533f645,bindingpreviewbuttonnum1
40bba057e534022a,bindingpreviewbuttonnum8
40bba157e53403dd,bindingpreviewbuttonnum9
40c10bada5fd4655,skin_total_count
40c3738a2c002c4c,ui_use_alt_bonus_items
40ce2426afe969b2,movedright
40cec7525c2fbdfe,iw9dogtag_silver
40d6b27407a9bcee,ui_enable_atak_down_state
40d88303505613a9,closenexttitleinstantgratcamonotificationmenu
40e0568a4e1a51c1,categorytotal
40e61f02759a1127,ret_sat_thermal_snpr_01
40e811cb03c2e163,mostlypureblue
40f29ead2af1806e,streak_score
40f53de5539d28d3,current_gametype_icon
40f8c077b3d8211b,focused_operator_name
40fa43fc917f771e,isbrobgametype
40fefd12e8fd5b0f,socialpartyviewpopup
4104db31af8ec901,ui_hardpoint_timer
410868b2843f3432,buttonpromptsettings
412c654803f0c80a,toggleoff
413872d24e4d128d,isunlockcriteriaenabled
41398833749df7a9,istop250active
4139daf073a32bca,blackcellxpboostsmall
414a06da8dc22172,storelimitedtagextrainfo
414deae04b7e0be0,eventnotification
41562f68cd3eb12b,credits_active
4157581e2572c47e,floor_up_action
41587209460e69da,isplaylistindexenabled
4158d2f973b8489e,is_sprint_based
415d497dc0ee7754,woodbody
415f12e2ec36e02e,ui_only_default_loadouts
41664cf1158d3fbf,best_placement
4166feef2b41989a,dangerclose
41692695c6a12bee,minor_ability_upgrade_image
4171ce3b7cadb207,generic_data
4175528d4dbd72c4,showbundletype
4178703ce459ac7a,cross_launch_presence_join
417ef28868cf6f54,extentleft
417feaa27a4c12d1,is_favorite_loadout
418a44b90384b5d7,genericeditboxtrailing
418ac828fbf626d7,uin_select_gunsmith_attach_gnsc_bltb
4190e0ea5325b89d,hitch_severity
4191c1637a229078,isitemlocked
41930b594656b502,headicon
4198e8bf0308b1e8,mic_icon
419b8e17eee0c9bc,two_controller_connection_changed
41a9f41c25fa1243,xboxlive/leaveparty
41aa2f2aa41904b8,ui.generated.menus.frontend.social.flyinpopup
41ab293b9a012d01,gamemode_description
41ae687a133ba3ba,less_than
41beecee4cee537d,desertclay
41c171b52673603c,context
41c648b509926796,glowcorners
41c746ef3b9451d8,ammomodicon
41d07d4a6934ba21,getonboardingweaponmasterychallengesdata
41dc8766d5b9dc49,buttonrightshoulder
41e126fde068fb03,mp_rex
41e1c705a22ddf1c,cod_points_banner
41e3222a97f60f00,weapon_display_level_max
41e984434b9e8bc5,ret_sat_loot_s3onsen_thermscope
41f71d643a70c0ed,ismlgrulesenabled
41fb82669ddf47ef,base_weapon_image
41fda97e951d916d,lootrewardimage
41fe320fc433d9b5,iteminfocontainer
4201931139e54d1f,isdogtag
4214f2a6ba3257cb,confirmloadoutdeletion
421d6ae96d783aa7,squadindex
42208c8c2ff6aac1,ui_perk_streak_progress
422e0432dfa9c119,isattachvariantcategoryblacklisted
423341ca81094829,ret_sat_loot_dotgreen_alt
42436a7240af9fc2,weapon_start
42446c4ecc9a8bd0,incomingmissiletext
4246189fb9543766,tutorialheader
42534b2cd19b1791,ui_iw8_aar_cardhit_common
4257cc51c3c85a6a,ui.generated.widgets.optionskeybindingbanner
42589e83393b72d3,hudshowknowndigitsinkeypad
4259c2343faa379d,extenttsharp
425d3f3fe4b61e3c,cameraanimation
4263e8802aca9df4,horzlcopy1
4263e9802aca9fa7,horzlcopy0
4263eb802acaa30d,horzlcopy2
426adc7e4123d5bf,challenges_bonus
426c53def4544d07,ret_cer_med_09_zm_therm
426ca875fbc32f15,ch8_season_4_launch
426f73b62e5f1c09,components
427496c127a34f37,boss_board
4276a29fd06494af,ui.generated.widgets.accordionpanelheader
42788a40a07dc02f,prop_royale
4278f31e285a95f6,getrankname
428232381baeba4c,ch8_tu0
428233381baebbff,ch8_tu1
42868f2395658b60,framegenerationtype
428d18561572c8fa,display_setting
429d9056629f6855,ret_cer_loot_s35magic_alt
42a28fa816371bb7,platinumhighlight
42a2a69ff089e387,menu/waiting_for_party_members_to_join
42b0d48493f122d2,weapon_category
42b3410dfb1696c6,itembtnheader_idle
42be3c69fb9b9fdb,lockedlabel
42be5942720355eb,completedselectedareaimage
42c16ab1a2eeb758,_isgrid2
42c37ae8a2950f71,global_panel_id
42c4c0063e2b04e1,tab_type
42c5001baba11491,isusersignedindemonware
42c69c86f1e155da,ui_popup_neutral
42ce8ed2226dd02a,hasproperty
42d0a65ef827f74e,crimson
42d53e567797e0ba,category_data
42d5a663b44ba544,is_zombie
42db30a076cf51ec,cer_season_1_75_w11
42dbd83ffac3cc16,frontendbuttonsgrid
42dce574f5041295,remove_parent_active
42f25530ea1d2190,virtual_keyboard
42fde487e4315200,color8
42fde587e43153b3,color9
42fdee87e43162fe,color2
42fdef87e43164b1,color3
42fdf087e4316664,color4
42fdf187e4316817,color5
42fdf287e43169ca,color6
42fdf387e4316b7d,color7
42fe408cf881c69a,mainmenulines
42ff01a2e311ee9a,menu
430dfdbac992f45f,isinofflinemenus
430e7a3d2280450e,random_skin
431664db339da6fc,istrialeventavailable
4319e5544a4a36ef,alert_has_perk
431b5e4e86863eda,store_tab
4322ed46f60e7a4c,customizations
43292017d1e90095,selectnextvalidchannel
43335052f5bfebf2,mediumtile
4337db1d62386606,displayrestartpopup
4339de2c0c0d5872,_elementclosed
4347b4c88ab97844,ui.generated.widgets.ingame.reticles.purpledot_tim
434a73f29c6eb233,featuredbundlestitleimage
434d6489787e6f75,onboarding/master_challenges_1
434f66a1613fa991,scrollbar_pip_focused
4354a95c26de38c4,current_weapon_level_progress
43664ab9217a3ae5,partycodetext
436b9424d1b659f6,button_width
437cd001829cb272,newindicator
43840c5c2782ae41,basecenter
438560cb9fd4646a,code_name
438674d4df3af83c,squad_rank
4390849234fae050,northerngrey
43916bd8e210ee58,ret_sat_loot_s35pcydon_thermscope
4392e54e8d5e4b66,getprestige
4397e9c6e033a4b3,ui_show_armor_at_squad_index
43a11c41552aece8,rewardavailableentrytransmissions
43b03da3bb75181c,dummysticklayoutoptionsmenu
43b2b7918fc0fe18,update_button_layout
43b4916e357ba517,ui_super_hacking_progress
43bb415aba9d1ad1,ui.generated.widgets.seasonbanner
43bb743c01674954,getmapname
43bcacfc9c3db040,streammaterial
43c323f558763d65,isplaying
43c71b7d09bc6468,flyingbananas
43cbbadcd695ec00,bottomdot1
43cbbcdcd695ef66,bottomdot3
43cbbddcd695f119,bottomdot2
43cc397f1d5d3957,linkkeybind
43db459078b609fd,loophole
43def064f2c68d5c,unlockgroup
43e0a6b670d686c1,messagesgrid
43e6a23362b6dadd,module
43e6da761e23f2b4,showequipequipmentconflictpopup
43e9067771256c42,ret_cer_loot_s5leather_alt
43eb3b9bc13b6c06,storecategory
43eb43288c4cfa15,isvehiclebatteryenabled
43ec6fc525c60e5a,crosshairtop
43f46e02c6604b71,damage_priority
43f570d0d36ef21c,widgetentrywideaspect
43fb0422e8159e74,ui_bomb_owner_team
43fd3c37f5ee7235,iw9dogtag_gold
43fe3cd4f90fd42f,codpointsglow
43febffc7f7012ed,equipment_old
4400a7865e9d51d7,getloadoutindex
440601880117fdcf,newdailyicon
440d1f20dac4a0b2,viewbundlespromptstring
4410440b32306b51,scoreboard_state
441a167919a5f307,status_color
441ed94cb42689bb,ui.generated.widgets.listlineseparator
4421c1bc5ff20eac,updateemail
44295c3136a28452,ret_sat_fourx02_def
4429ec4911c81f2f,isweaponstatusattachmenthighlightenabled
442e42c736c2af24,refresh_perkpackages
44307701800c6e89,isquickequipenabled
44391976128123d2,bundles_skuid_to_display
443b1328d584cdf8,ret_cer_loot_s4dadler_rangefinder
443e53a7d1147202,playnowdatareference
44422609575960f0,external_game_title_id
444a6fde5a3a49bc,quickequipweapon
444bd7b93215955f,show_tag
44641b4149393204,lua_menu_mp/hidden_unlock_criteria
446779f86c524508,row_index
446c511622554901,arrowrightdefault
447041d689cdbaf5,game_upsell
4472dd9c0442182e,firing_range_scores
447cf3a172d16e35,enter_message
448d718d82ba33ff,lua_menu/collected_x_of_y
448dd7e84102254c,headerglowcoloroverride
4490f764cd8a9e61,unlockcriteriabundlecompact
44a313481b34f7c1,channelsgrid
44a5692560f5b478,gunsmithscene
44a6038729b4e7c6,gunscreenclown
44aec3f2676acffa,view_model
44b095d708493d4c,openresumeorrestartpopup
44b34d9dffca9d07,reticleoutercircleroots
44b612ba739b38f0,is_locked
44c03fb5f50d20e8,bundle_row_state
44c89cae2907f499,conversation_start
44cdd00f3346c1a5,openseasonaleventtierskippurchasecelebrationpopup
44d1e1c6438c93f5,widget_tooltip
44d35ec7c8da72bf,map_image
44d449a82beaead1,ui.generated.widgets.genericprogressbar
44dd801f830fcb78,event_category_color
44e46339af251196,teamscore
44e4ddcce570880e,horzbars
44e51bb82d359cc3,ui.generated.widgets.ingame.reticles.reticlefourx04vdayheartbreak
44e8a464a92afd5b,titletxt
44f21f2f372301ad,leafchild
44f287d5aba05a13,proximity_chat_timer
44fba440334d949d,battlepassmenu
44fe387fb0ebc559,mission_key
450513dd44eb848c,points_text
450cff57b2cb0fed,shadowwarrior
45113698a3201d6b,getfeaturedplaylistdata
451249e79f141e3b,brviplightgray
4517d5b66795e355,league_play_type_res
451b00236d49222b,masteryfinishedstatsbacker
45251fc6be811997,bundleenableemotes
4527b1bd8e8c05b9,colorpickersquare
4529b1f6c1bb3493,deepocean
453354d33000ed03,ui.generated.widgets.options.gamepadbuttonswapoption
4535a2b87404071b,ui.generated.widgets.ingame.reticles.reticle21hybrid
453bfd984fe0bc20,reticle14hybrid
454134a778dc77da,ui.generated.widgets.buttons.buttonjumbo
4546d0282c8774f4,cleanpool
45541e3451188342,getsettingvalue
4555499346f34fe3,baselines
4557e2377493b205,wzoperators
4562364e09176965,online_mp_party_xpscale
456424b2ba621eee,hasbeenunbound
456b5c5d20edbec3,ui.generated.widgets.ingame.reticles.reticleholorange01pstl
456b84a9fe679525,allowplatecarrierdowngrade
45720e76669930a3,cg_netStatsPingHighDedi
4573070b6df7d83a,text_message
45743afcde807d99,onboarding/tdm_anywhere
45770ee1a2a64cb6,selected_weapon_class
45779f6856b075d8,campaigntestmenu
457e973ab51efe6e,tier_skip_purchase_confirmation_cancel
45801c03fb3fa40d,ui_playerarmorstate
45823da892cc3028,ispermanentortemporaryban
458389c8363c1c61,ui.generated.widgets.memorymanagedwidgetcontainer
458ed32c9e3edd11,isquickplayplaylistenabled
458fa4bde7e1fd7c,darkphoshper
4593a237d4451229,scorekill
459840d8626c925e,slot_index
459860ab5308940c,getnameunlocalized
459aa11ecfbcc0f2,imagelarge2x1
459cb4ba6625aeb3,update_config
45a10ac9964fa799,extentlsharplite
45a2d7c49cf41686,secondarysplashsoundref
45a54f17e2b537dd,tabglow
45a6d88f78ac9e94,iw9background
45a97621f2167934,magscount
45ae7435a9ee13b2,slash_alt
45b287b729af6f1d,ironvault
45b4bb3959483696,battlepasslist
45cc1a5ee1d1b0e7,paleearth
45cf9057be81535e,showlprank
45e220e0d9f34bd4,isbuymenuallowed
45e3ede7af0fe701,waitingprofileusernamepopup
45e69d5a89c9c248,tablet_usb
45f03d252360cbf9,getfullnamewithhash
45fa14d9cb62a1c7,fieldupgradehighlight
45fd6af5a6d3ffbc,silverdark
45ff953330d3282b,button_pressed_disable
460147c2b88239e0,electricsecondary
46046849abd4aaaa,camochallengedata
460d035cee48b9ff,istacmapdisabled
4619a1d113308c3e,buttonsgrid
461b8e1f3b9a2282,ui_hide_hud_flashed
461c1e69241f6500,changetodetailview
4624fc23526d87eb,wzstyleguidevictorydark
462527dc654ebdf1,gethudimage
4626ab62f8367cd9,selectsecondaryunderbarrelfire
462d889a288141b4,isbmtutorialmap
4647fb2feabc637f,ui.generated.widgets.generictogglebutton
464c2c7752b024fc,gpu_temp
465760c07e7aafe2,reticlecrosshairauto
465ec4c549099280,textmax
46648661d21b326a,ui.generated.widgets.ingame.reticles.reticlesniperlimax
466f128744914e50,ret_cer_loot_s2ghillie
46706767a280fa01,codcaster_spectate_previous_player
4672b003d8342bfc,is_first
467bfceecad24d59,timercountdown
46812d79292209a5,ui.generated.widgets.ingame.reticles.reticlehybrid03pshock
468356489f76caba,removeappliedcamo
46851f15421e0744,tacmapshoulderzoom
468871a7ce536896,ui.generated.widgets.ingame.reticles.fourxhelima
468db013cb5a0df5,loot_rarity_icon
469082378410bb4a,iswildcardequipped
469f6b6ea230df68,ret_sat_loot_s45trench_thermscope
46aae8cba5b42e21,popup_end_game_br_tut
46ac8b6be8192dba,menu/anti_addiction_tips_title
46b2642856ed56f0,prot_you
46b7ac889104ded3,getitemname
46bf4b33a2bb16e6,lua_menu/vram_notice_desc
46bf6a70dc74a632,ischannelchat
46c091597aef69a9,reticlephonethermalcenter
46c44ffa320adbef,positive700
46c9e3bf8aac2f97,ret_sat_loot_s35bloodflow_thermscope
46d4f8557a6eb009,tier_count
46d715c9e080ed19,isiw9freegametrialenabled
46d8be4131c428fb,ui.generated.widgets.ingame.reticles.reticlefourx05
46deec48472997a6,expanderclosebutton
46e1c25e982d1b01,game_pass
46eacaf4d21940c3,ui.generated.widgets.ingame.reticles.reticlefourx04vdayheartbreakr
46ef8e312499c2c8,current_motd_index
46f49a2e8ad5352d,shouldusealternatecreditspacing
46f6b1ac2cfbba09,barrackschallengecarditemnameinfo
46f7f25f506b41c2,bundletexthighlight
46f87d8d09d8d838,socialplayerrestrictedprofilemenu
46ff422738aa3ed5,hunted
470c72a1caa1417c,viewquestbannerrewards
470d2f1c06d7511b,zeusreddark
470dae8cd689428d,progression_level
47140abca22a1aa0,gettutorialvideo
471c602810f8b3da,getfiretypeicon
471ff0a972b37fbd,showforeground
4721a00e3a6ee03b,show_ammo
472d2fd0beb4e916,ui_br_altimeter_state
472dd0fe647ed770,addpostfx
472eed59ec470e6d,camo_category_buttons_list
4731702b5d88f6a7,show_tracker
473ad84ef8ba9eed,screencategory
473dd58a96763a1b,tileconditions
473e2532573edc32,render_slot
474139fc47a57774,button_up_disable
474452bad9a40b99,savebuttonimage
4746a9546b25d82a,focused_item_weapon_build
4749c4d240408e71,focused_loadout_item
474a3dcf01544e9f,reticlesndrop01highzoom
474f0bf2b8125552,animatedborder
474f8e0171283fed,bindingpreviewbuttonrightctrl
4754120b39c150e8,whisperplayer
4756750b3a5d4fe9,infrontendorwavemode
475f486271e54da8,lock_state
476482930d779132,morte
47720e9438122b7d,pebble
477ed18f6af353cb,type_id
478078219aa9f49e,icon_frame
4786bb4e1b6ffe6f,on_nest_expander_size_update
4796a05305ff695c,joinablecontainer
479d35d0dd8f8874,pagedbattlepasstiernextrewarditem
47a3b07aa42d68fd,disablepersonalchallenges
47b1436004bfc63a,entitytype
47b4253748a9498b,isprogressionunlockitem
47b81fde162b9e96,button_vote_yes
47bc7d3738ce23bc,emote_list
47bff1cfa12b4910,loadoutperkselectmenu_flc
47c32d0551cd6fec,menu/are_you_sure
47c6996bcf8e726c,ui.generated.widgets.ingame.reticles.reddotmagnified
47cdf39511fa6d9e,codcaster/no_datacenter
47e32184eb4066d6,hasseeninstantreward
47e48115634a87ff,dummysubtitlesettingpreview
47ec7fea9602f75c,gridscrollbarexpandleft
47ed5c1d2f1ae1cb,br_gr
47f31a56ee567cd1,ret_cer_loot_90splaid
47fb2a9eb0eb852b,lui_keys_enabled
47fe67a897298420,rank_xp
48022aaa75fea8fc,uin_codhq_select_back
48036319d4d2ec0b,setnotifyonlayoutinit
4804058ed4e186d1,onboarding/milsim_1
4808ded8f8eb026d,showarrowright
480944544b208410,primaryaccent450
480e109267e1e2d0,ret_sat_long_04_zm_therm
480fd48a3cbbaa07,alt_mode_display_name
4817c1baa1e21f1b,resetoptionaction
4819e2544b2e50bd,primaryaccent400
481c9f9bcf0c3262,reticlesnprmike4
481de7d2d4943b98,lua_menu/join_game_attempt_success_toast_desc
482058dcc792cea6,leavepartyaction
48230ea0aa9bf048,sandysunset
4827c0b0553a2d27,currency_start_amounts
482b2240437e723b,getequippedweaponref
4832696ab926e018,rank_icon_watermark
4835b3d8a19d1fd5,getconfig
4836db5b8df8b82c,sendpartyinvite
48385ea53af0fa25,instructionaction
483d899543fd2d84,ui_newspaper_hit_lr
484480673d4ce643,update_fetching_store
484850a23fcf55a8,isprop
484b52031e1913e9,isonascender
484d8b7ead300d6d,getreticle
484e332072318630,is_boost_active
4853a7817b0ff819,newoperator
485bd3720a76158f,selected_weapon_model_name
485ef1ed1d39d3a3,xblive_privatematch
485f54b1e0e0855b,weapontable
4860d847e965b293,button_dismiss_pause_menu
4866f5adea2439c8,available_at
486d7c33a42d25ee,calmblue
4872845ae5b50d81,openaddfriends
4876e39f4a56cd5e,sentinel
4878b343fe04f42e,buttonupactivedisabled
48795f205c81d3f2,masteryrewardtext
487ca0f8a2441d72,is_not_last_item
4885d74fd72a0ed2,show_classified
488838bee106c7ba,buttonmenuaction2
48883a1eebe34266,gamedvrenable
4889dc414c4d82d0,transto
488b75aecd5276a6,altanims
488db0c902624f57,getusetime
48952636021685cc,menu/corrupt_savedata_campaign
4899ba8ad5536527,timescale
489c7dd2e3021f1d,transparent_texture
48a451dea273c65a,large_array
48a6bce77e8e4193,redeploy
48a70d5def355b03,battlepassupsellpopup
48a7abd722596c67,bottomglow
48aa2a12da5eea3f,quickequipreward
48b4ac68cd4cb167,ammo_mod_index
48bb6a6e7b476808,shader
48c1e4bc09793f13,leagueplaylobbylayoutplayercard
48c8c70eb4c0cd3a,spearmint
48ca02dea2ecaa1b,sub_icon
48cc8a35e3d4a7b5,ui_parachute_id
48d0f1236d354478,players_securing
48d1a16391d87330,indentation
48d9d2ae898f172b,tealblue
48da9b64f72536af,unfocused
48df73173e68b2b6,isspecificintegeromnvarlessthanorequalto
48e43395694f49bf,generickeybindoption
48ec0257b180c878,showinventorybackpackammo
48f5df0ae759716a,titletext
48f92ff01f9c4c27,storebundles
4901193c5be14065,games_list
490804e7a3480c97,ui.generated.widgets.ingame.reticles.mintdot
490e956d2484e4d0,field7
490e966d2484e683,field6
490e976d2484e836,field5
490e986d2484e9e9,field4
490e996d2484eb9c,field3
4913200f3465053b,selectrewardtransmissions
4919bef2a14909c1,ui.generated.widgets.ingame.reticles.reticlenotchedcircledotgreen
491c5a9d043be63d,linkbutton
4921e43865f361f1,shouldgroupflcbuttons
4926a4fd00236689,storefrontpayload
492702c17b54165b,mp/second_place_fem
4927fe0706fbf1fe,spraybundlelist
492881a1fc71e128,openwarzonepremiumupselltab
492fd85f7256e016,gunscreencerstingray
49346ca4f32f019a,equipequipmentcommand
493c5163e4d48fbc,buttondatasource
493cf4270f5ca9af,ui_show_in_world_objective_ping
493fef172a3fb53d,kbmbound
494490e9f4917f17,ui_objective_text
4944cc28cb837b1f,weaponmetermain
4948d5c89fd19055,uin_codhq_select_confirm
494efdf0405c36cf,damagefeedbacktype
4951d17d837883e7,cer_season_6_mid
496b78ee5516b887,ret_sat_loot_s45organ_thermscope
496e5a3410b0bdd5,ui_iw8_aar_cardhit_legendary
496f06df49148cdc,paddingright
496f3fb7b897d01a,unlockcriteriaprompt
497924e6f7258e54,chat_type
497940f6a4c16477,highlightdisabled
497d7f14b3e65c40,getbackpacksize
4980e296b9e16e66,splitter
498540a0f469141e,base02
498541a0f46915d1,base03
498844aca20a6fe3,getsecondaryweapon
4988c1a0f46c2528,base13
4988c2a0f46c26db,base12
4988c3a0f46c288e,base11
4988c4a0f46c2a41,base10
4988c8a0f46c310d,base14
49898bc48ef8e03a,spacer_width
499015d83d030c8a,iw9mastery_platinum
4991715d23dbce6a,challenge_progress_text
4992f19b86f2559a,getadapterlist
4993381093dd57f7,watermelon
4994b96a29aa53cf,setfocusedposition
49977e1bbbe20352,getequipmentname
49a393712f8c0de4,ui.generated.widgets.ingame.reticles.reticlefourx04vdayheart
49ab1b36049b0607,weapon/tracer_pink
49ac5e0d46410b50,dpaddown
49ad11b8ef1af23c,flccategory
49b29c4760c32779,ret_cer_loot_zombiex
49b438902d625b5b,wonderweapons
49ba3671fd1db74a,presetlist
49bdc054465fef54,leavebutton
49c4be0f9d587934,istacmapenabled
49c6840999761ed6,showvignette
49c85bf27703813c,linevertleftcenter
49c9a81089392635,showfreetrialcountdown
49cfbaab624ead73,bonusreward
49d08e84dc05a1d4,skin_count
49d8e0dc38ef7e7d,playerdetailsavailabilitybutton
49d945311e232775,button_home
49e03c0d7dbf9326,uichyron
49e15cd4b6328921,ret_cer_loot_s2vtuber_element
49e933e1c9a0ef3a,isbrmini
49eaf27714f2728c,showgrid
49ebc5be73bfde81,isbrcashlostenabled
49ec569baf94cf78,steptext
49fef27480e9ab70,lui_wz_tutorial_optional
49fffc6a88029d12,radiationzone_icon
4a06383450af03e7,ui.generated.widgets.ingame.reticles.yellowdot
4a08a9ee0f848d9b,ingametextchatentry
4a0d493726a4a41e,setselectedloadout
4a12a5a45729830c,iw8_nuke_countdown_popup
4a251648426e2b45,advancepostgame
4a2c1e0df000a97d,metalliccopper
4a2c33ca6b980e68,expanddetailsoption
4a2e1915890e06e2,sprint_inactive_period_ended
4a32fb90d40e7fd0,brplayer
4a3a9dd89c3cba3e,animationstate
4a449684a804d9cd,labeldark
4a47dbf15132f615,cdl_dom
4a4b3c8510001e1b,mulberry
4a4eaceef6c287b8,ui_conversation_start
4a53479a54528151,isloopedsoundplaying
4a535c87058a01fc,supermeterfillbright
4a53e32f94407986,isinbootflow
4a57df74bf109722,grapefruit
4a5b40c06fd1505e,weapon_level_text
4a5e7d47054c6f15,animationgroups
4a603ea841753a0b,named_weapon
4a658105ca1038e5,multiply
4a67a8afbd73ce88,reticleholorange01scifipstl
4a6c66f6fb53f30f,ui.generated.widgets.buttonpromptcontainerhorizontal
4a6c7ac6ff852618,onboarding/perk_update
4a766774051698d8,essentials
4a825c14e8c99e82,streakselected
4a82d306e4b162c1,defaultplayercard
4a8fdc69ce7865f3,ret_sat_rangefinder_part
4a95bb20675b2d1e,purpledot_royal
4a9a9d44b96f2875,ret_sat_loot_s5retrocab
4a9c7fdba2ecd498,lua_menu/current_sort_filter
4aa0231904daf01f,setcallingcard
4abd960e16385299,stream_http_alloc_error
4ac05d6be561eef7,aar_progression
4ac13c1356f93601,getchattype
4ac6992b1599fb0f,ret_cer_loot_s45pday
4ac8048f7354c364,getoperatoranimations
4acc77197a946e63,enter_prestige
4adb5967fa47c2d3,conversation_stop
4ae0e4367acef254,fade_out_time
4ae46e3510d3f2ec,streak_type
4ae4dc43d2ee565e,unmutechannelfeaturebannedselfwarning
4ae50d307df108b5,canaccessofflinemenu
4ae67d3da3d42feb,globalhint
4af9bc28bb98e50b,islaunchfacility
4aff98129b9a11ae,limited_tag
4b02c1ba1bec22bc,isvehiclehornsenabled
4b06cc0235ed9a1a,playlist/six_players
4b0c49d1d87bcbff,ui.generated.widgets.ingame.reticles.reticledmscopetherm01domascus
4b12e847773968e2,iskillstreaknuke
4b16aebdf3238e15,cursor_type_arrow_active
4b1c5a28883e6ef2,map_info
4b2173149541c03a,lui_br_tutorial_restart_enabled
4b26943f234a6754,gameplaycomparevaluestats
4b280878cc5161c2,gamepaduseholdbutton
4b2aa6d5f51c1398,setimage
4b2aecd06cb0aff2,reticlesniperhdromeovzballistics
4b3039ccb54e6df1,event_timer
4b314d69c9f571f5,secondarydescription
4b31bd1a399a5a75,protunedstorebundlelayout
4b32f268c08cd4e8,snd_volume_mute
4b3dca5820e308d8,ui.generated.widgets.ingame.reticles.reticlehybridrange01
4b3f6bc6b956cabd,ret_cer_med_06_wz_alt
4b497b8a96857776,stats_value
4b4ffe985eeb9202,fire_type
4b525b4f62217e13,enablelights
4b551f32408d37f6,bottom8
4b552532408d4228,bottom2
4b552932408d48f4,bottom6
4b552a32408d4aa7,bottom7
4b552b32408d4c5a,bottom4
4b556632408db09b,bottoms
4b5a43f9855d31c9,outoffueltext
4b5c1aa7abe384ee,no_icon
4b6077187c1594bd,gunscreenrankedwins
4b6200b4b3a2db97,blackcell_loot
4b65bf854cbef2d7,buttonrightstickdown
4b6a20d9211cff27,mutual_friends
4b6e2ab70100d9c0,ret_sat_loot_s2teleport_thermscope
4b6ef603d068f7c2,jupiterblueskustandard
4b76c42d29c176c3,applynexttheme
4b7869240216d7c2,weapon_select
4b797ee2bf60deac,colorblinddeuteranopia8
4b797fe2bf60e05f,colorblinddeuteranopia9
4b7983e2bf60e72b,colorblinddeuteranopia5
4b7984e2bf60e8de,colorblinddeuteranopia6
4b7985e2bf60ea91,colorblinddeuteranopia7
4b7988e2bf60efaa,colorblinddeuteranopia2
4b7d1649ef140fb2,rarity_icon_color
4b7ed70c559db227,perk_command
4b82c186d47bf884,titlestring
4b83160c9cd02762,isedgetoedgedisplay
4b8506759d7afb6b,stopallloopedsounds
4b88ec83e472cf11,update_initial_value
4b912d053f9fb4b3,getcamodetails
4b9582c177e3cb6f,extentrsharplite
4bab6248ccaa7d49,topheader
4babc9203bd5e7eb,dpadcolor
4bae58aa01f955fd,blueprintbuildskinbutton
4bb30e63199bdbd4,onboarding/munition_2
4bb30f63199bdd87,onboarding/munition_3
4bb31163199be0ed,onboarding/munition_1
4bc11b23f71e3d36,enumerateweapons
4bc2f123e087fb66,skin_name
4bc513f856980a8a,labels
4bce1b981ced7548,ui_overtime_flag_time
4bcf21c360c3e88d,teamnamelost
4bcf36a64ce2b46c,team_color
4bcfcc50b54e660a,areplaylisttimersenabled
4bd66baac9c6effc,crosslaunch_jup_mp
4bd8d15e559fe344,linkwater
4bd9545a08d6dc85,ui_sec_weapon_ammomod_zm
4bdbb249fff1fa25,attachment_type_name
4be405056c1ace63,refreshtext
4be795d2266f3fe0,lua_menu/lpc_enable_crossplay_button
4be7eafa3512bacd,charmref
4be8ab9c260c5196,nameinfo
4beb6faac9d952d2,crosslaunch_jup_sp
4bec44cdde5e1f4a,ui_gren_ind_color
4bec93f0711fb82e,stopcinematic
4bf773e2144e159b,ui_veh_current_seat
4bff59a10ef6ad20,colorblindprotanopia4
4bff5aa10ef6aed3,colorblindprotanopia5
4bff5ca10ef6b239,colorblindprotanopia7
4bff5fa10ef6b752,colorblindprotanopia2
4bff60a10ef6b905,colorblindprotanopia3
4bff65a10ef6c184,colorblindprotanopia8
4c0313c32ac8c5c8,isshadowcompany
4c0cc297cf6093b1,levelreached
4c0e055f1bf5d939,ui_minimap_max_floor
4c10fb006ab5e843,getprogressionimage
4c202d5c819d535e,isprestigemaster
4c28ecec1c92dd57,weeklychallengebutton
4c34f7bd4d209e77,getonboardingknockoutgamemode
4c3b30a30f8d0a3e,bundletext
4c3e3c169f22026f,battlepass_button
4c4d0f3b57b60644,nodeglow
4c4fbbeee1f2c5e9,disk_type
4c537d4b25c82f88,codhqdescription
4c585aae3e9b0538,open_player_setting
4c65877173616537,seteventended
4c66b010144235dc,getattachmentbasetypesblocked
4c66e1754518e46b,ui.generated.widgets.genericcyclelist
4c69f36481fb6f80,hud_frame
4c721f63619a3a52,popupmenu
4c78b32f37b5ef63,gunscreencerlychee
4c7cddbf6a72ad2c,bradleyaccentdark
4c7fd770960649e9,com_errorMessage
4c8369fd9f1e2c94,loadout_equipment
4c8684ed98268c5a,reticlefourx04vdayheartbreak
4c875fb341a5fb79,training_course_fail_hint_string_index
4c882fd2cb537708,islegacyweaponselection
4c90bd2a41b080f5,isdisabled
4c993a125fdf3679,forceonlinemenus
4c9ce350d46a1b2f,curr_value
4ca15346fe52a2d9,reticlesniperbase
4ca5b86c1245a562,ui_iw8_plunder_player_lost
4ca7101dde15eec7,classlist
4cac8850fc0178d9,overrideturnanimations
4caca94f968abe27,itemdesc
4caca9f313f110fd,rubybody
4cadaed2b0ec2e0f,playlistcategory
4cb9037e41e007c8,getcamoname
4cbadea9e224c13b,smoothblue
4cbc86bc28c8e6a6,color_progress
4cc20dfe8953168c,ui.generated.widgets.ingame.reticles.reticlehybrid03vdayheartbreak
4cc28bb8417511d9,isintrainingcoursetutorialstation
4cc4b6344fd6eb73,eventcompletecolor
4cc6717696f85194,standardkbmtwoaction
4ccb62475fedf2fc,zone0
4ccdcf97dc0892a3,onboarding/specialist_desc
4cd0b2743bd3d77f,diamondbody
4cd8c06ecb8adfa1,ui_primary_weapon_rarity
4cdee24b7a113794,ui_iw8_br_aar_cash_rise
4ce2ebb18c766a3d,titleoffsety
4ce6531fbfddd605,read
4ce92da34f2f8919,ui_frontend_select_new_screen
4ceb237b047261b3,ui_killstreak_weapon_2_ammo
4ceef44e99c361e4,com_errorTitle
4cef7d2982418713,ret_cer_long_04_mp
4cf2775d3e5a1814,store/bundle_items_included_attachment
4d0487298253f41b,ret_cer_long_04_wz
4d126ff1249d01a4,setactivetabbyid
4d151ec5b41223b5,iscoremode
4d1574b8ad0ecff0,flashingtext
4d159c4e3dacb2f1,is_bonus
4d1b3933cf00731e,ui_overtime_flag_time
4d1bda204a2d74d6,editfieldupgradesbutton
4d2591817872f241,ui_ob_skill_upgrade_type
4d29982982732d3b,ret_cer_long_04_zm
4d2d0abd032e190e,is_weapon
4d350b3e0f440ed9,tokenname
4d35b09ee60a2015,ismapdelta
4d3f23b96c5247e5,iw9armorydefaultfore
4d41ce61ebe25625,gunscreencerzmkills
4d474dc540551ee9,activeisteambased
4d50188bfa612d40,selected_camo_category_name
4d556867a0a241ca,quadtile
4d5928f8ca84b1de,squad_vote
4d5e459aee422b2d,islimitedlifegametype
4d6021377d6aa6c8,openoptionsglobalpanel
4d603ecc91c4f190,arefrontendtipsenabled
4d61d5f2ceffbe8d,pulsate
4d6302280ce96842,ui_buy_crate_open_window
4d71163574e4ee08,flyinleft
4d7862eaa83b3b27,touch_enabled
4d7e7817c9daf82a,gamepass
4d8a1af76ad40d58,ui_iw8_store_complete_fullscreen
4d8bc30ede700a1e,goldnonhighlightoverride
4d924994b9f829b6,forwardevent
4d952dff6234b88f,emptydesc
4d97ddd1f45b8066,centerbasezoom
4d9d8c36892228ce,disableblur
4d9ebd5eb9268cec,perkcategorycolor
4d9f36be9a172c91,ui.generated.widgets.frontend.unlockcriteria.criteriawidgets.unlockcriteriagamemode
4da61680fdeef31e,ui.generated.widgets.options.favoriteoptionicon
4dae94e3b4da117e,lua_menu/loadout_confirm
4db7d7802af003c2,ret_sat_short_10_mp
4db8ecddb3b978d4,tokenbank
4dbf8778d932185c,xpbonuslist
4dc56f40f4c51ff3,genericdropdownlist
4dcf8f2dba8d320f,logoimage
4dd2f47388a91293,armoryitemname
4dd5f17e3fe63f11,iw9lineshighlight
4dd6283fb994d28d,ret_sat_loot_testingf
4dd706c11e6ceea7,selected_index
4dd7fe0bb19f315a,oldbronze
4dd86a718d04c773,stoneface
4dd950bfc895a5e6,getperiod
4de701725d75619b,getemblemnamefromid
4dea903cb0befd48,updateshoulderinput
4deddb69e12364bf,blackcelltext
4df02bfb98f86ac0,getitemnamefromref
4df53a769e84c373,ret_cer_med_08_zm_alt
4df6add76485f9dc,missionmetadata
4df8cc802b278806,ret_sat_short_10_zm
4dfbaf0ba857c2cf,hideloading
4dfc77a4c91cbd2e,mineshaft
4dff0b80ab4cf8ee,scorestreakfuianimationsquare
4e02749e87ccfc7e,message_timer
4e02ce802b2fdff1,ret_sat_short_10_wc
4e02d5802b2febd6,ret_sat_short_10_wz
4e037d4e31a8ce7e,ui.generated.widgets.ingame.reticles.reticleholorange01
4e047a4036c25fd0,ui_veh_fuel_percent
4e064c4207a53d0d,genericexpanderexpandwidget
4e07a1c604f2dc79,is_scrolling
4e0c8a18e635803e,side
4e0cfd0c44b4d69a,cerbattlepass
4e180acedabc2816,matchmakinganim
4e23b52cba8ddad7,desctext
4e284d588c32f46a,getprematchtrophycount
4e2b8404b25dc1a1,damage_amount
4e2bfced0891e638,mergestyle
4e358786dc3bde4d,quickplaytitleimage
4e3a47727b518742,codaccount/marketplace_error
4e3d9c109b07c4f8,oldrubber
4e3db7cfe26bd922,hudshowingameplayercount
4e4fbe07945289b4,values_list
4e542cdc88ae4da1,ret_sat_long_01_zm_therm
4e542ce619535edd,packapunchbundle
4e5e96b3e5eb21ec,ui_hide_hud
4e5ed989be8409c4,column_width
4e61cb5bbefb8798,tertiaryaccent100
4e6a0e2764e187d0,rewardsside
4e6d8b046121f30a,ret_sat_loot_s4maze_thermscope
4e6eede4b19fba8b,ui.generated.widgets.frontend.unlockcriteria.criteriawidgets.unlockcriteriachallengeprogressbar
4e6f1b2b5ad5964e,tokenduration
4e7df69395c6a2d0,ishardpointspecificgametype
4e7e194c610c8811,mp_frontend_only/store_unavailable_error
4e8785cdfc5ba7da,vzsmallzoomed
4e8e793ac8a156e7,leftstickcolor
4e90f751f100bb99,tutorialmessagewrapper
4e92509df8b2b7ff,toastoverarea
4e981a52c24b9a92,shouldshowmatchstatusinfo
4ea0c8373b0d5be3,ui.generated.widgets.ingame.reticles.golddotstreak
4ea4626b08deddf8,deut_enemy
4ea57bf8ae108903,removeclantag
4eaa3e295860a43e,leaderboard_card_stack_focused
4eac05d2a51318a6,lootupdate
4eaee3047b91327e,unread_count
4eaf97da1b5a0efd,canequipequipment
4eaf9fafa682c0e5,minimizewindow
4eb12b096dda2e45,ui.generated.widgets.options.genericinnerbutton
4eb50501a48c6dbe,vehicles/vehicle_customization
4ec590753d2562f8,ret_cer_short_03_zm
4ec621be78c7ae13,primary_command_text
4ec877eab21294bd,packet_loss
4ecfa5753d2ddb2c,ret_cer_short_03_wz
4ed19d68721c4f98,ui.generated.widgets.frontend.submenutab
4ed29cb6e11e1f43,greenyellowdot
4ed3cddcc8cf2dfa,new_items_count
4ee493753d4018a0,ret_cer_short_03_mp
4ee87685b4a0ab20,selectcolor
4eeb2ade2ee63f98,wzstyleguideaccentsupport
4eebb63bd3a9ceda,overridefunctionname
4ef92cc4cd6e1db8,dreary
4ef9cdce69616542,current_item_ref
4efde975da719941,alternatesuperref
4efe548abc91d778,squad_details
4f03d0fd89f955df,hoverline
4f03fc676e826c5c,_valuegetter
4f04656adebda1b0,cool04
4f04666adebda363,cool05
4f046b6adebdabe2,cool02
4f046c6adebdad95,cool03
4f0d4011fa658739,tooltips
4f10f2723640f609,next_tier_item
4f1dea20d912adeb,alert_armor_full
4f22c07629ef5750,keybinds
4f242f5294861f2f,gunscreencerscifi
4f2844fb7985d8e5,important
4f313f776730b59a,variable_list
4f3355bfe12109a5,advertiseactivityparty
4f388d8337b4b23a,stonedust
4f3dd394502e197c,splash_screens
4f4c194ad1d0a7fe,alerts
4f4c372a7711bcc7,getattachmentbasetype
4f5456f3a94b45c7,gunscreensloth
4f567dac23abcb37,ccmask
4f5a8605e8fce14e,ret_sat_long_02_zm_therm
4f61c88a939f3397,defaultcontentwidget
4f6879cdd5a6e83d,ui.generated.widgets.frontend.unlockcriteria.criteriawidgets.unlockcriteriabase
4f6c3c25bd14c49a,gunscreenranked
4f726eebb04f2a03,iceicebaby
4f73cd0bdaa985ac,newtagbackerslantless
4f81d815f752e6cc,handlelobbysearchingstate
4f84ebd0cf13c5ec,addgamepadeventtogrid
4f891e192f801bf1,supermeterflash
4f894c9ffb942a6f,leftfilling
4f8b2f41cc5cf158,leavelobby
4f8bddc639ed8879,setdrawchildreneveniftransparent
4f904f07527958ab,arewehost
4f9488bf12b97169,layout_focused_item
4f9687f877dded72,attachment_purchase
4f970eb634c08746,arrow
4f9b4ce62cf1d720,new_attachment_blueprints
4f9bc4c2f3ec3752,dispatcheventname
4f9d6a798e73024c,ret_cer_fourx02_def
4f9d77b4e1ca7a80,isincredits
4f9e5de0c3bc1fd0,tabbackgroundfocus
4f9fc58318ba80f8,isdisconnectedteammatebuybackavailable
4fa208c14170ddcd,team_select_menu
4fa55271ae91cd06,reticle_fvats
4fad82d21e9a6644,ui.generated.widgets.genericsidebutton
4fb189f70987ea0a,applycurrentlayout
4fbab80c95ce17c0,panelheader
4fbce21c58b57e92,camos_count
4fc0144f6d6018c2,game_mode_selection
4fc38ae5bb21e7fa,unfocused_unavailable
4fc5e3e1e41539d6,styleguidewarm03
4fc5e4e1e4153b89,styleguidewarm02
4fc5e5e1e4153d3c,styleguidewarm05
4fc5e6e1e4153eef,styleguidewarm04
4fc775ba07b041b6,ret_cer_loot_s5gberet
4fdae5d85602d806,gestureswipe
4fdd045aaafcd298,animatesequenceinreverse
4fe364f7c785223a,ultimateperk
4fe3be3dfcc911ce,store_rows
4fe6b520935a041a,ret_sat_loot_s5dronelab
4feb10042cb95375,trade_rarity
4feb366b6b4b30ab,ui_iw7_team_select_text_type
4fec9926d6bca204,vending_machine
4ff37d4b67194985,getprestigename
4ff57ee348db23fc,stardot
4ff6287610c0bc40,onboarding/vehicle_camos_3
4ff6297610c0bdf3,onboarding/vehicle_camos_2
4ff62a7610c0bfa6,onboarding/vehicle_camos_1
4ff6b7fef2dccf87,is_in_voice_chat
4ff9ce6ecd2fa6de,masterybutton
50039b9674771038,getbinding
500a29be99fd8b68,reticlehybrid03vdaycounter
500ba83c10e51535,objectiveforegroundmissiontracked
500f320d6ae161f2,ret_cer_loot_s2saintpat_alt
5012ccb2477ff92f,skill_description
5020039a63cc822e,is_unranked
5021dc99e22e41c9,ui.generated.widgets.miclevelsliderbar
5022e62211b8b4cf,ui_ob_hmh_time_gain_roadblock
5023d424603f27aa,altimeter_state
50274903b9826614,skill_ref
502f8a36c9a78de6,gunscreenkdtrackerblue
50488aca70f17657,isfreeforallgametype
50518b6ebe09da41,current_focused_weapon
5051ab09bc40ca65,xpbacker
505741f05526177b,autospendon
5057742f97f0fbb5,party_header_text
50592b93deea13a7,healthfine
5059f98fc153e797,ui.generated.widgets.ingame.reticles.reticlecirclegreen
50668c4d8cb3f0ed,hold_duration
508914b8746491d5,resetbindingsall
508e0920944f467e,scroll_blocker_event
5092a40781f04a53,clearskies
50938e5b072b5351,applylayout
5097dbefc4f4d42e,createnotification
5098024f1e0e56f0,chatname
50a09edbe8bb738b,blockedtype
50a9e5c94322b9d2,ret_sat_loot_s45evilsup_thermscope
50ad9dd8f218ed71,trit_contest
50ae0404c9a2424c,total_hits
50af0d9ea75b7205,ui.generated.widgets.options.relatedsettingscommonwidget
50af6b3519a47023,perkslotone
50afcb9b7179404e,setperkbonus
50b0db241b79e025,lockbannermain
50b8bf9b72f5edbe,isselfrevive
50bd8aca628b9d41,subtract
50bf235503e6a151,floor_down_action
50c1a844c8d0745c,gunfighter_image
50c60fb603ca81e8,ui.generated.widgets.mousecursortooltipdetails
50c776344a98cbc3,battlepass_time_xp
50c7d271e8823dc6,displaystate
50cd01e163ea4008,related_settings
50ce3e4db836b1c9,specialchallengeactionprompt
50d477c32bf10328,ui.generated.widgets.ingame.mp.br.brpausemenubuttons
50e0747334dae395,usetime
50e0a072a8b67940,ondependencyparentrefresh
50e2e0d42e27e797,ae_name
50eae70334ae4447,chaostierlist
50eba9e9b5b8afec,colorblindnonecolor
50ee83cf1e893dcf,firestatic
50f31e3dc806d1df,platformpc
50fa203405289f89,ui_killstreak_clusters_bomb
50fe5258ab5a4000,gamepadtype
50fe59cfd10f1fd3,templatedata
50fe6486ea4ccb7f,alertinput
5106e3917f30e576,pauseenabled
51081cd8164c99aa,autofire
51111b34d8d506c1,keycolordarkaccessible
511246a9506c99d6,is_in_vehicle
511a0d02f93319bf,attachment_pips
5128afc3b988cb70,setlastinteractiontime
512ff1a50ddfbd18,isbackpacksizeunified
5134fdac475bd466,onbuttonaction
513a422cb1826fe9,advanced_combat_details
513d4232935acbce,ui_hijack_bomb_distance_percentage
51418ba9655966e2,rightmeter
5141c5783f8272c7,lua_menu/upsell_menu_blocked
5148193dc84f095f,platformid
514a4bab6128cf20,getcardisanimated
514daecc9c236ffb,ret_sat_loot_hallucin
51531a018eec6777,focused_operator
515c86bd4676d280,ret_sat_loot_s15science
515ebb7230262fce,ret_cer_loot_s6upside
5166e04d3f947350,request_item
516dbf078f57016b,modern_warfare_i
517022f8b02e46e6,normalized_progress
5178db0136d41300,store/bundle_items_included_sticker
51868240d169b52d,ui_ob_hmh_show_slow_warning_level
518809ae3656d481,isgamemodeowned
518f303fef587dbd,weaponbuildprojects
51904ad26ac457e2,menu/100percent
519677abcdf7513d,validateloadout
51974a8c6df29ab0,hascustom
519d3113d1800ca9,ishidden
51a08ebd30faee25,playlistmodes
51a4f1c7e6c8a328,ui_show_objectives_force
51a7c9b26688e8b7,blockprimarymouse
51a9b5b15fedeabd,hasnotifications
51aafc7bb98a5a2c,batterylife
51ac29eb85931f6f,isusingdummysocialcontent
51b2d2d684e93f10,outertopbars1
51b2d5d684e94429,outertopbars2
51b8bfb38b2786cd,mustard
51bacd588b326194,isupcomingitem
51bb47cb194b7a45,limited
51c13fd8177a23a9,maploadingmovie
51c1b40428b0b829,ui_mpmenu_quickplay_open
51c8a0e7dacde6db,battleroyaleconfig
51cc509dd2f04a44,ranksdata
51cdc63777d32356,modtwostats
51d652d0b781ff35,defaultheight
51dd4d98f59b9f86,leftprompt
51e53cb679381463,nvgoff
51f023f90dc155b6,gamepadprimarybutton
51f27acee4ecfe53,gold2
51f27bcee4ed0006,gold1
51f47d64c78509f6,ret_cer_loot_s2thai
51f9c02dc4a4d45f,horizontalfocuspoint
51f9d4274dc9a7e5,ret_sat_loot_s25celticw_thermscope
51fb220df321cb4b,unlock_challenge_progress
51fc0ddfdb6e238c,notvisible
52040644b8a883d8,isbropponentmarkershownwhenranked
5207a572306c2858,lobby_widget
5210f40e477e93d5,lua_menu/join_party_attempt_failure_toast_desc
5211ecd87838f7b1,lpcenablecrossplaypopup
521699dcc0be2506,islocalplayallowed
52255d1478f6069f,hasextracharge
5228caae52bfa129,ui.generated.widgets.ingame.reticles.iw9.reticlesndrop01highzoom
5229a5e27e0f1270,ui_activity_sideop_step_index
522aee2384b3910f,onboardingmissionfencepopup
522ea74cf018e41a,stage_index
522fecd11ae4d924,frontendmainmenuluaname
52347d816697597b,showeventcomplete
5240b5d158b15b7f,layout_updated
52456651e4890a42,istrialeventavailableinwz
524658a46902d810,starttransition
5246707f84ae1c64,gobblegum_index
524afba0385f419d,dropdown_button_show_default
525b7f9e77fcd4db,ui_killstreak_connection
5262e393b9d30ab4,brcreditsusesplashtodisplay
52642eb748b64489,lua_menu/block_bnet_friend
52655fa13322a640,ui_conversation_stop
5266d3fde13e289e,hint_text
527b576694c65bbf,purpledot_tim
527d44d14ad1aa3c,isrealismbr
528586df7db4a22f,getprocontent
528ce17ad37a0eac,loot_button_up
528d937f07b03326,ismissioncurrent
528fbc1e581b9f45,loadscreenselect
52911db529681af0,defaultcolumnwidth
529bc0e3fdcff953,ui_securitystation_cctv_state
529c6c1c21fb6110,ui.generated.menus.options.hudboundsmenu
529ee3e9d98bc053,progress_max
52a006fe29b28b3a,ui_iw8_aar_cardhit_uncommon
52b3d7e13eaf11d3,current_essence
52ba124dfe4ad0ba,inputpassword
52bc5fafa51690cc,previous_menu_name
52bd2a841f1cc460,atak
52c0bbf4ec0a35dc,bomb_site_status
52c303e55f44d437,totalplayercount
52c6cab97923e28a,fontstyle_lbodytextbold
52d601e3279dddbc,iw9dogtag_damascus
52db47b834f278bb,fiddler
52e8f14667bf41df,reason_id
52ef78838096b6b6,reticlearscopetherm01cyber
52ef8c0c2140da22,loadout_perk_greed
52f237fc1c347350,completed_text
52f27128534a32f7,ret_sat_loot_s5humanoid_thermscope
52f6ced43ad4074f,buttonrightstickright
52f72ed1f426d9fd,tooltipwidgetarrow
52f9f5cf6aa470c0,pro_content_button_list
52f9fd4b036068a7,pulse_duration
52fc3708bbf44c78,isgascan
5300c7006b0c0569,build_cost
5301ec1b08218d5c,enemydefault
5305cfcc105db3ce,postgamestate
530901fb6e63b3ac,getrankbyxp
530dfcba54fd8629,lui_enable_upsell_aar_menu
5314d0ef76eb7be3,extraborder
5316484ab074ce4b,socialplayerprofilemenu
531bc2719a165d93,ret_cer_long_01_mp_therm
53225c4449d3ae4b,prot_contest
5324b2bf923a5733,meterbar
532a614062495a73,isspecificintegeromnvargreaterthanorequalto
532ac0543e1ca72e,getsetname
532b41a1b1ee15ad,vehicle_button_list
532c57628934590f,ui.generated.widgets.expanderclosebutton
532ffc1959f71893,marshgreen
5330587b755c1caf,ret_cer_loot_s4improv
5332303991dd2bee,prep_bootup
533ee12ae5b42e9a,is_league_play
533fafdf026611c8,backpacksizeunified
534377077366cc38,tutorialtext
534d388736c0baf9,map_location
534f7d924b34f8ac,notification_text
5356c781270d57cf,lui_wz_trials_access
535adf277bd9eced,ui.generated.widgets.genericroundedrectangle
535bd91b0bf933c4,item_ref
5366e5873d748714,frontendparadeweapon
53698087c4415eb6,getprompttext
537345a1919346ba,menubuttontoggle
537d61e008cedcec,ui_team_pose_closed
537f3d81d2da0a68,social/clear_search
538169fd6a33dc70,isdisplayingbattlepassaar
5383a7c990e23c6b,isgamestartrequested
538c3835377ce103,damage_feedback_headshot
538fdf0f768eecfe,open_preview
5392630d3cf3f86b,preview_video
53928a2b8ee143db,_expanded
5394851872d2010c,damage_feedback_entity_notify
53a1f3a7bf1de2aa,expandedidle
53a4c95cb1abee3d,toggle_expander
53b03ed53181b553,defines
53b437731f89cef4,challenge/deactivate_mission_warning
53b48579cae9fab7,tidepool
53b74ab85acea1ed,openeventpluspremiumpurchasecelebrationpopup
53b96fc0763f670a,jupreticleacogclassic
53be407294aec01e,isriotshield
53be8919e1a21f2b,getscore
53cf3eec39cf731b,package
53cfd9c109956240,challengeimages
53d1c4f06667f650,printermenu
53d581a66f33b95d,grungeoverlay
53e2d98412edec45,exe/local_play
53ebb5e8bdda6caa,scorestreak_vis
53f12b276151379d,resurgence_culture
53fb22ca9aa95834,sectorv2active03
53fb23ca9aa959e7,sectorv2active02
53fb24ca9aa95b9a,sectorv2active01
53fbd0cfb0d8a9ac,onboarding/vehicle_horn_desc_1
53fbd2cfb0d8ad12,onboarding/vehicle_horn_desc_3
53fbd3cfb0d8aec5,onboarding/vehicle_horn_desc_2
5400ca39603858cb,_gridcontentcolumnindex
5402ac9f8562af22,isriskgwgametype
5403e8929cf9c11c,dirtyturquoisedark
54068572ee62d198,ret_cer_loot_s2thai_rangefinder
540686b6aa3667cc,getmapimage
5407008c895a3341,machine_prompt
54074f0734c47770,getxpreward
540857f41497a956,local_name
540d9d91bf56b036,geigerphone
540e4db72b426783,check_global_token_amounts
54109456f5b0963e,season_end_time
5410b5c14eed3373,field_upgrade_start
5412c3e7685ea6d3,darkcontrast
5412e1b48546ceeb,zero_item
5414fc4c0ee8a4d0,frontendendgameskipsquadeliminatedsplash
5417e90e7479211a,getitemdescription
541d92fc4c8c92a1,sys_cpuName
54206f43d172a261,xp_progress_text
542394ba012417a5,cephable
54348964940172be,iscustomizationdisabled
54433d6e0796c7c0,menu/restartneeded_desc
54435f6898160d47,brownge
5446674c5f7bf2a7,getrankminxp
544a2a211913827e,equipblueprint
544d11cb2599012a,camo_select
544ed6dcd32fb7f8,button_right
5452c2d879b2dbd4,reticlecrosshairbase
54539a6256c6fc7f,current_tier
5454a3dddf52302b,getweaponblueprintstring
545e22ee9d42ad9d,isfriend
545e9f7c5f7bd184,boost_icon
5463b09894f4875c,ret_cer_short_07_zm
54663dca071d066a,setworldposeoverridebyent
5467ce815fcc44ef,is_current_section
5468d0ef92b565a1,shouldstoreshowperformancetags
546fdcd410a1ed19,ui_ob_power_tier_restore
54794f500dbfddbb,mangoorange
54899d9895153650,ret_cer_short_07_wz
548a5a7dcb6bde02,scr_vehicle_enable_fuel
549020be8301b623,reticlesniperlimax
5490a14bd4118d51,platformcontainer
549d1869bdb0781e,bundle_entries
549dab989525f724,ret_cer_short_07_mp
549e9c4783f8d8bb,viewsquads
54a9060fff3b97eb,challengesdailycore
54ab2c8bcf310a40,leaderboard_item_focused
54ad8672c8c82442,isinkoreanigrpaidsession
54b13b89a5c7db5d,exfilcountdowntext
54b272ec6d91ffae,setdatasource
54b6f176a35106e7,game_mode_name
54bcdee79a772582,emotecustomize
54be79a52a2b01eb,jup_reflex04
54be7fa52a2b0c1d,jup_reflex02
54c7c539a48669ec,voice_chat
54cc4926d59a34d3,weaponclassfocusindex
54d5e78e184b3680,actionbar
54dcf39f526f7175,wzleagueplaysrchallenges_testdata
54e640a0d3e2273f,primary_icon
54e855a02cfa9f80,ui_icon_social_generic_offline_large_color
54e8c734f68f1033,focused_calling_card_index
54f640f7ed435728,ui.generated.widgets.triggerlayoutpreview
54fad210418db120,cancelshaderuploadconfirmationpopup
54fbba5c69fee613,ui_contract_tier
54fd35922abfb7e7,upgrade_splash
5500f83a211a8189,ret_sat_loot_s5cybercam_rangefinder
55059d73714669a0,stopinternal
5517c811d03964a0,openglobalpanel
5524a2a5ccdd1eb3,scoreheadshot
5524c9e5f468fcbd,tabspacerimage
5527918cfaecb8dd,headerimage
552887bb9aef470f,rescuetokenbalance
552942502df7b389,current_status
552d6860bafe69ee,regularmaterial
552d79e5dd121bc9,current_loadout_name
5540b564f76a390b,arextrashortdropdown
5546c502f2e823f4,lui_mp_private_match_enabled
5548ccdc8a39abd1,ui.generated.widgets.ingame.gunscreens.gunscreentalkingnpc
554dab07a00eb9a3,lua_menu/crosslaunch_attempt_failure_toast_desc
555312b7f1a80d75,mastery_reward_button
55598d3cf0bdce3f,tag_name
5562938af86028a0,entitlement
556313a7a50ed168,focused_item_streak_index
5567afaa3f55d64a,ret_cer_short_05_mp
5567bdd14c24de78,getlistitem
556895367359d945,ui.generated.menus.optionsmenuingamepreview
5579407f73a027a4,screenmargins
557c9daa3f6813be,ret_cer_short_05_wz
558ecae9da7059f6,home_tab_header
5591858f24652128,update_faction_mission_timer
55932d19e36a479a,removebuttonhelpertext
5599ff3a3356ee07,mission_button_list
559c2602e51c7cb5,small_tile
559d0b99020e5ab6,ui.generated.widgets.ingame.reticles.reticlecrosshairrcdronegb
559da8cfeecb54ee,warzone_2
559e7a0d825ae5ea,ret_cer_med_09_zm_alt
559fb241efe1e837,story_mission
55a0b1aa4334296e,lpsuspensionupdatetimer
55a4ab5bec1b156c,stackchangemenu
55a582004d80d41f,map_firefly
55a894aa3f8d3f5e,ret_cer_short_05_zm
55af5d4b3a75ce28,issquadleaderdisplayactive
55bdbb6597e2c0e8,setupcontextualmenuoptions
55be354e8e49d02a,resourcelootid
55c27d4fa3098184,styleguiderarityepic
55c342d264d1bfb5,getplayername
55c34d20e0254b3b,hidemasteryborderstrips
55cd2806b8e947cf,animatesequencessequentiallyforelement
55d113f18757dfdc,keycolornormal
55d51cdc1441f038,reticleholobasebcell
55d9f4c5bbf2d198,linkto
55e1a5feacd94f4e,sharedloadoutsavemenu
55e2a5e9b0a6fd09,veryhighapps
55e2cd79132639ba,aaringameevent
55eb0acf7315aee7,getaccessoryweapon
55f42d66afccc4ea,barracks_scriptable_state
55f6a1966a0f138c,buttonactivate
55fb0c94d28d6f95,requisitionsenabled
55fbddbe6cc2f025,propmodel
5601a3b0c2059706,athena
56043cb5be931cc9,getattachmentcount
560af367a953b30c,is_featured
56163b9394cc201f,field_upgrade_buttons_list
561d939732382d6d,isspectating
561e180a02393a2b,rank_name
56259a77f170baa9,verydarkblue
562926cabc52a22c,prestige_master_reward_list
562b65fc4f256a90,sndhitmarkerpreset
56322fcf35bf3492,ret_cer_loot_s2bp8_alt
563695e46a6bf0f4,operator_level
5636a4582b910286,issliderwitheditboxfocused
5636fbbe2fcb890a,custom_channel
563a9bb669c79da2,objectives_ping
563e22ee0d9625c8,hasseenrootchallengeunlocked
563f552f49677b85,sat_season_2_mid_w8
563f562f49677d38,sat_season_2_mid_w7
56460e09f92feca6,ui_interact_jailbreak_is_locked
5647370f07d025c1,aarprogressfill
5649efb532e677c1,prev_level_progress
564a713763a1ce7e,load_screen
56538a2b3a03fa08,setweaponimage
5654e9585362e940,initialvalue
5657883071f15893,haslootrewards
5662f22ec5402f75,change_text
566e41b1cbac9ec4,secondaryweaponstats
566e687c044ff986,spraylist
567450c132789f49,valid_killer
5674826fa2208884,modeiconimage
56749f76f6ac614e,ret_cer_loot_cyberunicorn
56763d0f95c0f2db,ui.generated.widgets.ingame.reticles.reticlethermal01paranormaldirectional
56779fa46c0a2058,game_lobby_id
567f390fc1d0e262,setoperatorskin
56835feb9e5f8a2b,isnothardcoremode
5686ea3c4b845480,ftuetips_list
568b1904e5be3a40,completioncamos
5696e90bcebd75f7,igrbonustext
56976d8561f7fec5,ui.generated.widgets.chat.textchatentrieslist
5698ed991dd6eaeb,has_alt_mode
569952b1d599f0c5,onboarding/blueprint_store
569d8e7b69c75b4c,isleavingactivearmoryenabled
56ac36c069d915cf,filtercharms
56b7c06be94ae449,storetoolbarlist
56b7fc10d6a49bd9,inputemail
56bb51f175e65425,ui_ob_power_tier_xp
56bb960a8270dafe,image_showcase
56bc94d36baa589d,comingsoondata
56c02597b1bd602c,crosshairbottom
56cada996c48efb4,equipment_index
56cba89021879581,profilemenu
56d27a6ce6f63990,shortdesc
56d5b4ed9e650942,isoperatorstabenabled
56d664cbf588b7e1,menu/leavepartywarning
56d86709b67f4e7e,nvidia
56e3eb0819a65d55,level_text
56e4d21944537194,ten
56eb4c54136345d5,weaponmodelname
56ecce804f929fda,setinactive
56f4ff0b6f8158b8,deut_player1
56f5010b6f815c1e,deut_player3
56f5020b6f815dd1,deut_player2
56f5040b6f816137,deut_player4
56f9b9194465a323,tou
56fce29120b65cc0,reticleminireddot03animeshine
5708141466729de0,ch2brown
570a28c780574510,overlay_display_state
570a74f0c31db309,getitemtypeicon
5711b119447a276c,tpm
5714595f149f691f,chaostier
5716b9bb47335c59,match_start_countdown
571a50af66c92993,ret_cer_short_04_zm
571f1892ae76a334,rangefinderbackgroundzoomed
5722e370ce3d7a62,bradleyammolow
5728a0337b337b72,reticlesnadjust01
572a60d1b87b6262,networkinfos
572b5faf66d7b643,ret_cer_short_04_wz
572b82366255a0a6,battlepass_reward_progress
573005bc5e54b453,imagesmall1x1
5740755e1bc72150,extentcopy0
5740765e1bc72303,extentcopy1
5740775e1bc724b6,extentcopy2
5741c985ada0608b,iskeyboardconnected
5741f7f1f1fc0536,action_event_name
574d65af66f4a6db,ret_cer_short_04_mp
5752c31435cedc7b,contentheader
57530d7557dcf9c9,getclassdata
57576ca91f8d0231,getblueprintlootid
575c37d2eb23b1d8,threat_level
575fbfdf0dadfccd,updatepet
5761c67e815c1c8f,colorpresetdata
57667e3202daa6c5,current_index
57668c12403745ac,sendfriendrequest
5768b083b53b40c9,iscooppvpetype
576ecec9157694fc,squad_rank_color
5770bbe58e94e02d,sections
5776817f9b914aca,setplacement
57778e8046287074,colorcustomizationfullscreen
5780df4ba1344615,getreticlecategories
578198dd8cadac2b,zeusred
5782785bc449019e,tertiaryaccent050
5782a49d27f475fd,xcamtrack
57851a18c71307e9,playerattributes
5789d646d57e4cc2,ui_lethal_recharge_progress
578ef76c48ab330b,missilelockingtext
579268f2d0c825a1,warmclay
579be958025720f5,zmstate
57a021b4a8c5c820,refresh_option
57a1a86a0c9b54ae,gunscreencerbichon
57a1bd7ebd91826b,teamneutral
57a9f708a29b6e28,subheaderbacker
57aa5c3dd9581f25,ui.generated.widgets.globalpanelbackground
57b4d82487700d58,progress_value
57bed8f26456982e,viewmodelutils
57c339ce453185ec,show_nuke_countdown
57c5ebdb2165d41e,ui_region_difficulty
57c82d158f2850dc,validate_leagueplay_aar
57d55ca5e9449018,fadedgooddarkblue
57db9004b4fc2bb7,backgroundover
57df0d59023aa91d,directional_compass_type
57e08f0be64c446b,getnofiltergroupshandlerassetref
57f22ea211611dda,is_relic_challenge_active
57f49f6753fc4172,ui.generated.widgets.ingame.reticles.dotbase
57f5e97cdb465c82,vibrantcyan
57f7dc3ff57a0872,onnavigation
57f8fad06c68c8c7,leagueplaysilver
57fc8fc84c89c2f7,tracker_name
5809d7985c53816d,streakearn
580d9b23920642f0,topdarkener
58127cfb1fb98669,ui_iw8_aar_weapon_unlock
581730ca38e4bb91,currentthemeindex
5832fc9c2b830bc7,ui.generated.widgets.ingame.reticles.reticlethermal
5833887f8b0b5ba5,textbonuseffectgeneric
58363c9809f2b08d,os_back_button_pressed
5837ef5d2cc1dc48,all_games
583caf6147859c9f,store/bundle_items_included_emblem
583df58f0867099d,title_cortez
583eebee6fb9d772,splashasset
584672d75ce40869,kelp
584c3e60b37ef889,purpledot_rich
5851768782ccbed4,getoperatorname
5867fb7814b62466,heartbeat_sensor
586941791c9c57bd,splashfinishsubtitle
58698761fc1d49cd,burning_down
586a8f080bd2e531,lua_menu/time_hour_pm
586ba23b93337f75,is_sky_diving
586c55216fbb08a4,ret_sat_long_03_mp_rangefinder
586db7120aad32ae,getemblemfromlootid
58727536ccb2ca92,_dropdownopened
587e9aa8a5dbeea0,globalpaneleventbutton
58816727bdcf88ee,ftuebackgroundimage
58833714afd2c1ce,hidespinner
5883e929cc1d6e2b,centralcommand
58859952e4a7cbe8,matchenddlogrecording
58894004aa20b773,editlayoutwindow
588b223e6c58c7a9,transitionmode
588b68fbec6648cb,twodigits
5891417d4f235780,tier_details
5896cf4ee4dbf0fd,selectright
5899e1bdac7d975b,shouldstoreshowreactivetag
58a48b080c0456ac,lua_menu/time_hour_am
58a94ce807ec1cbd,tabicon
58ab67ba7ce9b054,active_phone_number
58b5ab970b52ad57,contextualtip
58b67b82ef663bea,c4backer
58bc72437c4aedf0,lobbyscenesection
58bdefbf295098ba,reticlearscopevz02
58cadd0dc1f3f866,ret_sat_loot_spider
58cfcaae0b0d1225,apply_value
58d82b2bc8e14de7,ret_cer_med_04_zm_alt
58da29c64d5a412a,lua_menu/vram_warning_desc
58dc6b16132d079b,getonboardingspecialistperkdata
58ddbc65d56a20b1,barrackschallengecard
58e35382beac4122,ui_incoming_msg
58e7da55c64c4720,firstentrytransmissions
58e96a8134974598,uin_hilite_gunsmith_gnsc_bbai
58f1b1f5fc5ebfd1,maxlabel
58f2d7caff77e61e,setusestencil
58f9d1d54d927724,playbacktype
58fcccc2699659d5,isteambasedgametype
58fdf532f8a2b77f,getweapondetails
590024fd67a87f73,getcardnamefromid
5905ea0590afeeb0,genericrewardicon
590cad8843607128,cinematic_name
590e33af977686d4,bodycopy
59129a0590f578d0,ui.generated.widgets.footer.footerbackicon
5918e6a7bc13f57e,bitunpack
591f74f6081dd6cf,cobraleather
591fab6f30c1bb62,menu/store_cat_weapons
591fd5bfe1c9fc24,attachments/mod_recoil_control
5927934674d75ed6,channelmembersheader
593211ff13485171,getdefinitionfortype
59337fb071063a16,ret_sat_loot_s5bwred_themscope
59342bd931e947e7,newtagbacker
59376b1202a61264,featuredlootbonus
59398b532a86b05c,arenayellowdark
593ace0ca4dfb2a8,outercirclesharplite
5940fb0428d19505,ret_sat_hybrid_02_def
5941ab572851098c,roundtext
5941e8d0febbf2c9,canskipwztutorial
59431ce5364dea8b,lock_status_time
594475c6aa552429,notification_event
5947bdc76243cfc8,dropdown_button_hide_default
594c6591a47f1295,ui.generated.widgets.options.generickeybindlinkbutton
594f0c71672c0129,shadowdark
5955899ec15cd8e6,ret_sat_long_05_mp_rangefinder
5957ec7034717fd2,equipicon
595f3dfe1717b4dd,num_value
59701c29e664ad77,selectedrelicsoverview
5971788410d3d030,timerlockedbutton
5971c66ad49d293f,ui.generated.widgets.mousecursorcontextualmenutitle
59737daf48b00380,online_friends
59851af9efb94794,newoperatoricon
598e078bffe95486,action_params
598e95a1c4c76c37,relic_scene
598fff9df4aaed22,resetsearchresults
5991b755474b5033,ultratertiary
59928a1da7dd7d24,campaignstate
5999dd73585f2c85,textboxborderwithcornerleft
599a4a9940807a60,party_data
599a59015b8ed60e,fullpurple
599b185dc49124e4,redalertstatus
59aaa7189f1200d6,menu_tab
59aad36dc7ac24b3,isbombgametype
59ab8bf2f3c7ce23,setprocontent
59b18f221d5314b2,ui.generated.widgets.frontend.mp.cas.gunsmith.gunsmithdetailsmodlist
59c8b209c9d69d2f,teamscorebar
59ca65fec43c16a5,perk_streak_list
59cf305d31f8c366,placement_matches
59d0a4d79fc21186,getattachmentsandbucketitems
59d98072f1b17c04,ui/generated/widgets/frontend/challenges/weeklychallengerewardbutton.lua
59d999c8e10fb23e,clientplatformtopresenceplatform
59d9cdb3a22abb50,ui_veh_occupant_0
59d9ceb3a22abe11,ui_veh_occupant_1
59d9cfb3a22ac0d2,ui_veh_occupant_2
59d9d0b3a22ac393,ui_veh_occupant_3
59d9d1b3a22ac654,ui_veh_occupant_4
59d9d2b3a22ac915,ui_veh_occupant_5
59d9d3b3a22acbd6,ui_veh_occupant_6
59da9343e9774d82,legendarydisabled
59e1e7ae485a6fee,setcontainer
59e3e99521c9c5f6,reticleoutercircletango21
59e759f35066b648,deletepackconfirmationpopup
59e82d6b16810219,endingsoon
59ebe00150ef167a,primary_weapon_stats
59f0c5cc950f613b,colorindexpreset
59f1fb7815c77ce4,template_data
59f44d5b33ee232f,scorestreaklayerwrapper
5a0611db0d0211eb,secondarychallengereferenceprefix
5a086151db3ca3b3,lua_menu/formatted_time
5a0946fcea8724f0,gradientleft
5a0dae60738738d8,smallbackground
5a0e608a6a98e2a3,reticle16hybridc
5a0e628a6a98e609,reticle16hybrida
5a1d3bf13f90abc9,getemblem
5a222a369240a645,blackcellimage
5a2e612b03b4cffa,enter_weapon_prestige
5a34f447959ebec5,ui_iw8_aar_camo_unlock
5a37c3fcf5a0e54b,brightorange
5a38dacdd19d4234,highlightoff
5a3a509d82d0adc2,isleagueplay
5a4216fda38996ec,completedareaimage
5a43b07953ccc40a,lua_menu_mp/perk_slot_one_short_caps
5a49a51690617bb7,headertext
5a4a16b97af00101,trialgold
5a4dcd5edbf52668,textidle
5a4e83c1ea4e09ba,raw_data
5a516927f74c42ba,popupbggradient
5a53df1c4f6146d8,ui_ski_toggle_state
5a55248ada356d3e,stormdust
5a58521f2571f13b,progression_splash_vis
5a628af1825c3cd0,gamemodegrid
5a6a3516814d5140,contextualobjectivewrapper
5a6b9ed8b0b455ea,brcodcasterannouncementcircle
5a6eb591673744eb,initscrollbar
5a740ffab1e7f1dd,onboarding/classified_challenge
5a75269f480a5092,sprints
5a79a2bf65b9d289,intelheaderbg
5a7f382e8a8d03e9,isperkpackenabled
5a82b668bb582a97,lua_menu_mp/time_to_beat_format
5a9a17017c915385,field_upgrade_slot
5aa417222e7b0c6c,progress_text
5aa85301f89b4e8f,ismenuinstack
5aa899d37247e2e7,rewardunlocked
5aaf3dfcf94ef57c,selected_datasource
5ab02ada1329c996,restricted_weapon_build
5ab34103f9fae375,usebrlootcustomweaponraritycolor
5ab63846209dfc2a,move_item
5ab9558dce2d9f73,unlock_source
5abaadb841993d32,ui.generated.widgets.ingame.reticles.greendot_muted
5abfb51eec3e18fb,ui.generated.widgets.gridcountarrows
5ac0b84c146830e3,reticleholotherm01alt
5ac16d97b6039820,vzsmall
5ac8916da5cce9dd,operatorskinref
5ac97b0006c19d5f,ui.generated.widgets.ingame.gunscreens.gunscreentalkingwave
5acc49315f3cba0b,cer_season_2_mid
5acd8cb864b3524c,scrollbar_drag
5ad650e43b4c07a7,gotonextmotd
5ad9dbcc9f21fe36,compass_vis
5ada15bc1f373068,optionsgraphicssliderbaroverflow
5ada1e7bf1ea6993,setmutestrategy
5ada29eb4328920a,training_course_current_objective_type
5ae1e21dc90527eb,buttonprimaryprompt
5ae4fc78b5484d1e,non_atvi_friends_only
5ae8cb6b137a9158,basebrush
5ae981b0a128657e,perk_category
5aeab0f580ff7b3d,ret_cer_loot_tactvamp
5af6e427751d019a,elementid
5afbac6f967cc3ab,obmenu
5afdec78147fbd18,training_course_in_station_range
5b045b44a9de8c85,gethudicon
5b0d56e492b1e49a,hastimeoutsupportforgametype
5b104c9a476843da,codcaster/team_acronym
5b13f03e86921f51,getsubgametype
5b1762f151db13fb,tile_header
5b1dde5083ea0e48,connectorline2
5b1ddf5083ea0ffb,connectorline3
5b1de15083ea1361,connectorline1
5b1e0fb89eb1043a,crosshairleft
5b2029c778f868b9,completedtext
5b21e09ef531fa69,protuneddmzinventorylayout
5b23801419e0fee3,ret_sat_loot_s4tarot_thermscope
5b2f535269fe8290,reddark
5b3287ad592ce4c2,abilitytext
5b3641fcbd0afeb1,iskorean
5b36a3b62565a3c4,weapon_secondary
5b387d52ded66e96,bottomdarkener
5b3ae0eeccf03cc9,singleitemname
5b3b1c76f69e3b81,brsbattraction
5b43692214b77e36,scrollbar_not_all_visible
5b452c1c27322e1c,reticlethermal01paranormal
5b461e8ba2284549,getdefaultloadouts
5b4c3ceae8129a48,getwishlist
5b5036c94410147f,button_state
5b5e9735e48a107a,isbrleagueplaybutton
5b64392a12555638,title_none
5b6549c9442290d2,button_start
5b66caa419f1d11a,ischatrestricted
5b6bf980d20aed5a,notjoinable
5b77b130731925ed,hud_theme_list
5b77d4e6acb43758,buttonupdisabledsnap
5b7a1db19fbd9b01,listbackground
5b7bdf8aae6fe6f7,isfieldupgradeininventoryenabled
5b7e8a617c1874b5,lua_menu/chat_error_reply_failed
5b8304299f37014b,roundslimit
5b85e5f9e8d08cfd,getpreviewweapon
5b8a424fc23a0522,ui_grind_tags
5b8bb16790dde08e,whaleblue
5b8bec97c9476644,getflclayout
5b94dd186240d9e1,dmzpersistentoperatorinformationtile
5b95d963cd130621,hotitemhighlight
5b9ba06bf44f123c,focused_page
5b9bf330661e6247,irishspring
5badb9aff3e9b428,ui_match_start_countdown
5bb1f4eacf4fc9e5,gunshipreticle
5bb55b0771781158,sticker_1
5bb55d07717814be,sticker_3
5bb55e0771781671,sticker_2
5bb6d0bbaf5ce270,openstickerbookchallengesmenu
5bb72bb55bf0726c,areloadinghintsenabled
5bbdce359aa60c4b,focused_item_operator_skin
5bbdf26f25aceb2f,ui.generated.widgets.options.settingeffect
5bbe11bc4215ae8f,xpflyoutstripe
5bc161f4189ed168,isseasonaleventstabenabled
5bc2faa8af806c59,getweaponclass
5bc54e1fe2a53ece,blueprint_name
5bc6954c9419de7f,online_data_fences_passed
5bc6b89475fa0afa,whispers
5bc9fce50f9a0634,ui.generated.widgets.aspectratiofadeframe
5bd73c08ae442a01,tertiarychallengereference
5bda7898e684362a,is_slot_in_use_percent
5bdc07aa0cb72f3f,equipment/type_tactical_caps
5be50be94c912680,backeron
5be79d252e95ee92,ui.generated.widgets.mousecursorcontextualmenuseparator
5bec3a0a4cfcdf59,lefts
5beca02b7d3b7030,focused_item
5bee1256e6f30ddd,getmaxrank
5bf2e50e31d53d71,ui.generated.widgets.ingame.reticles.reticlesnprmike4illu
5bf64747f696004a,quest_index
5bf7638bfd147e07,lua_menu/rules_player_options
5bf85d64b2871a17,handlemousescroll
5bf8949d1732027f,ret_sat_loot_s3paintb
5bfcc9843365fbdd,is_wanted
5c005eee62ae98ee,setupmessageslist
5c0184a97cd0a14e,getpartystatusstring
5c034961620dbc3c,getdisplayname
5c093199f2b571ac,lowradiation
5c0a4a583eee6ea3,stopsoundsetsound
5c0fd98f407a8b78,isbuymenubuttonallowed
5c11a8a3f07e3f28,toogreenmint
5c13c57427a9e083,rewards_count
5c1bb35206528779,ui.generated.widgets.ingame.reticles.purpledot
5c1dd3be9167c188,palladium
5c1fac7474ac67fb,ui_super_hacking_progress
5c2234a565eb3bf7,contextname
5c34b7c7eaa3cb11,client_scene
5c36ae0553e8799e,splashes
5c3ef597e652765e,presence_platform_bnet
5c41b619c54bffc8,getweaponmenu
5c462f90231fe727,menu_create
5c47df745ede069d,directionalcompasstype
5c4a2b22ce013847,ui.generated.widgets.ingame.reticles.iw9.reticlesnscoperf01
5c4dc9120dc61be2,team_side
5c510d98bf07cda2,categories_list
5c531eb07b2b173b,challenge_data
5c5ad3f6c11f45c8,is_current_motd
5c5b5cbd206b9057,baseshine
5c5f59bcf5e9bf23,weapon/cryo_dismemberment
5c681df62f51b079,nostats
5c69c5a78bbc22bb,missing_player_info_for_whisper
5c6a35140b35cf47,isplayermuted
5c6c5aa3bb0fb3d9,gesturetap
5c703a29d0ceadd7,checklow
5c7458b8b132ff58,iw9pixelgridhighlight
5c74d4cfdc3ff194,brarmorhintpopupwrapper
5c76962f33ad35b1,operator_name_color
5c7b989919ae40db,is_prestige
5c81e1449755264f,tagscontainer.upcomingtag
5c8669a9744060da,is_trader
5c8957b6a2acc6fa,affectedbyemp
5c8d2fb942e7a215,dismembermentlabel
5c9096f327aa44af,yellowcross
5c9c6811a97ac8fe,reticleholorange01pstl
5c9cb623629ca0b6,presence_platform_ps4
5c9cb723629ca269,presence_platform_ps5
5c9df28d451a929e,lobbylistbackeralt
5cb431d3ce68a20c,tealdotmagnified
5cc2ced3e6320d98,shareloadout
5cc3964fd5e664ac,ret_sat_loot_s45organ
5cc7977708b6a004,personal_best
5ccad3e6ce225221,stoploopedsound
5ccfdb395b17e2e2,daily_login_reward
5cd83ed5c9ac3930,blackcellfocus
5cd9904a0022310d,weapon_build_index
5cd9a37c106096d9,genericblueprintlist
5cdccec7281a243c,islandgrabgametype
5cdee373a03585a0,forcedisable
5ce3b5a9f1d48c90,line7
5ce3c3a9f1d4a45a,line9
5ce3c4a9f1d4a60d,line8
5ce852c15514814f,alertorange
5cead94bf26a8488,isinsquad
5ceb0f01c2580613,mpscoreboardheader
5cf040e3ceacbc36,hardorange
5cf8364328baffb8,linebottom
5cf9068265fd2b12,getgobblegumstoredata
5cfbfd5b146872e0,ranktext
5d139b4d380fa03a,progressionunlocksplashwrapper
5d1733b226d6cb47,frontendendgameextractionresultomnvar
5d17f52806eefd1d,eventtemplate
5d1ab01e8f299cb1,graytext
5d1bbfc2bff1b520,buttonlefttrigger
5d2404afdd5c8c38,hasmapname
5d25349c4b6c0c0f,bindingpreviewbuttoninsert
5d2ec3f113554675,in_party
5d35618a8af4df30,unpackvalue
5d3583e77a4e6c27,basesplash
5d36fc033a1c7626,rewardscontainer
5d3842835afdc640,weapon_class_ref
5d3bf36cd0208187,itemref
5d3eec7eed56dcef,ui_skybreak_radar_cooldown_progress
5d4f78db9912cf0f,ret_sat_med_03_mp_therm
5d525a177abf9e24,base_item_ref
5d52e8f99fc8ab2a,supermeterback
5d55b74eca048fc0,vertbars
5d5705b5e3dcc564,perkakimbo
5d5dd43374c03b3a,genericinputfield
5d5e7f770136b495,raritycolortype
5d601aa14eab66ea,hudeditorlayouts
5d674e6117f1c329,ammo_mod_bundle
5d71ca7907ee6132,isusingdummyloadoutstationcontent
5d781bff7b0380be,unlock_data
5d7b0d6bdba924aa,mission_bundle
5d7b1f6d8190d182,pinprioritylevel
5d7c66703cb008d6,paranormaldirectionalteal
5d85235c1846cf6d,difficultyhard
5d89aae5478f3e3b,slamxptext
5d93a0ff571785bc,onboarding/role_1
5d93a2ff57178922,onboarding/role_3
5d93a3ff57178ad5,onboarding/role_2
5d9bfa1176818bde,two_items
5d9f8f1dd8e50ef7,ret_cer_loot_s4milsas_rangefinder
5da05b05dc6897bd,editorstate
5da07a721e45e44d,reticlecrosshairburst
5da117f2797a8c18,storebundlelayout
5da32d2bfaa81507,iconsmall
5da6235c2be874e4,setfriendslist
5da9946be54c3b4d,iscapturingfootage
5dac237b5214241e,store_mode_ref
5daee2166fe1e40b,ui.generated.widgets.genericoptionbuttonbase
5dafaf5701afe974,getsortvalue
5db50249b6748588,ui.generated.widgets.ingame.reticles.reticleholo04scifi
5db615e66950a757,showagentnameplates
5dbec0fb7158c834,online_matchmaking_is_league_play
5dc123c7201ad92e,nodeframe
5dc202a6b6624237,menu/confirmation_popup_title
5dc95a17f6c2bec0,ui.generated.widgets.ingame.reticles.reticlethermalsnpr
5dcb8b6b04f99bd1,freehighlight
5dcd97a497a5e043,imagemedium1x1
5dcf543dae2aff9a,ui.generated.widgets.genericoptionsubcategorytitle
5dd67b42f66b02c8,winebarrel
5ddf1cde4e80922f,socialpartyemblemitem
5de1e83b71a94573,ret_cer_med_08_wz_alt
5de686daa6eaed8c,customweaponmodoptions
5de91fc4a560559f,setupgridpagepips
5df754da27dd94c7,getgamemodeicon
5dfcd06b5ae8c993,perkslotonedisabled
5dfd380bb4cc075a,ui_show_objectives_update
5e02d27aeef57f58,metropolitangrey
5e04c42903230b89,platform/shader_precache_restart
5e06a3c195f3a6a1,lui_armory_enabled
5e06fe4fb9d374e0,_navigatefromcoordinates
5e09c11abaef610b,is_unlocked
5e11607a0254d5e9,ret_cer_long_04_wz_rangefinder
5e13094852fd104b,brpausemenubuttons
5e1358fcea78d808,class_display_name
5e14c1a188ccdb1a,getactivexcam
5e18dfdc40ba15a4,onboarding/sprays_desc_2_kbm
5e1971b307234fa0,active_perk_bonus
5e24310977b6deeb,newlayout
5e251ec3bf80429c,weaponhudvisible
5e279db22dc7e280,islategrindersenabled
5e28032d256032d1,canusesquadcash
5e2bc20c43961bc2,is_warzone
5e35a6e8dd89e98f,scrollbar_next
5e3748c1b2ef78af,ui.generated.widgets.bindingpreviewactionssection
5e39a0f62bea2e31,warn
5e3cec0d63e38539,alertgroups
5e41dda325020b26,ret_sat_holorange_element
5e42579eb00780b0,unselect_calling_card
5e472f5277dc1e8a,field_upgrade_notification
5e49dd623e25104b,_gridcontentrowindex
5e51f2c42732c1d9,equipped_perk_package_index
5e5751f8277e0541,backgroundmask
5e5a734727b922e7,ismenuenabled
5e5ad9154718049f,oceandepths
5e6023f33a12f557,whispersenabled
5e608d1feaef724a,weapon_data
5e6186faafd09736,bordertop
5e646e64a3bc1408,progress_percent
5e64770a4d1d0bd4,powerup_list
5e674ccdc4bf145a,isonline
5e6ad545a22ad539,subheaderstring
5e6db2b43beb49f0,isnewgasmaskdamageenabled
5e7d325dc8159627,sppausemenu
5e7e7b479959821d,keybindpresetdetaileddesc
5e80981dd5b16084,battlepass/tier_sale
5e822b82f149a0a8,ret_sat_long_03_zm_rangefinder
5e8491476ea0f1d4,textoffwhite
5e89000f0a21c70c,tryshowwzftuemissionwelcome
5e8c25271d2f1b8d,perkslottwodisabled
5e8e2eea8a48ea74,brblueteam
5e915fc5905a6bec,eventselectionbackgrounds
5e945777dca7b50e,radialprogressbar
5e99524a0622912a,next_reward
5e9a8a7b93037e95,buttontextcolor
5e9e22e39adf9cf8,ischallengetrackingenabled
5ea92e1c8e7ba457,addfavoritetab
5ea974f6303bbda5,setnavigatelikeuilist
5eb1a1252e93b672,getreticleimage
5eb30e3e22f5700d,setfilter
5eba1c3a790aad51,getcurrencyref
5ec1859c4c0ac572,lui_focus_tab
5ec9c9c22680672e,is_operator
5eca7fdc3aa09eaf,activation_type_description
5ecb1da7ca511fb8,current_tab_weapons
5ed4e085fb434883,selected_weapon_model
5ed8047fe23c93f4,getloottypeicon
5eda33a72433cf88,ui.generated.widgets.genericeditbox
5edba15bc8135dce,tertiaryaccent300
5edde8734bd34b4d,unlockcriteriagamemode
5edf467a5bead680,usefirstplaceoverridecolor
5ee12860f5c1cbfd,mousecursortooltipdetails
5ee4d7c06ad34777,trophy_text
5ee6cb42d26fb621,activebehaviortype
5ee71a0b19d88964,memberclantext
5eefddc6a73e0489,getstartpoint
5ef0f740342205b1,black_point_updated
5ef6cf176735f2e7,showcase_movie
5efc5b96e87e3cbe,namecategory
5f03b927ed451903,buttondisabledactive
5f0f0e7f04bc3f4f,iscashenabled
5f127aec10f7b947,is_selected
5f22823d80f0d9d4,ui.generated.widgets.ingame.reticles.extrareticles.reticleoutercirclecrossbow
5f2f3d41c971c266,loadingmoviename
5f2fd35044c7be7a,isexecutionbuttonenabled
5f3462f11586a53e,brsecondchanceovertimetimermemcontainerwrapper
5f3541502436a335,bomb_progress
5f38aacd02da11b3,apache
5f395e37c74cc035,isseasonchallengedmzenabled
5f4c5570831fa59d,skiltierhightlightcolor
5f573fc711a41942,brlootitemraritytouch
5f6369dd9c38c08c,overlaywhite
5f640717240267a6,openpermanentunlockmenu
5f66a370f487f8e5,streak_skin
5f6bc89ab4d34247,availabilitydropdown
5f7a74ee053f910a,resetdatasources
5f7b159145e0d69f,deltabeige
5f844cb23ef39465,useweaponrotator
5f8c9c4d1cd9280a,isphoenixspectatorenabled
5f8e0c93ccafbb94,ret_sat_loot_s3cyberjp
5f92c9f3e498f194,platform_name
5f949d392beee468,external_game_title_string
5f96c85b43bef4a3,navigationfunction
5fa2d438f4cb9915,newsecondary
5fa67dfd8767e45a,hitdiamond
5fa7625090e87277,ui.generated.menus.options.editbuttonlayout
5fb1b6e36abe59b8,isconsolegame
5fc26dfad41163d3,squad_size_text
5fc34d8bf831ac78,craftacquisition
5fc78eff561ebe50,lui_battleRoyale_tutorial_end_choice
5fc8d31b534da79d,focused_index
5fc9642b833924af,rewardattributes
5fc9ded174eba284,leagueplaylocked
5fcc54d3995072a5,showinspotlight
5fcf8b2e559235d9,current_sprint_state
5fd5492d08d02847,ui.generated.widgets.ingame.reticles.extrareticles.reticleoutercircleacogwest02
5fd8d171d888b7cb,is_melee_weapon
5fdb739354b54680,selected_channel_id
5fdb8eea11178e0c,blueprintbuildskinbuttonwrapper
5fdb925ead267628,ui.generated.widgets.ingame.reticles.reticleoutercirclehybrid03vday
5fdf1cc111550ae8,sendbroadcastpopup
5fdfcaef0263d9c1,localizedtext
5fdfcb50683b2f14,palette_accent_quaternary
5fe001480524d0c3,signal_strength
5fe3f47e50b69cb3,tournament/callback_header
5fe98170a8fd2dda,zm_rb_classic
5feefa56106de123,weapon_render_icon_wait_command_buffer
5ff7ed79ae6dfb7d,neutralwarmdark
5ffdf69f1b9c7f49,ismutesoundshortcut
6000d2a11fc8cfd1,uin_cer_global_panel_tab
6001c9e75190e5c9,rechargeslow
6010621c2879d225,archive_replay_next_player
60148cc7925988ff,isincursiongametype
601729cb5a9a6292,ui/utils/prestigeutil.lua
601e930b578f6b38,swapattachments
60210f035b567416,resetoperatorrotation
602a69ab7931664c,store_subpage
602a891e3ceb8ff1,ui_world_fade
602ee718f0b5c8d4,soot
6031e018f0b7f2c6,sony
6037526efb726e6b,lprank
6038450569fe10d0,hidetotalcompletiontext
603ac8f6c28275f2,ret_cer_loot_forge_dragon
603f400b86b43b72,brplayer1color
603fac8980afda68,ui.generated.widgets.ingame.reticles.reticleminireddotgotagochild
604965b514cfee74,shouldusedmzshortenedtabs
6049b34784ce4f3f,openscoreboard
604cfcdb3d2b5791,numberdivider
604e1efa29d4e258,game_modes
6058b9d95e10a61d,storefront_updated
605c0e816988eca5,leftteamwin
605d87971f854682,scenarioid
606203fd0a6db45f,weekly_challenges_array
606452f3fafc2f98,disabledecorativeelements
6066d057be9da1fc,rightlineimage
606bdb297adec84f,setcamo
6070bed28b2277ef,pick_one
607459c0ae06c9f6,mediumbutton
60756d55d24f7b53,getweaponblueprints
60778faf4255eb0b,ui_skr_inskirmishcam
608073b436cde1bf,tablelookupgetrownum
60894153d4952696,ui.generated.widgets.activearmoryoverlay
608bce6459c40220,getrankiconforclient
608d8adfb8e9833c,is_current_sprint
60910c0f781a3e6c,iswzleagueplayenabled
609488bf654e5c75,mwlogoproportions
60998a656fc2dacb,activearmorylocked
60a7199d12a38c3f,lua_menu/filter_locked_items
60aa10eca526533b,sidedivider
60ac2e31aca123d6,grid_focus_right_not_blocked
60b0fc9bceae7fa9,tutorial_laser_explode
60b4eb9379d89243,usingwzloadouts
60b560dde3b91bef,misc_icon
60b58af5345f2c1c,set_focus
60b8f534cf16ac6f,current_xp
60b908362ec907d2,activebase
60c6608722d24184,javelinvision
60c67daf2a5c9f67,energy_meter
60c88ff2c150dc8c,isfrontendinventorybuttonenabled
60cdcd3315aeeb55,selected_filter_string
60d82f3f51e11129,vehiclehealth
60da4933e54ba1ce,nemesisrivalrytrackerscoreboard
60dab87ce8adf250,filterpromptcontainer
60dc6076d0b70186,ismousenavigation
60e140c22e543fbc,weaponmetadatalist
60f0751e915bc5c6,loadoutitemunavailable
60f5c668377f2d9e,dronesentry
610ff2496773aae0,scrollbar_pip_is_not_default
611633e221cf2cdb,delayedactive
6118aab10b937a81,ui_using_retro_arcade_ui
611fbbeab21683d6,isoutbreakriftrun
6120702d13abb004,ui.generated.widgets.broadcasttextchatentry
6124236e436b8795,optionbuttonbase
61251b472946bbff,lui_loot_seasons_filter_enabled
61271dd1f7e1a0d7,challenge_ids
61293359cd170172,unlock_challenge_description
612974585e0885e6,completeftue
61304da4b7ad4cfa,buttondpaddownprompt
61340e803b403393,setviewmodel
61368a29b9b51ff8,warzonelogo
6136a142ffd08d96,partycode
613a96c59ee29df2,palette_accent_secondary
61495ec3fd6b0efb,getoperatorskinicon
6156a0ab4baeb06f,ui.generated.widgets.ingame.reticles.reticlesnipersksierra
615c9a4cf297374d,placement_xp
615ea1db2da9249a,activegetdisplayname
6168f66f6808532b,weapon_tab_enter_event
6169888556bad67e,weapon_prestige_level
616c732f107d2d1f,mission_number
616e35fc854525c5,data_location
617843e51c105a26,roundbased
61886cb7a2a4a473,hud_scale
6189aff3eec73468,seasonnum
619233b4e37cadfa,mission_tracker
61939eb22f175afa,fastfileAltLaunch
6196d5dd83cdc894,resetweapon
6199adc21cb255aa,lineside2
619a354fc16bc26e,user_changed_confirm_mp
61a02a25a2de8394,discount_text
61a7983a5d2e63f2,filtervinyls
61b231af538b4fc9,selected_reward_index
61ba9b5f4f74766b,setpriority
61c35bacf04979cb,onboarding/sprays_desc_3_kbm
61c4cf3c6580ea43,arrowglow
61c6dc7727303521,ultrasecondary
61ca4f47f969fe4c,status_info
61cbbab81de228f8,setworldposeoverride
61d0002e3b2f1237,teamalliesicon
61d8884858326b2f,lootcardasset
61d9fff9851b681d,reboot_popup
61dbbc163bf3776c,getpetbundle
61e36ab5884bf221,ubiconnect
61ea23f9fd090e19,weaponselect
61ed92e9a4868e79,ispubliceventfullscreenatlasenabled
61f45778250cc8cb,page_title
62007dfd0d2bd067,event_end_time
62033fad2b386ca7,getcamocategory
6210e7e5fceafd23,ability_string
62111ccd0c76763e,lobbysettings
621266e3eaf1e7c4,usage_count
6214a390e05af4eb,ui.generated.widgets.ingame.reticles.reticlelaunchermike32
621637912842e8ec,product
621d2436e7d321e1,ui_mule_weapon_ammomod_zm
621e8a4b4bcb9449,anniversary
621fd42f5410a3c6,ui.generated.widgets.genericoptionbutton
621ffd8f7c481f90,teammaterevived
622434762500489d,child
62285a826b1262cb,on_cine_finished
622cfab7c0580e52,contenttype
622eaab59aa27e9b,getdvarint
62304d3cda8a0a2f,onboarding/weapon_mastery_2
62304e3cda8a0be2,onboarding/weapon_mastery_1
6230559fbed22058,unequipaction
6234fc6f4b958711,getrarityimage
62391f941743ef2b,loadoutbtnaccent
623e7dbbd2fbe880,areweaponvariantsenabled
623ec9b1aab4ebab,issprintbasedleaderboard
6244a3d55e904930,ret_sat_fourx01_def_compass_small
624dc61ea9dd4ea8,setelementdatasource
6250263d3baa82ab,ret_sat_long_03_zm_therm
625904a1b470d35b,ability_resistance
6268bcd3f9f6633c,seasonaleventsleaderboard2textbacker
628133c015c0b40e,ui.generated.menus.options.boothdrblackpoint
628333e150d5e3b2,cobaltblue
628624def6f708c8,getomnvar
628811b5fba3cf8e,jup_reticle_boscar
62889575df595f33,breventplus
6288d4e4b7e613ed,import_settings_description
628bded59c94ea88,ui.generated.widgets.playerreportcheckbox
629812c42c2bf3fe,lua_menu/no_blocked_players
62986fd30f0c68be,ui.generated.widgets.frontend.unlockcriteria.unlockcriteriaprompt
6299be121597b3c5,leagueplay_loadouts_enabled
629cdc2da7ddcc1f,current_category_name
62a285a3c54c31c9,psogamemodestate
62a958f3b9330817,ch7_season_3_launch
62ab3689798dd031,isusingps5controller
62afad68dfdb0975,getlogoimage
62b89d3223232ba3,ret_sat_loot_s35silverzm_thermscope
62b9125d5ffe831f,xmodelname
62b937f628ca38d5,lua_menu/title_update_available
62bfb6ff6c9a1827,isgunfighterequipped
62c8eb6c3126a3ac,e59a43
62d337830fae9727,messagereceived
62d3c67579e421a5,ui.generated.widgets.frontend.mp.cas.weaponattributes
62dc9b2a62f08b6b,gamedvrprohibitscreenshots
62dfa8c003416ac8,is_new
62e7f97146c0b1c4,selected_setting_index
62edd5b8255fc7b6,zmpausemenubuttons
62ee4a2b99de2c28,revealrewardtransmissions
62f0eb2268627c01,dpadrightcolor
62f3f8109d34b5fd,southernmud
62f4af96a10f46db,button_dpad
62fc3c318b5ed7e7,showothers
63000efb6837dea8,streak_start
630021317c9948a2,highest_streak
6305cfbb559ffa4f,killcamreactionselection
63063c2fca844518,texthints
6306902ebe4725d0,skin_icon
63079a511306a572,boba_mode
630f7b0474d33fd0,perkslotspecialist
6312d1a21de6513e,projecttype
631327c9f32050e4,hasbrinflationredeployclosehud
63140cf27b689b9e,ischannelsenabled
631f1e8197f50c4b,greendot_muted
63213014c78a061d,israidlfpdvarenabled
6322bfdc25b13bf3,primaryhighlight
6329f6b0dc1d1dcb,show_warning
632a79326b8c619f,movie_fps
632ef47776f4cec9,mic_visible
6337fca245e7032c,hitheadkillspreadwide
633ddee757a05ded,allow_close
633e982840e70de2,getemblemname
633f9b813aebef57,uin_hilite_gunsmith_gnsc_bcai
6340cf1ac036eca8,crosshair_alpha
634158c584fe2866,itementries
6343b93ddd7ac54e,ui_mobile_turret_controls
6349415b90622cfc,super_icon
634ae9a03bb94720,rightfilling
634dcef780b7406b,startprivatematch
634fc2dbcb0ecf53,squad_size
6350096d9717a520,fatecardlightbar
6352c1545af375c3,primaryaccent950
6355c4545af5b0b3,primaryaccent925
635626aa9689be11,lobbyscene
63565cc31bc0b9ac,launchgame
6358552afffba011,overrideswatch
635cd3545afbe8de,primaryaccent900
63611b3060403bdc,event_complete_banner_text
636218990d800f74,current_camo_category
63704312575a17c7,xboxlive/leavelobby
6370aaecc56aeca8,smallbutton
637a2ac330a471df,istoastnotificationbuttondisabled
637aecc67cf77c0b,playlistselect
637d55f9cd894fb8,isusersignedinbnetfrontend
63861b418bf95c49,teambbackgroundalt
638c01f58b8a2781,styleguidenegative
638e37bd2bc0beaf,keybinding_string
639d63086024d5b8,options/dlss_disabled_desc
63b25502101f377f,ui_iw8_plunder_player_lost_stop
63b2f042b3dbd020,setup_buttons
63b40d39f4a57bec,playlistchallengetype
63b522d27d913213,widgetentry
63bdb85689bd30ab,category_desc
63bee83c3aab89dd,commerce_transaction_updated
63c760a30335cfc5,touchmove
63c76b75845af20a,reticlethermal
63c90d6bba6349c3,refresh_vram
63d79713c7f25f81,arenalimedark
63da915322d9ff74,eventselectionjoinmode
63e3514337289221,defaultlisttext
63e68b6e2a53362e,iscinematictelemetryenabled
63e7211bfb8f51ba,isbigctfgametype
63ef3119b961ca6b,ui.generated.widgets.gridpagepips
63f8d52cfdf65bf0,iseditinglayer
63fa0da3b8820c02,is_classic
63fc96be36495a24,getdefaultmovie
63fd57bfa3d3f3d8,setsortvalue
63ff5345905ccfb6,leaderboardstatus
6403cf92888c51ec,deadshark
640621abdd723109,equipped_calling_card_index
6406d3d08860775a,ui.generated.widgets.ingame.reticles.greendot_lime
64093e2cc78afd4a,iscrossplayenabled
640f71d502af06a3,setfocuseditem
64156ad0392158e4,scr_supers_killswitch
64168f87c6bac430,openloadoutmenu
6418455866eee49a,equipemblemcommand
64187f69c23695a8,frontendenablebrhealthequipment
6419f628961df407,map_icon
641e7ca9df1a8b1d,by_title
6420cdd4036f556c,setresetdynbones
642f041f0167005f,team_index
642f657d1715f729,ui.generated.widgets.tabbacker
64373282c23986ce,hadesammocounterrtt
643da50068cc1c10,rect12
643da70068cc1f76,rect10
643da80068cc2129,rect11
6454c7087092039f,ui.generated.widgets.frontend.unlockcriteria.criteriawidgets.unlockcriteriaseparator
6456077499681a9e,visuals
645e1abc505b48d4,hidecomingsoonmessage
6461de2a8b345179,issrchallenge
6469b931e7edb4a7,firstpartydescription
646aac855d35d205,bootaccessibilitysetting
646ab8f3f6c1198f,darkbrown
6470a8a833871ad1,warningchat
6481f8e762c256c8,tabvisibilitylist
648359744580d8ea,show_premium_upsell
6486837b8286880e,isdefault
64926bd3dfb30557,season_end_data
649853fa6eb89b0a,selected_weapon_table
6498dc11dee6fa90,ui.generated.widgets.buttons.buttonlargebanner
64a1d03842aa0ee3,cryodot
64b9b6c33133c94f,ui_perk_streak_progress
64c06779ae8cf5b5,using_tablet_scanner
64c5f8e4d681930b,enemyprimary
64c69780dba81562,armory_widget_state
64c8e0f34945ea3f,ui.generated.widgets.newitemsmallicon
64c9444609b5fe5e,singleactiongamepad
64caa9bc6a552bad,cluster_notifications_event
64da3ff3a0a12f7d,statindex
64dbcbcfd00a4317,completedimage
64ddef29ee2bd532,training_course_show_target_counter
64e008ee4b12c017,mute_strategy_mute_button_refresh_timer
64eea98bd66d04b6,ui.generated.widgets.ingame.reticles.santavdotchild
64efa9e66737e66c,itembtn_enabled
64f21d3d4601c25a,bootbrightness
64f2a2c997db66c9,isgamepadenabled
64f3c151920e73ae,ui_clink_interaction_require_hold
64f4ec95eb787ed5,item_type_icon
64f74db4d7372c00,ui.generated.widgets.popupbutton
651466583d19542c,damage_time
6517b9b77c906fb5,getfobprogression
65194fca1fd590e3,filterattachments
651eaafcad6974b8,battlepass_confirm_claim_page
651f9750474c4943,bluevelvet
6524466df57e1299,sectoractive00
6526103fe40ff173,ui_killstreak_index
65315f5ca5f1f0d3,weapons_list
653d915a3a1d7422,ui.generated.widgets.menubuttoncheckboxnew
65450a717d65e4b0,ui_using_killstreak_remote
654782e5249b35e7,mastertile
6548310500a9bc56,jup_hsierra_scope
654ad5883b2d792a,rockmoss
654c293b6800b342,season4primary
654df2c969279585,setignorelastchild
654f087568c59b04,squadid
6550bebec7b8708f,brzombie
6556aede2d864a3b,resetoptionelement
65602b493ece3a0c,takedownstylelist:
6564c4c5b99c04e2,isuv
6567687009d2ffed,openweaponselect
6568d7b7b7eff5c3,is_vehicle_pilot
656bd0c5b9a237f4,iswz
656d0cf9ad5b9106,isdominationorarmsraceorwarmodegametype
6571db08665bb1db,lootsplashwrapper
6574305f3bbb0b5a,finalbase
6575e9c5b9aab6f4,ispc
65781bf4eab80643,courageousred
6584daeee87c267d,ui_iw8_br_aar_matchtotal_start
6589172e67f997fb,prevpage
6597dbc5b9c78590,iszm
659c767e0e7c9b67,world_event_deactivate
65a2860917fa0e50,usescustomemblem
65aba6ade78e5f03,item_data
65afcb2229dd37eb,guide
65b2cac5b9de3065,isbr
65bca72d62021e1f,getmasterchallenges
65bdbcc5b9e82020,ison
65c2395ef96fc773,killswitch_CDL_restriction_ingame
65c3e75e1789fdef,previous_item_ids
65c769bb9fd3f818,isprivatematchforcededi
65c7cd5f64581a03,unlocktableprefix
65ca23e8fec52ab6,ret_sat_loot_alpine_holorange
65ca89c0f420cd28,challenge_types
65ccdc62fdb067ed,widget_text
65ce5645469d53b6,ret_sat_loot_s45spirit
65cfb6b520b66ab3,mutestrategymuteallbutton
65d1fac946945cb2,deletebutton
65d5f367f21c35b0,ammowarningwrapper
65e52972b3043060,is_valid_target
65efa51deb9277dd,isscrollbarexpandright
65f86cbfc4cfbc90,operator_bio
65fa0c3ab212fde7,sender_xuid
65faf21fcdd03f14,rfon
65fde25cf2c717bd,cancel_contract_or_toggle_legend
660bd9dc77b8a917,swampmud
660f3c01387785cb,leagueplaycdl
661b15f309caf609,winstreakitems
661c8f5307d45c75,resetplayerdata
66204931af3d80d6,isrenderweaponiconarenaloadoutenabled
66245dcb237899ba,current_row_index
6636eae2438086eb,filteroptionsdata
663c4f45a3a4081c,loadout_data
663ef3e5f5364452,playinternal
6643fd661670bb50,characterbuild
6645c0ce45658406,mp/third_place_fem
6647b6f0309470a3,ui.generated.widgets.options.optionwindow
664c41d7f144ef5d,parent
664e62e1d95b19f9,nonegame
6653fb924c79e98a,base_value
6655364fbf7e776b,filterstickers
66561d578ab8ce22,button_up_active
665d80d89d53c881,ret_sat_loot_s3rich100_thermscope
665dbd0da181a671,collapsedsection
665ee3ddde83c859,reached
66655dca2c3e8a12,command
666ab29cfd91112b,secondaryaccent950
666bc06fe2ff64e7,rarelight
666c246f58e56353,dummykeybindpresetdetaileddesc
666e359cfd94259b,secondaryaccent925
6671d5265c24eca4,has_camo
66743e0c0e443bc8,getrewardcategory
6674a49cfd994de6,secondaryaccent900
6678614eb4879f27,ui.generated.widgets.ingame.reticles.iw9.reticleargeneric
667e9e6075351a60,smart_search_list
667ea51f59d4627a,home_tab
6680f6097b5d7fd8,codeblue
6684be30132cff11,menu/weapons_caps
668ddd8cb7e1511a,opcustomizationcatskinlayout
6691d5826a3cbe3f,elementbundle
66973fbcea0c61ee,bluemedium
66994c843f32a84c,gridpagepips
66a6178c514fd220,ret_cer_loot_s55smuggler
66a686c9a1a7e22f,equipblueprintcommand
66a6c52332681290,read_party_leader_state
66b052a1f0e7a8de,ui.generated.menus.globalpaneloptionssearch
66b0a45abf24104d,collapsedetailsoption
66b29a4aef02c265,crosslaunchingwaitingforpartymembers
66bec401c44cf69b,ui.generated.widgets.launchchunknewphasepopup
66c16b45108a586b,ui.generated.widgets.optionsgraphicssliderbaroverflow
66c45fde5ad890c3,sub_activity
66c740d280c9ea23,bundletextdefault
66ca3d1d4aaabdf2,onboarding/mature_content_desc
66cc31c455b5bb70,styleguideraritycommon
66ce34978e636774,getweaponblueprintattachments
66cfa5a18622326a,is_party_leader
66e9d4b5dade5e16,openstorebundlepreview
66f0469f7eeececd,getactivetabid
66f2c66db724a3ff,focused_title
66f4577e43bec778,loadoutmanagement
670da2876bb884e5,streakearntype
67124f6a285153c0,rules
6716fab7cec14738,brcodcastergrey02
6716fbb7cec148eb,brcodcastergrey03
6716fdb7cec14c51,brcodcastergrey01
671700b7cec1516a,brcodcastergrey04
671ac5314fdbca2a,onboarding/specialist_confirm
671e533f76195c1f,game_message
671fe9e7a51dc484,linearrow
67245682dcd13cef,ret_sat_med_07_zm_therm
672b7eda5852f460,notinstalled
67305d4d01584a58,affectedbyautodetect
67357a1db95b6991,ui_scope_range_finder_distance
6735e6160035ceb2,ret_sat_loot_dotyellow_fourx01
6741e3ee1a7dec8c,token_image
67486135d493cb30,ui.generated.widgets.ingame.reticles.reticle08
67486235d493cce3,ui.generated.widgets.ingame.reticles.reticle09
67486a35d493da7b,ui.generated.widgets.ingame.reticles.reticle01
67486b35d493dc2e,ui.generated.widgets.ingame.reticles.reticle02
67486c35d493dde1,ui.generated.widgets.ingame.reticles.reticle03
67486d35d493df94,ui.generated.widgets.ingame.reticles.reticle04
67486e35d493e147,ui.generated.widgets.ingame.reticles.reticle05
67486f35d493e2fa,ui.generated.widgets.ingame.reticles.reticle06
67487035d493e4ad,ui.generated.widgets.ingame.reticles.reticle07
674ac7f2bf69cabf,doesgametypesupportobjectiveprogress
674be635d496e306,ui.generated.widgets.ingame.reticles.reticle19
674be735d496e4b9,ui.generated.widgets.ingame.reticles.reticle18
674bec35d496ed38,ui.generated.widgets.ingame.reticles.reticle13
674bed35d496eeeb,ui.generated.widgets.ingame.reticles.reticle12
674bee35d496f09e,ui.generated.widgets.ingame.reticles.reticle11
674bef35d496f251,ui.generated.widgets.ingame.reticles.reticle10
674bf035d496f404,ui.generated.widgets.ingame.reticles.reticle17
674bf135d496f5b7,ui.generated.widgets.ingame.reticles.reticle16
674bf235d496f76a,ui.generated.widgets.ingame.reticles.reticle15
674bf335d496f91d,ui.generated.widgets.ingame.reticles.reticle14
674f1c7c3ae72358,codaccount/username_invalid
674f6d35d499fe42,ui.generated.widgets.ingame.reticles.reticle28
674f6e35d499fff5,ui.generated.widgets.ingame.reticles.reticle29
674f6f35d49a01a8,ui.generated.widgets.ingame.reticles.reticle26
674f7035d49a035b,ui.generated.widgets.ingame.reticles.reticle27
674f7135d49a050e,ui.generated.widgets.ingame.reticles.reticle24
674f7235d49a06c1,ui.generated.widgets.ingame.reticles.reticle25
674f7335d49a0874,ui.generated.widgets.ingame.reticles.reticle22
674f7435d49a0a27,ui.generated.widgets.ingame.reticles.reticle23
674f7535d49a0bda,ui.generated.widgets.ingame.reticles.reticle20
674f7635d49a0d8d,ui.generated.widgets.ingame.reticles.reticle21
674faa490c8e259e,activationstate
675122b16e04936d,game_type_name_with_modifier
6752da35d49ced50,ui.generated.widgets.ingame.reticles.reticle31
6752db35d49cef03,ui.generated.widgets.ingame.reticles.reticle30
67579b7f2d085abc,allowablesizes
675ce3d3b8abbf24,ui.generated.widgets.ingame.reticles.reticlelaunchergustav
67643211ef4ccb0a,selected_item
67644591064ae27b,leagueplaybundles
6765d2829e933d83,cursor_type_ibeam
676b46a9e4e2ae5f,aspectratiofadeframe
676e896910d20c2a,streakcost
67707ab8b3136cda,lobbyplayerlistinvitecontainer
6774798facfb6be0,settingsbundle
67773b0a339a6271,squad_columns
677ef004b283a39d,kill_reward
67818786137ad8c7,kozhjp
6782a82e14ad8cb1,freetrial
6784bc5bccfab959,tertiaryaccent200
67908019da1b0450,store/bundle_items_included_gesture
679198cdc7112ff6,mutestrategymuteallbutparty
6798cce7c8b48389,activeborder
679b09808647d87c,reticlearscope_vz03
679b0a808647da2f,reticlearscope_vz02
679b0b808647dbe2,reticlearscope_vz01
67a1e212caf46260,ispcorxb3
67a49c710a7f8576,gunscreencerjab
67a96aa2b4292a30,ret_sat_short_01_mp
67aefb21e148fc0a,lastseenrootchallengeprogression
67b1a3d696580397,memory_delta_bytes
67b21808ccdd9a94,equippedvariantid
67c57ebbf7448daa,action_description
67cb07a53b3040a4,redribbon
67cf8b269d930d2d,ret_sat_med_08_mp
67d3b7724a9c28ba,ui_turret_drone_controls
67d3ba87874aed86,gettacticalequipment
67d52204006bd1ec,isweaponblueprint
67e336713b0faf73,weapon_ref
67e44d97d92762f8,ui.generated.widgets.ingame.reticles.pinkdot3
67e44e97d92764ab,ui.generated.widgets.ingame.reticles.pinkdot2
67e65d04dae75f5a,reward_container
67e8051a30ffda8b,veryhighgame
67eca210654b484b,ret_cer_loot_s45pday_alt
67ee30798b4b0310,mp_frontend_only/not_available_in_cwl
67f787a2b46b7cc8,ret_sat_short_01_zm
67fe99eae39794fa,isinparty
67ff572a0ad5e395,game_ref
67ffee547d9bf1f5,earthbound
680275a2b47565b7,ret_sat_short_01_wc
68027ca2b475719c,ret_sat_short_01_wz
680c584b00c74e5f,operative
68112422e27230c0,boundstype
6812c196b4d2d200,ui_disable_fieldupgrades
681939c884c93da9,nextpageindex
681c06e71bf69660,lua_menu/purchased_caps
682295cb88c836ab,showcase_buttons_list
68273d76300b8063,amount_needed
68376c3887eb8614,globalpanelchannels
68388f3db47987d5,menu/quit_warning_desktop
6845c8f3f5605a4e,ui_clink_interaction_progress
6851281381678d44,small_icon
685690ef680f0502,highlighton
6866eb13f2bcb4b1,ui_outofbounds_popup
6867e2628caa1981,isgamehost
686a109b1e1c9bb1,scr_mp_billboards_enabled
686afb6d6db1ce60,collapsestatesnapped
686f505ce8d1379b,player_blocked
6874fd90fe4ef0ad,dmzingamemissionsoverview
68770ebd66dd4fc7,testeventlist
6877142c1bd48c67,remove_overlays
68795e639eeee270,oceanfoam
6880e86e6fda44d3,updatelabels
688b69abd545ea4b,show_compass
688e12fab38cd417,ui_aar_circle_glow_in
6895069f1f27565a,nextrewardcontainer
689a0590a84bce0f,getmissiontype
68a16afaae171b01,iszht
68a2594d671faa1b,menu_flow
68a3206c1d3453ee,zm_rb_r_mod_survival
68ab2b1e31059002,ui.generated.widgets.ingame.reticles.reticlehybrid03altvday
68aed5a6b88d7f07,isvalidxuid
68bf263fb290b3bf,equipment/c4_desc_kbm
68bf3f163982e680,reticledmscopetherm01domascus
68c318be1b5abcdf,setisreceiverskin
68c4af113d2d47bf,ui.generated.widgets.connectionmeter
68c6d3bce7463627,pointsneeded
68cdc39fdd2446a1,finalborder
68d34147037bc0a3,webview_play_video
68d7b4cee1e6aeec,out_of_range_alpha
68e4b194fbe22442,arenateallight
68f530309070eba5,changetogridview
68f69d46ad67ceaf,battlepass_reward_sector
68f96343134218e2,buttondpadright
68fcbb4303f7a229,partychat
68fd3b93a570772a,current_document
68fe8ca2cce82db8,grid_focus_down_blocked
690198d890092fd2,channel_buttons
6901d4bbe331d366,armory_select_xcam
6901f486d936d3cc,ui.generated.widgets.ingame.reticles.reticlecrosshairlauncher
690424194ed171a2,van
690b0e3f4c3bef38,typeid
690b697f5dc7dce1,keyboardremoved_inputswap_popup
690b8165ae475c62,microphone_test
690e9ed289781e4c,focused_player_item
6911ef4a5c36434c,getperkdisplayname
691ba6e38ded49ae,rottedwood
691c92d7bd2a93c4,layouts
692a78bb8da4fe1b,notification_bundle
692bb338a26febc8,bindingpreviewbuttonuparrow
692bc786db60298d,selectedindicator
6931f45bd1aabcac,matrix
69525b1b37e62aa8,enemyteamscore
6953545151eda5c0,mpui/super_ability_ready_caps
69568e1d441abd88,damage_feedback_notify
695d22cd812f10c2,fill_temp_cold
695f34ef68ef7d30,highlight12
695f35ef68ef7ee3,highlight13
695f36ef68ef8096,highlight10
695f37ef68ef8249,highlight11
695f3aef68ef8762,highlight14
695ffd13653e995d,noitemtitle
696237fc5e61ddab,gunscreencerdiver
696a9b5292180484,buildtext
696b81155a1937f5,opengunsmithcommand
697350fa1834c2aa,power_icon
6974ef5fe9d3424b,basegreen
697bac1db427efb5,hud_toggle_state
697e33c4dc88f707,showitemdescription
697f701644c86af5,is_melee_only
6984207e32b53ec7,getemblemimagefromid
69856d3a033b0144,isxcloud
6990e66a2b5bbf47,isgwaigametype
6991c2cc8f00cc27,openbenchmarkmenu
6994d161658d82f8,scoreboardteamscore
699b53f14696ebfe,post_free_bytes
699c9f577cdd2c04,patch_menu/disable_mlg_rules
699ed14867ff70bc,categoryicon
69ac02ff8a54638e,ispreset
69aca8d01c631f4c,limitedtimetag
69cd1d7d82cc3c2d,rewards_number
69d44175c9e42bbd,redirect_button_event_to_target
69d8edf7eb16c5b4,ui.generated.widgets.ingame.reticles.reticleholo04pink
69e752ffdb3f740f,recipe
69ed43398d07b74c,usecurrentactivechallenge
69efdfc79e477413,action_stats
69f160edb090d7d1,codeblueselected
69f2256bcf00cd18,optionwindow_button_over
6a0375d33fc78dba,cg_lui_scope_reticles
6a03783c444a9be3,issplitscreenfrontend
6a041671ddbeb67f,ui.generated.widgets.frontend.social.channels.textchat.systemmessagetextchatentry
6a06996394062f07,reticlesnprparallax
6a0708d39ffa68a1,aaringameprogression
6a07205830fe6a2d,filltint
6a1d361e458cedce,spectatepreviousplayer
6a1da4dba096fa0a,thickouterbottom
6a1e88eb95973081,extenttsharplite
6a1f6c04ee20da28,ui.generated.widgets.ingame.reticles.reticlelaunchergrid
6a21864fc390772f,partyqueueconfirmationpopup
6a247aff3e98a799,isarabic
6a29afc352431051,haverewardsbeenprocessed
6a2b185fce130343,exitloadoutbag
6a2b3769d440a344,getonboardingarmorydata
6a2c05ad5c3c2da1,retsatfourx01defcompasssmall
6a342107052f2836,ui.generated.menus.frontend.social.phoenixtoolmenu
6a4391d7d2fe84df,progressioncontainer
6a4441dbb27ed7b2,ob_pvp_sector_capture_enemy_progress
6a4dacc76d84f6f7,resized_kbm_prompt
6a4e22458bbbb990,damage_angle
6a4eef80c239365d,enemyteamsremaining
6a5d6d53222252fe,geraldine
6a5effcb67a5f597,art_data
6a60d55cf5504566,training_course_current_objective_string_index
6a687f9df8969589,tabframe
6a68b7fceecf91e9,ui_zm_current_quest_step_placement
6a698b28b7d0e2df,launch_squad
6a6a8ac15294c904,socialreportreason
6a6ce2cca702dfeb,refreshonfocus
6a713dbac55cf32e,friendlybright
6a7388ed01659059,tier_skip_purchase_achievement_complete
6a74e26f8199e875,current_random_type
6a7933d70f43faaf,equal
6a879443349af050,myeditbox
6a8955c21e55e256,usebundlenameinbuttonprompt
6a8e91f52a94a929,subtitlesizeoptionsmenu
6a92232a71042f98,lua_menu/chat_error_multiple_players
6a9517d70f5c45d3,equip
6a9794d69b16910a,download
6a98917efb74f323,ui.generated.widgets.ingame.reticles.catdot
6aa17aa6c1b47f62,buttondefault
6aa1da4402205c52,showbio
6aa2cd7ba7ed7405,classtablecustomstarter
6aa8859be66b75fd,hasinventory
6aaa0320d4dc1af3,istoolpanelopen
6aad5998ff3875fc,logoonly
6ab3d316741a52b7,item_details_panel_data
6abd5ca5866ceb63,gameplayplayerstats
6abe22a2a454dbad,ui.generated.widgets.ingame.reticles.reticlesnipercharlie725
6abf6d9ef51f0e38,button_prompt
6ac2a6a074572d31,gemeraldshine
6ac43e9fb418776c,overcastblue
6ad356040614576c,attachtag
6ad94f340be4dda2,exit_screen
6ada738234b44ba5,empty_cart
6adb713f1af9bd26,hasseeneventfinishedtransmission
6ade5c3de1ef3866,antiaddictiontipspopup
6ae0f94e70474f8f,getgamestorebundles
6ae340589e27c8c5,contextual_menu_list
6ae40288d74c0639,isexpireditem
6ae926cd5da65599,confirm_command
6ae9d806e428ed81,gunscreencerblackcells6
6af9836a7e6044ba,notificationsettingssidepopup
6b0c6f74b918ebe6,itembundle
6b11015a359b8fb6,gethint
6b12141790b68f41,ret_sat_loot_s25samoan_thermscope
6b12dd51bd633a86,conversation
6b1dde1beb2e335c,getvehicletracklist
6b22937130a3185a,filter_status
6b26d099c11d626e,notchanged
6b2b10869a5036c3,selectedlootid
6b2bad8ad577224e,getplaylistmaxpartysize
6b2d5a8f2fdfaa15,selectedteam
6b2e5721f93ef208,tacmapshowmissiontracker
6b341828b7e3659d,campaign_mode_savedata_error_popup
6b347483a7c56a11,compassrotation
6b37f1684c38c613,rechargemedium
6b38623fce8166f7,roofexittype
6b3d9287efc4312b,setignoreinvisiblechildren
6b425a45561e8750,max_loadout_weapons
6b48763d2d466f56,worldevents
6b498147567997bf,freebundletabup
6b528a174980da31,lua_menu/dcache_clear_request
6b560858101e4913,iscaptivityrespawnenabled
6b5f88701ac9df3d,damage_feedback_equipment_notify
6b65936efc595537,lockedmid
6b683f9de3517dfd,positivegreen
6b6d21491562878a,ui_hilite_gunscreen_bbai_bundle
6b725d068c3cf2b2,children
6b794accb206b359,imagealt
6b84d213d24487af,leagueplay_type
6b89124d3ccb404e,ui.generated.widgets.launchchunkwidget
6b8a12f521311b32,brpausemenu
6b9e527f359092db,mission_ref
6b9fe4f1a51f05f3,star_system
6ba6d2c6ba8a363f,objectivecomplete
6baa20eb08889c99,request_disable
6bb581187f99c40d,messagebox
6bb9fe0cdcf5b04f,toastnotification
6bbbcdf899d4afd6,emptygrid
6bc06cc41664bebc,scriptedwidgetinputprompts
6bcc313010901a53,playlistdata
6bcd460c8737e21b,has_progression
6bd0bb26acc0491a,ui.generated.widgets.headeronlyexpander
6bd5d934d3cd91e5,__states
6be3b74048519cf8,init_widget
6be496942bc0b8dc,ret_sat_loot_dotblue_holorange
6be63d4609987b8f,lua_menu/firstparty_servers_unknown
6bec5c6daff0a039,brickred
6bfe6efdd892b5fb,renamebutton
6c066e545fe41de9,primaryaccent800
6c0de3c28357004b,removeemote
6c0e29adaa5d346f,social_party_id
6c0e7caf2fb3ae15,isrenderweaponiconenabled
6c174c4e72481af2,omnvar_update
6c1967ccdfc858d9,redirecttype
6c199679676f6af3,leaveeditingnewpackpopup
6c1c111fcf00c3a0,istimerlockedbutton
6c2067038493de48,show_personal_best
6c21e18587192424,enterprestigebutton
6c2af16c46114bd3,hudicon
6c3db6c165ea08d5,online_recent_players_ui_enabled
6c400935d32c7971,tomthumb
6c43556a79a4ec31,obplaymenu
6c45cad0b7229a4e,ret_cer_med_05_zm_alt
6c4cfb9029317fbb,perkviewwrapper
6c4da15df24b54be,category_display_name
6c4e414c6dc509d8,commanderrankprogress
6c54645640fb6560,continuebutton
6c547d955118e24f,selectprevioustab
6c551cb02f0d21dd,getcustomizations
6c5a92ff378d903c,ui_aar_circle_glow_out
6c5cf22ff61b2e39,ret_sat_loot_s35pcydon
6c5d658248b22217,elitebrokenarrowelement:
6c5fe097abcc25e6,isonboardingmissionnotificationenabled
6c601987a8527052,is_vinyl
6c62b16f63e14e8b,swapicon
6c64b257bbc6e664,ret_sat_loot_s2cshift_thermscope
6c65949b2ad88798,soilentgrey
6c693b60761ed51a,reticleoutercirclesharp
6c6afd146b676136,action_func
6c6c1d03600c02d7,ret_cer_loot_occult
6c6f43e837817106,visiblerowcount
6c833020c47d2bde,display_data
6c83c470cd6cb66c,rewardgridconfig
6c8407250d38a3cd,contrailscenetemplate
6c846234b2da47aa,wzbuttonover
6c84a23d9ccd1968,iscybergametype
6c8dbf9c9e9d3d49,message_type
6c918a04590c7e49,squad_client
6c968f6715138809,isnewvehiclehudenabled
6cae3e68cad3bd42,getalldata
6cb6916909323cc1,setdatasourcethroughelement
6cb9ba59025b0af7,getpurchasemenulist
6cbbe549cf821b04,elevation
6cc2f6ffc249a54f,ui.generated.widgets.options.generickeybindinnerbutton
6cc38f61af08ac72,getdocument
6cd52b8560242140,bindingpreviewbuttonleftarrow
6cd70090ffcce54e,primarysplashsoundref
6ce0649cce6ff1b0,score_vis
6ce0e615336e57f4,sidebuttonright
6ce15b5611e46814,usehiddenrewards
6ce81dfbd7b97537,scr_headhunter
6ce8da7e85cec9c8,upgradepower
6ce957b1dd880f28,weaponmeterbetter
6ce99c221a0396c4,stickerlist
6d0372bf8e61dfd0,highradiation
6d08074c0a4e6f16,presenceplatformtoclientplatform
6d116bc13f61e7d9,skipplunderboxexitanimation
6d15273027dc1d59,olympicsilver
6d15dbf06afc2b64,leftlight
6d190d4ab63ea88a,getshortdesc
6d19a3cba01a086a,countryname
6d1bbfcde3433d4b,gamemodedmz
6d1e71c6e199c715,getplatformid
6d26ed95d05cb6a8,setname
6d322959af748bf4,isblueteam
6d3c077aeb7045f0,active_shot
6d3d850e00b269a6,perkbonusdescription
6d3edb06e8d34936,ispurchaseblackcellenabled
6d3f432b010fa4e7,ui_round_end_title
6d4bd1c54353b4b7,onvideochange
6d502c2e48fbae49,channel_type
6d5354b39f6fd7d7,panelborder
6d544127b67c9381,best_time
6d620829b9045255,reticlecrossspier9
6d64195c8a8fcd6a,gameid
6d6afbbc0c86f0b8,premium_pass_purchase_achievement_failed
6d6d93255e2c2ba7,viewcodeconductbutton
6d6e7e19a824d954,match_status_teams
6d73e1e4fe863e59,setcardcontextualmenu
6d764a78e9478285,loadouteditaction
6d7723932a7cf30b,loadout_menu
6d7b98e2d095967e,client_id
6d874bdb7e4637ec,ui.generated.widgets.ingame.reticles.reticle16hybrida
6d874ddb7e463b52,ui.generated.widgets.ingame.reticles.reticle16hybridc
6d8d502a9126580c,blackoverlay
6d904d6354fb45b2,warzoneprivatematchlobbymemberview
6d9311f6acaeee97,rarity_display
6d93c367aa0bf458,codaccount/please_complete
6d96660e65225fd0,ispinged
6d979fa54ebce5ef,mutestrategyunmute
6d9813d7a581562a,socialgenericheader
6d99fa66f496baec,emptypanel
6dad1ecae06da95b,ui_cranked_bomb_timer
6dafe630e7785555,gettooltiptext
6db0031fd1e8d129,ramp
6dc32bb0796096cf,scrollbar_pip_not_highlighted
6dc683cf32ddc104,killsr
6dd19a8149ca2c22,button_page_down
6dd63743d779d80e,mounthintwrapper
6dd8b86c5fdaa6a2,tier_
6dda20a77e66479c,buttonleftshoulder
6ddaf3a98fb0f509,haspublicleaderboard
6ddbfdf3aa825547,globalplayerbutton
6de556af7a86bd95,ui.generated.widgets.frontend.unlockcriteria.criteriawidgets.unlockcriteriawinchallengeprogressbar
6de55ce227bce7ab,power_tier
6dea5bb7a812f9e9,listspacer
6deed73427b7de50,reticle_select
6df9c7c4f5ad5ccc,cqchallengesslide
6e02e21b4aad4ee8,igrxpboost
6e06a7de7cd7cfa0,aarbackgrounds
6e09b0ed80e26588,reticlebottom
6e0a7978e4f9de7c,time_spent_ms
6e0d113669206551,ui_iw8_br_aar_placement_start
6e0ed8af92f620d3,respawngrid
6e124c51726e5abd,level_i
6e135932d756e848,search_term
6e135c0a5edc02b1,scr_br_kiosk_perk_package_enabled
6e1b90aeb26163c6,ret_sat_med_10_mp
6e207641c462f24d,footeroptionsicon
6e2643b86e80cbcc,challengesfriendmenu
6e2827297e1a0901,scaledown
6e2dcea547b88c24,lua_menu/gamemode_battle_royale
6e307b907a89e10b,rankupslam
6e346f4864448fc0,qualityaltbase
6e414244bafd034a,removefromwishlist
6e418daeb2822dea,ret_sat_med_10_zm
6e46bf5d7efd4625,ui_bomb_interacting
6e48a429b8eb8b2a,presenceborder
6e48e4693e8ef82b,schematiccooldown
6e4b3b48d656c406,ui_iw8_aar_perk_rankup
6e4c3960c765012e,bananabread
6e4ccd88138cab7f,hideelement
6e4e49dc6fa01f32,islastchampion
6e4e7c8c9d32bb78,setspacing
6e50c0630202d342,contextualplayerinformationwrapper
6e5c821ef77dc927,refreshonaction
6e5ff4dd0a315e71,ally_team
6e62bfbd2ad51b67,baseshoot
6e6459c483014b10,enterprestigeftue
6e669eaeb2a1670a,ret_sat_med_10_wz
6e66a7aeb2a17655,ret_sat_med_10_wc
6e66f37c6562c1b7,unlock_time
6e73595f4ce7501e,scr_game_usespawnselection
6e75154f49f81ee3,custom_widget
6e7675106fdf4100,title_unknown
6e769bbe50da9a58,charmdata
6e78b87c56e61ad8,spansizex
6e78b97c56e61c8b,spansizey
6e7ec1d5d292163d,isasianlanguage
6e7eef57b7687fff,wavecrestdark
6e9b8abbc3764684,codcaster/team_identity_team_two
6eabb963ff96b91e,isgrandprix
6eacf12fa7a8495c,is_persistent_lobby
6eaea90866111e7f,protext
6eb41bc52cb32b97,ui_snakecam
6eb5e3471427b49f,postload
6eb8d8829dbe351f,orangeyellow
6ec6c7fe2f93bf9b,ret_cer_loot_s5gberet_therm
6ec7fe9f5aecef8d,korzh
6ed41d4aec831b1c,ui_iw8_br_aar_player_rankup
6ed613f06e8b0712,ui.generated.widgets.buttons.buttonbase
6edb38cb33510765,ret_sat_short_04_mp
6ede7bb7a960502f,game_logo
6ee2f51e4bf299ca,multi_heavy_metal
6eeaf8048b1b0e00,show_upsell
6eec190f7ded5c57,channel_play
6ef756ad2a874732,primary_swatch
6efb03f5ce59c998,ret_cer_loot_s35ssword_alt
6f019ed1a8e268c8,videopreview
6f024ba9fc514d2a,lilac
6f027a21500886d5,weaponbuttondata
6f02c27dadb8a39f,matchmakinganims
6f03201ced751b7d,gunscreengolddigitalclock
6f07eb42279702f8,target_markers_update
6f0e09cc64f62631,item_bundle_ref
6f14695adb27764f,aligntarget
6f17ce55be4a7772,setuseindirectdrawlist
6f1913e5d1b7d973,stackbackground
6f1c1e9d26aa78c5,online_license
6f1d0129a746f6b5,portal_timer_text
6f1f17fb3ed5e08b,ingamestore_purchased_product
6f27409bbb943484,prematchbuttons
6f275d84e30f699c,valmostwhite
6f2b3a03c0150cb7,presets
6f323f30ed651da6,isfiltered
6f34bbecbeff1cf9,loadout_item_attachment
6f3c62cdf4e143d7,keycolormid
6f3f68253e01bf52,wztitle
6f5ad32cd03eb6eb,challengereference
6f650d540bf4cf83,weapon_camos
6f69110371534390,ismenuaction8
6f69120371534543,ismenuaction9
6f691b037153548e,ismenuaction2
6f69200371535d0d,ismenuaction7
6f6aaa03161fae11,roundendhud
6f6f8b7061ae3f16,hotitembase
6f6f92339ef2a188,selectleft
6f7197a14349310b,cqchallengesdetails
6f76cebcbf9c9608,isfrontlinegametype
6f77cf51ded4fa29,ui_firing_range_num_dummy_plates
6f7aa8400a24b782,playlist/trios_name
6f7f0981cfe5ddd8,widget_pips
6f83c10e42df36ca,item_details_panel
6f8a48fa07de8bcb,showcasebadge
6f8adf9d02ddb1b1,secondaryaccent800
6f8b0822b61652c7,getgamestatus
6f9810390caa7c3b,enemydark
6f9928b3f1cbacb6,openenterprestigepopup
6fa03e75decd7ea2,angelhair
6fa04266e4748748,genericsliderbar
6fa4b4c13608ab47,santavdotchild
6fa70bc4267de5c1,rubytitle
6fb3f4775d09c9fb,base_weapon_model_name
6fbc99c036f3c564,playlistselectscriptable
6fbd7bad82766c23,animatesequenceifitexists
6fc0ec4f2298ef89,quest_progress
6fc4d9b9c935cff1,sources
6fd22daab98dbe69,introinfo
6fd23c31bbbfaf0e,contentwidget
6fda1f72773ae61c,getbuttonimage
6fdb143161f24944,invertdvar
6fe10408edeff7bb,claimingconfig
6ff2fa152ca920a4,notenoughspace
6ff38e0131476800,current_project_tab
6ff445b777580e30,fillapps
6ff6ea521e778895,filterislocked
7001ac2ca69994a9,getonboardingmpmoshpitdata
700686461d592f70,objectivebackgroundmissiontracked
700c87c94c3147c9,seasonaleventstitletimerandtagvisuals
700c8907b3c9b727,swapon
700d29163528f727,partyprivacysetting
700f126174c87560,getgamestatustext
700f91563f591659,scrollbar_pip_highlighted
70133cdcdddf6b6b,ret_sat_short_06_mp
701c91375d7e9130,iw9armoryfocusfore
7021de7167a0b042,victorychallengesnextrewardprogress
702339f512e4e00f,blocktouchevent
702c366a26efbdba,getflamesicon
7038d71acee581d4,progressgoalstring
704653cd4286f0cf,skipbackward
704a3bc6d1c0eb5d,ui.generated.menus.reportplayer.reportplayerstatus
704a505440c533ce,xcam
704aab0d20b9a3b0,satcallback
704c47dcde0f4363,ret_sat_short_06_zm
7052402897a55912,ownership_color
7052a2e74577c7c4,challenge_menu
7052bdb00e624598,selection_filter
705af1ca6063e880,isfrontendsceneenabled
705c8645bbbbcf23,getunlockdescription
705d4ddcde1dc0c8,ret_sat_short_06_wc
705eb401a88a2a6f,gethideindmz
7069a6347e0bf977,bluelight
706ae20ef4832fef,activateachievement
706b7007824f2907,usebrlootplunderoverridecolor
706ebd2314252ce9,issplitscreenallowed
70704c1970f3ddd7,limitedtimebundlewarningtab
7071be4496db6a47,legs_hits
70762cf5bfe235de,levelname
7076d2a24533e346,issocialenabledinmainmenu
707ad4cca154f4e4,callouttext
707cd1387df216c6,islaunchoperator
7083501cca6c38db,ui.generated.widgets.ingame.reticles.reticleholorange01scifipstl
708ac9f07e773550,head_gear_type
708de81fd650d9ac,player_attributes
708ef9767e162b2d,ui_zm_echo_chose_portal_reward
708f0bfb23810e6b,getwidgetparameterproperties
7092634d85a6ef6a,isbrtdmgametype
7092b6e896765035,backgroundpopup
7092fbebc31197e7,ui_match_end_countdown
70a02a5227b425ef,filterlabel
70acb2d5523f8e20,onboarding/moshpit_trials_1
70acb4d5523f9186,onboarding/moshpit_trials_3
70acb5d5523f9339,onboarding/moshpit_trials_2
70ace2b347164506,createcondition
70b113d3c5ad11ea,socialfiltersectionheader
70c01f52af979a36,ui.generated.widgets.options.genericiconinnerbutton
70c26061b3976938,emojiicon
70c27f9dd8676f4f,itemspawnlistrefs
70c9694178df8a20,chaosfreeze
70cce1654a03ac1e,subheadertxt2
70d6aff2d3565c98,isgamepad
70d7938fbc56478b,movemenu
70d915b2a30c43ef,event_leaderboard
70e67f54e4a77df0,linesidetick10
70e68054e4a77fa3,linesidetick11
70f1532226be839d,skill_boost_active
70fa182c9e9a27ad,keycolormidaccessible
70fad2a43d1c59d2,ui.generated.widgets.blockedplayerspanel
70fbd17b950703e5,mp/first_place_fem
70fd40e5e49e88f4,mainwindow
70fed3a39d64d6da,menu/savequit_text
710238a7fc1deac4,mp_frontend_only/store_unavailable_pc
7103379df8785ddb,mustardgold
71045b56b721211f,update_expand_timer
7106350b3a463b1d,reticlephonethermalframe
710bafc1b3108a3e,dpadright
71102a9f27cbb034,settingref
711f63e3b582a2df,allydark
71264f2196c46dbe,openmotdmenu
712c3e1a2ff88816,is_gunny_recommended_weapon
71309b0c539d57e6,getdefaultemblem
71345814904f27a4,togglemictest
7139916c8f24c113,cursorstyle1
7139926c8f24c2c6,cursorstyle2
7139c530308d8435,seasonbannersmall
713b157e49e2a313,toycamo
7140003879809199,mpprivatelobby
714485f65befe92d,confirmallweaponbuildsdeletion
714989bb0ae42fb9,showcase_list
714bf6660c17027b,raritytertiarycolor
715086724deee39a,fontstyle_lsubheaderbold
7151dca7709bc6ee,buystationbiometricscankeycardenabled
715c71a9210d3f8c,iscontrolgametype
715cc506b1775771,reticlelaunchergromeolock
715e80b80e7c018d,leagueplayt250
7165a8639fa5c230,isplayerroleallowed
716c3f89a87b169b,setwindow
716cc298c9a476f0,dampener3
716cc398c9a478a3,dampener2
716cc898c9a48122,dampener5
716cc998c9a482d5,dampener4
716ce11096784f97,iw9dogtag_bronze
71715fc8be690599,shouldhidebuttonprompts
717a3cbda2bb92cb,menu_watcher_timer
717ac31e405ec863,selected_filter
717b141d7562be28,doesgametypesupportbombicon
718b33b30e88e6a8,hudeditorvisuals
719045640b08ca76,lp/attachments_title
7190ba522cef313d,overridelength
7193a6c9d3ebac61,dotglow
71946be973b40de5,open_menu
71a03264fbe0d764,jadestone
71a4e8f30b51daf1,getequippedlootid
71a59da229c951bd,ret_cer_loot_s4milsas_alt
71a9374417b0d1f7,smart_search
71af133507271272,armory_description
71afa45713ec0015,itemcount
71b00ca993bbff7a,hostility
71b0e2ca7897de30,finaltext
71bcf3cf2966ff57,ui.generated.widgets.ingame.reticles.reticleoutercirclefourx02_ct
71c06d0c8edc3201,notbloody
71c13920447ee6fc,perf_memory_available
71c50dbb89b6c87c,isinfiniteresurgence
71c67e7386c567d8,arenabrowndark
71caf6aafa150238,ui_perk_streak_cost_0
71caf7aafa1504f9,ui_perk_streak_cost_1
71caf8aafa1507ba,ui_perk_streak_cost_2
71caf9aafa150a7b,ui_perk_streak_cost_3
71cd4b5233f885ce,isuirankedsimulatedrulesenabled
71d138c02f9cb2b6,shortname
71d7243f8ec251de,item_source
71d917f49196b82c,hasplatepouch
71dcd06b8520eecc,upgrade_tier
71e2f57cfdbe3cd4,istrialgametypeorsplitscreen
71f1fbac1747a919,showeventcompletebink
71f5956eb85f5bbe,expander_updated
71f870a87b30f7bf,isbenchmarkmode
71ff189b6202664b,ret_sat_long_04_wz_rangefinder
72058525fda17290,ui_deadsilence_overlay
72078985255c6c49,vehiclefilterpopup
72087e8c867ac249,operator_reset
720cb02a071f1128,time_notify
7210ea092001578b,closebutton
721f2b22f75d83ae,bindingpreviewbuttonsmaller
72257316e8aa5ed3,current_phase_description
722e86508d06facd,is_disconnected_may_rejoin
7230b5904df3c439,totalonlinetext
723468e3fc1af017,urls
723753264738cf46,hudbounddraggableside
7244b47a16d2d96d,time_to_beat
725573f850d1d71b,ret_cer_loot_s3pink_alt
725785f53f22aebb,gunscreendoomguy
7258de476b876b32,equipement
725b238058b48ddc,gunsmithattachmentlistheader
725ddabd3563e3c3,deletepack
7266dee29e13595b,proximity_voice
726724b4bfae7a04,lua_menu/pad_left_trigger_button
726845b95078fbfa,ui_predator_missile
7268d34b546273be,overridepath
726b79f413d18a9d,ui_zm_quest_hide_hud
726bd8b701ee6692,setcallingcarddatasource
727018579fdff2d5,ui_iw8_aar_bp_win_bonus_slam
7273b3efa87c2905,current_game_mode
72764c46cc9cc6e1,reward_focus
727662f2553eb49e,gametypemessage
7279b7f33b77e96c,maxusage
727d4ab5295c6ef1,openfieldupgradesmenu
7280c6c33d690b14,overlaytaccam
72834b806da362ad,earned_rewards
728e649fb6abdd4a,privatematchmenu
729d4d7061a2d882,ingamestoreref
72a00315c8018145,statusfill_active
72a4ac1750325aaf,buildslot
72aae530f7617d8f,getobcontainmentonboardingdata
72b3c683e1ca0024,bigfont
72b6191240b8445d,lui_attach_variants_enabled
72b670f9f096ef07,zmmenu
72b99dc0984b246a,showallies
72ba980c0a6c6d1c,ingametag
72c378e8f152acc3,colorblinddeuteranopiacolor
72c4319cc7fe9d7c,euladeclinepopup
72c45697e7a0dfc9,availablesize
72cba0cf4d3a6992,resourceref
72cc88b5db5d9e9e,preset
72ce3aa85fa2c1d9,button_tab
72dd7bd954018755,getprestigecount
72df190f8f51916d,is_vehicle_driver
72e5e0ff395a2f42,softsnow
72e80e7de1252155,update_tab_visibility
72f949839ab15991,weapon_mag_count
72f9708635e6b53d,killstreak_old
72fc1443df788810,openvehiclecustomization
73004c69b32c49ee,isinterrogateenabled
7302e0ddc3862241,scenetemplate
73031a4fa62ddfa7,ui.generated.widgets.ingame.reticles.reticlehybridwest02
73070cca97502e68,primarytitlecolor
730ea2ce170dfd85,basecorner
7310c7e86d2a1d5f,ui_generic_pop_up
731182b53c5ec02e,isplatformfriend
731710c6718cee1d,tongue
7319682cdfd563d1,popuptitle
731ca65db3d6b859,previous_cosmetic_config
7321dc0d655a505e,satob
732773a23d1cb54d,getemotebundle
732d8bd38ff9851d,exists
732ed9a56aeb8a8a,low_fuel
7330c16cfd44f739,affiliation
7337b787933733f0,ui.generated.menus.optionsmenulayout
733950c65de68d12,_widget
733bdf8e7761ac4a,channeltextchatentrymessagebacker
733d1af137edbf2f,ret_cer_med_04_mp_alt
7343e101f0573d7d,simplebuttontextrevealbacker
7345de67474eebec,weapon_rank
734d7bc2039cd31b,codhq_global
7350023bf4752560,menu/attachments_caps
73525bbcbbe29e91,equipandgunsmith
7353b4edb7de69d2,isadvancedtab
7355b9024b0c17a9,reticlebullettracker
735c7c4b8cf3e48d,lagoonblue
7361f8a38e129156,datapath
736599812750a810,reticleacogeast
73687d66c915ed67,defaultanim
736e05f4e235ad9b,ui/utils/gamemodeinfoutils.lua
736e5ebc0b1177ce,ret_sat_loot_s2emascot
7370188efb3c943a,onboarding/gunsmith_customs
7372d199fdc7565e,brzombiecolor
7372df861bbcf3d6,lua_menu/dailydownloadlimit_gigabyte
7375a0a0b13612ee,reticledmscopevz03centerzoomthor
737611b1aa77847b,buttonborder
737c1d27093f0314,ui_store_cards_flip_first
737dbb0ffa13bfdf,ret_cer_sawblade
73817bd42d732f4b,match_start_countdown_header
7389fc618d5127db,backgroundfocusdark
738c4cadc6ae493e,displaytimewithaction
738fc1879ef7847b,downtracker
7393d58b8590e1d0,istier1modeenabled
739bad9b06e9b9f2,isnewprivatematchflowenabled
73a342d9682128e5,calibrationguide
73a433a4b5f81bc1,damage_feedback_hardobject
73a56ae51e62c211,earned_index
73ab44dcc2f985f7,secondarychallengereference
73c30090d07dfdd7,camoweaponclassdata
73c339847a65ad4e,fourxhelimasoul
73c9547b97236f91,show_label
73ce6dbc62beda7e,backtocodhqpopup
73d1dc7f0e7b38dc,sticklayout_over
73d32ebbe4c7a70e,settingeffect
73dbc229ffb5a28f,equipfieldupgrade
73dca256a602d8d4,socialinvitemenu
73de55db4cd37ab6,getcardref
73e001830a319493,activationprompt
73e39e6a40e2b336,alert_ammo_919_full
73e95d86b5666224,lui_classic_specops_rewards_enabled
73ec07d8ed879fa3,rtt_image
73f9e3e0e3fc3078,_fixedsizeslider
7409729cb648e019,stats_data
740a13af56279d34,itembtnname_hover
7410c960010aeae1,loot_mp/weapon_blueprint
741a0e824d3bfe71,lowerthan
741dba80c80051af,currentstyle
741ff2e0b7776d94,scaleup
7420c828fc7a8996,ui_grenade_stuck_type
742f774bb56f6aa3,darkmoderateviolet
743489d02d5676a9,set_slider_fill_percent
743a9f9131bc579b,lua_menu/no_items_available
7441e62bb26652c8,bindingpreviewbuttonenter
744897a8c45345ab,presence_platform_switch
744a59fb66b9088c,prestige_master_list
744e924314988bc7,buttonshoulderrightprompt
7456d9759324669e,progress_string
7457c2972e92690d,useprop
7460fa3e74ec5ae2,is_operator_skin
7469517423cfd7ff,getscriptbundleglobal
746b56f669a2aead,isrequestitembutton
746cbd6d73f95463,setfilterprompt
74764ef8c3c1574f,equipment_hitmarker
7480ed8ccb845537,startpoint
748c210c2fdf678c,current_weapon_slot
749183bd54c29d0d,supportcost
7491b11b8205e486,isrescuegametype
74a2d27d0d5e3295,ret_cer_med_02_zm_alt
74a387bb36d14d71,socially_connected
74a3f1fe41ce4fc0,getcardtexture
74ab02a122a7a4e1,party_count_string
74ad88773d92bc44,ui.generated.widgets.options.copyimagebutton
74af33f69f84c14d,setupbyxuid
74b2be13afd589a4,celebration_tier
74c0ea358b9088bb,headerheight
74ca7b8c1d47bbe0,basecross
74cd071d2a424d63,togglethirdperson
74d2984bea87fd9b,on_enter_next_row_trigger
74d68aaabf0a4c33,nextpage
74ddaf11b4450ea3,isgunnyrecommendedweapon
74e4b6431243d088,meter_state
74e7a2502c1c5ee7,icontext
74ecc4d859d5c49f,ui_is_exfil_countdown
74f69d3a03124891,informative
74f9ee92a06fd2b2,ret_sat_loot_s3darkevil_thermscope
74fa20d9642f14c1,endvideo
74fcbebd83ae045b,makerankiconaggregatefunction
74fd5673abe7c191,updatewallet
75065e759595c457,xuidtostring
750bd5872bb1d322,ui_nuke_countdown_active
751b54e0798146c9,ret_sat_long_02_zm_rangefinder
75229a9b617dabe2,scrollbar_set
752bc22cef387fbd,loadoutbtnbg_idle
75302535cff47a9f,getprojectname
753ab69d811a3fb4,secondplace
75420c769ea1c1d6,timeout_progress
754e24e9e44e896f,rarity_tier
754f827e31e902bb,empstatic
7552be35ba75296e,startcolor
7555e5c87145f70a,loadoutitemselection
75575dcff312365a,isbattlenet
7558f48205d3ac4b,equipped_icon_index
7559142afd9bec54,yellowdot
755ad59bfd0263cf,alert_active_contract
755c532f9d5c81a4,bar_image
755d8e4e5dc62ad4,animatesequencebyelement
7561632779735894,isspecialweapon
75630cf3991c1cac,streak_list
75634ad5187adb48,iscpmission
75666091424834c1,selectprimaryunderbarrelfire
756731609c57b714,tracer
757a59e947bf055a,meterhorleft
757d01f3f8d521c1,menu/commerce_purchase
75866b974f8689ed,opencallingcardselect
75881f2086b10a50,current_theme
758a316de411cbd9,playlist/ten_players
758b0439245dfe3e,openmenu
758d4b50b9f12e57,color_regular
758f41751abc4e86,objectgettype
75911345920768f3,getenemyteamstatusicon
75943e7319d721cf,ui.generated.widgets.ingame.reticles.paranormaldirectional
759640ab1b85567b,item_bundle
75986825e8b5098d,eldorado
7598754c3ffe002f,threat_sight
75992a095c731b0c,navigationdirection
759ef3cd4a90c3c7,slotindex
759fa0f010c926e2,ret_sat_med_06_zm_therm
75a0c2e70f7b61f4,defaultsecondaryweapon
75acb18ef37f5e17,uicashmultiplier
75ad2b119d49208c,obstructed
75b066a8a919c626,show_percent
75b25c060043cb05,thickouterright
75b2cd59ea421efb,reticlecrossbow
75b57cad7e6c9edc,playercard_has_no_rank
75b961ebe5ff6e92,profilerefreshtimer
75c2cfa6ab6b9d2d,ret_sat_loot_s5micro
75c505560e4d6202,getonboardingmasterchallengesdata
75c6324d5146bc63,stickerbookchallenges
75cf712c793624f2,loadout_item_selection
75d06571118dc46c,isnewprivatematchuienabled
75d577084ea8d6a2,ui.generated.widgets.ingame.reticles.reticleminireddotgotago
75e2186d26a1f04a,lua_menu/general_sub_social_caps
75e744bae4b326df,enableblur
75f700ce30b44a19,ftuedescriptiontextcolor
75faa3652228b111,magnified
76055c55456f05df,notifyserver
76066bf717fbdf6a,makeleader
76090fe5f59b3310,hasanyweapons
760dc44925d2c586,splitstring
7614a628b6e5d8eb,ui_hijack_bomb_carrierteam
7616e79bdda889d7,bundleglow1
7616e89bdda88b8a,bundleglow2
761af28876f0e80c,bounty_text_color
761b498b221ba775,unlockfeed
761d8d9d1f55b69e,perk_select
761edc5fa8a675a6,single_tile
762ddac137d5dc09,altdisplayname
7633073c65aad54b,fullscreenvideo
76348e10c90840b1,countrycodes
7637079d722c70ce,getemblemimage
763f1781ffa64648,shadowfern
763ff8442f887441,getcurrenttime
7644cf3a9c244893,socialcardlayoutfill
7648a94ff1ea2271,lua_menu/pad_dpad_left_button
76530a1c033f395f,ob_pvp_show_sector_capture_progress
7660cded80d8b61d,buttonoverblocked
7662110eb5f37b47,is_quickplay
7663704db0274cf6,desertorange
76683e3d1f698446,ui_killcam_end_milliseconds
76686057cedcb803,codcaster/team_identity_team_one_short
766ac2e31a67ee2f,laserlemon
766f18e49fb9ba3e,equipmentskin
766fb69638e05ac8,ui_br_match_stats
767311728877be30,iszombiesperk
767bea69f2f6a058,equipplayercard
767df6358d762fbe,in_voice_chat
76820906b8df03d9,platinumtitle
7682b20ee2ad6017,countdowntext
7684d9eb944cd339,stickerslist
7686d1a47b801f68,ret_sat_med_10_wc_therm
768da5683c4a99de,getwidgetatindex
76911db13072e2f6,getoperatoricon
769ad74710fb5ed9,status_notify
769adc7127c525c0,ui_iw8_aar_bp_match_bonus_slam
769ca167a3d82029,loadoutvfx
769f6724e7801233,prot_party
76a0ceb5c18e542e,category_slot
76a436fb7896f496,variant_id
76a7dbccfebec776,getdefaultexecution
76aadcbe3c85ed8d,iw9armoryequippedfore
76b2e5cf5a115097,rig_perks
76b7eff4da3bc1a9,ret_cer_med_02_mp_alt
76bd43ace5a6b6e7,shoulddumpluifencestatewhenfenced
76c058e6fe564197,season5primary
76c5199379ead665,ui.generated.widgets.store.storerowtagbonuseffectdmzbutton
76d3dcbe1177f1d5,diamondhighlight
76d4ff557b667417,previous_screen_id
76dbdc228f782db8,source
76dc246bf8d50180,colorblindtritanopia28
76dc256bf8d50333,colorblindtritanopia29
76dc2c6bf8d50f18,colorblindtritanopia20
76dc2d6bf8d510cb,colorblindtritanopia21
76dc2f6bf8d51431,colorblindtritanopia23
76dc306bf8d515e4,colorblindtritanopia24
76dc316bf8d51797,colorblindtritanopia25
76dc326bf8d5194a,colorblindtritanopia26
76dc336bf8d51afd,colorblindtritanopia27
76de7b366b99ec3d,ui.generated.widgets.ingame.reticles.reticlenotchedcircledotred
76dfa96bf8d81956,colorblindtritanopia39
76dfaa6bf8d81b09,colorblindtritanopia38
76dfaf6bf8d82388,colorblindtritanopia33
76dfb06bf8d8253b,colorblindtritanopia32
76dfb16bf8d826ee,colorblindtritanopia31
76dfb26bf8d828a1,colorblindtritanopia30
76dfb36bf8d82a54,colorblindtritanopia37
76dfb46bf8d82c07,colorblindtritanopia36
76dfb56bf8d82dba,colorblindtritanopia35
76dfb66bf8d82f6d,colorblindtritanopia34
76e0d8971f2bdb5c,br_cer
76e2411a7c49bb5a,skylight
76e69d6bf8de23a0,colorblindtritanopia11
76e69e6bf8de2553,colorblindtritanopia10
76e69f6bf8de2706,colorblindtritanopia13
76e6a06bf8de28b9,colorblindtritanopia12
76e6a26bf8de2c1f,colorblindtritanopia14
76e6a36bf8de2dd2,colorblindtritanopia17
76e6a46bf8de2f85,colorblindtritanopia16
76e6a56bf8de3138,colorblindtritanopia19
76e6a66bf8de32eb,colorblindtritanopia18
76ea6b6d5826382f,mapasset
76f0ae6bf8e69508,colorblindtritanopia42
76f0af6bf8e696bb,colorblindtritanopia43
76f0b06bf8e6986e,colorblindtritanopia40
76f0b16bf8e69a21,colorblindtritanopia41
76f0b46bf8e69f3a,colorblindtritanopia44
76f0b56bf8e6a0ed,colorblindtritanopia45
76f4097900501d09,ui.generated.widgets.ingame.reticles.reticleint
76f50b152b7506ae,ui_gameplay_telemetry_mule_weap_lootid
76f60d50e41e6f91,seasonaleventspaneloverlaytextbacker
76f7817545969b9f,ret_sat_med_10_wz_therm
76fb8aa7e8a95298,pentagram
76fda92e0495d758,row_background
77009bb470328923,ret_sat_long_04_mp_rangefinder
770187fe84ae61fd,splitscreenplayercount
770ff4f75305d8da,showplaceholdertext
7713058e43c72d76,lockreason
77274acf8c128744,eventselectionmenudata
772980738e38f3ec,lockrewardtime
772f1883547a2622,playlistfiltermode
773075a8256c45ec,abilitystring
77316c29b3857581,tabid
77339bc166afe198,getworldblur
773538dfb4689933,isonspectatescreen
774037633f727dd6,countdown_text
77445a3b1c2faeea,jup_reticle_moscar_classic
77445ebd5a890114,tablist
77491d054d639e15,socialfriendssmalltab
7749f59f305aad11,updateslider
77540284b1a6e149,descstring
7754ce0723bef422,is_in_bowling
7754f1d8e2830bca,ui.generated.widgets.genericdropdown
7755484df8b8eaab,cer_season_6_w5
7756c3865ef92130,celebration_bink_started
7757ad2e7125279d,visibilitylevel
77581c6a4edbfd3a,systemclock
775b2d21a09fae96,ui_veh_vehicle
776dadab6e3f9280,audio_widget_played
776fa51defa423f1,endednotenrolled
777282657184563c,level_ii
77763aafc6eedf36,ui.generated.widgets.ingame.gunscreens.gunscreenenvy
777abf03de0a69d2,progresssubtitle
777b3c1b32d45b8c,activation_prompt
7780fac5b59c3aa4,legalconfig
778265686c5a6d9f,printer
7782bf7521182ad5,getvehiclecategorylist
778748b62e426a03,tacmapopenbydefault
77946d3589eaa0e9,tooltiparrow
779a1ae9aadf5c98,isoutbreakgametype
779a50d9a6bde902,ret_sat_loot_s4blind_thermscope
779aa2d2a5856e6c,isdependencydisabled
779ebc482782545d,isphoenixreportbugenabled
77a699b986b67ae4,getemblemmaterial
77ac7a15b5c43210,playerlistdisabled
77af7519566009a1,pii
77b4c6a9a1dee3d7,isaudiovisualizationwheelenabled
77beed5fb956d040,createqueue
77c3433361ea2ee4,outsideyellow
77c4072bcc8aed68,sat_season_4_mid_w5
77c4092bcc8af0ce,sat_season_4_mid_w7
77c40a2bcc8af281,sat_season_4_mid_w6
77c7b008a2d3e676,subpopuptext
77ce97196256fa57,ui_ter_weapon_ammomod_zm
77cee241ccca154a,masterybadgerewardsmalltiers
77d3b9fab6b72173,expandstatesnapped
77d8b209bece2747,previewbutton
77db5499e8a9e2ac,istop250enabled
77dff397b4227aed,ui_killcam_killedby_item_type
77e23be4bfa008b8,focused_item_blueprint
77e4b6cd49459e11,ammo_icon
77e66527c3e22ec9,cgame/following
77e83ee0557cac86,isbrchampion
77e97713ec1e1933,reticledmscopevz03centerzoom
77fa1d19569f5f93,ps5
77fa7719569ff881,pso
77fe20bb80b27e80,deactived
77fe7cab42d439ec,ui_iw8_br_aar_matchbonus_start
77ff02080354015e,redflash
7800dd8574092e46,getcharacterbuild
7801ab3a970891fc,essencecount
78027a8209c5d65f,iconlarge
78039475c6a50527,config
7806746d2ccca8b0,issmallsocialmenu
780a69e9b368406c,unarmedpose
780ae6bd22c69cb7,iscoremultiplayernotbrprivatematch
780f110fec8eb250,isphonenumbervalid
7818115388748499,grey63
781812538874864c,grey64
781b965388779c6f,grey76
781eb87de22cd459,forcedoperators
781f1753887aad79,grey45
7820c3c8c8211a40,getonboardingbattletracksdata
78229853887dbe83,grey58
7825a453888008be,grey26
782c3c6951ee7b70,ret_sat_short_09_wz_alt
7830145388891b93,grey14
7834dcc8c21e17c9,archive_replay_toggle_controls
7838071daf205039,getreticlecategory
78396ddf5c25cfb8,shouldhidebuttonpromptspcp
783a2336052c8b2f,quaternarychallengereference
783d833aba932e6c,text_scaling
784076321ab2eb92,rulespopup
78479b53889cdfd9,grey89
7847a453889cef24,grey86
784d28d5d9b88973,ui.generated.widgets.ingame.reticles.paranormalstatic
784f1a4307a79367,imagexsmall1x1
7852b092ef2debf0,ui.generated.widgets.ingame.reticles.purpledot_rich
7853802eba847a18,is_my_player
78577ab5194cdd1b,itemstate
7859fa4a82146bc6,valuelist
785e2cdb96257a03,alert_has_satchel
7867442976018af3,playlisttitleoverride
78687333d5233ccf,accessiblemidblue
786ab4fe6d1aeeac,ui_keypad_success
786c65ee75855bf5,splashprogresssubtitle
786de75aa2943855,tokenmenu
786df9c05c3a75ba,isusingmlgrules
78724866ffd6f169,meatshieldhintwrapper
7876dd220581f638,changemodeprompt
7877a0d0d0d89a39,playerlistenabled
7884b997e06d0700,dropdownlist
7884f79b0c364646,square
788a497e3f64521f,baseice
789b6bc48c539970,store_bundles
78a1e11739ca87c4,getperkname
78a62463d56c01c6,league_play_aar_started
78a6da751298ef3a,ui_killstreak_weapon_1_reloadtime
78ae323b83cd30b4,finishtitle
78b1c6a5783a964b,judgegray
78b2a43079481ddd,show_category_name
78b489105e692b86,isarenaosp
78b8fba1901c8caf,mainwindowname
78bc87bda94fe146,progression_state
78ca9d828922ef05,ui.generated.widgets.ingame.reticles.santavfourx02
78cbd7fa6a664835,ret_cer_loot_s2bp1_alt
78cbf11e8fe017b6,loot_rarity_visible
78ce22b5fab4d4b1,buttonpressed
78cee785c0d63d7e,playmusic
78d047d785815444,ui.generated.widgets.ingame.reticles.reticlesnscope05classic
78df2e5447f384b9,getglobalmodel
78dfa04b62f865b5,killswitch_net_health_dev
78e4338ef778ca7e,blocked_players
78e845c9fcfee3a9,lua_menu/textchat_new_leader
78e9cebdd8798586,tabframefocused
78f5d3cba6a1320f,device_side
78f79d0d316127ff,need_update
78f7ef767896d3e4,sidechallengereference
79019660df10eba5,handleplaylistlobbynavigation
7906abd5d47e7d4c,glow8
7906acd5d47e7eff,glow9
7906afd5d47e8418,glow4
7906b0d5d47e85cb,glow5
7906b1d5d47e877e,glow6
7906b2d5d47e8931,glow7
7906b4d5d47e8c97,glow1
7906b6d5d47e8ffd,glow3
790ae58fdbfc0897,actiondetails
790d6632598672b9,adjustposition
79103279d1d86132,friendlydarkblue
7914bbb207317c59,badnognametagrtt
791575ba0f392d1e,vehiclefiltermenubutton
791d9172ec32c672,active_bundle_ref
792c77addb705c31,ui.generated.widgets.dynamiclistentry
792da7eebd8f9a77,ui.generated.widgets.buttonhelperbar
7930a91957e9f01e,petbundle
7931b934d4c5bb76,ispreviousgestureapinch
7932d9b3629ac123,showequippeditems
7935352b1093f256,target_name
7936535f01eaab46,constantslots
793d680d5a441053,genericstorefetchingpopup
793eccba299d2080,brlootwhite
793f36a1901b829b,iw9armoryequippedmid
794040ccc7f3139f,ui.generated.widgets.ingame.reticles.reticleacogeast
7956938b3177ead9,selected_month
795f8cfac82e4149,is_dropdown_opened
7960cddbb030b8d4,ui_icon_menu_lock
79635a1b42434523,current_tutorial_has_preview
796b6fba5ada4707,weapon_variants_enabled
796c4c1d671e2756,descriptiontexthighlight
797130876441cddf,ui.generated.widgets.ingame.reticles.jupiter.jup_reticle_irons
797964f92ef0e066,kbm_prompt
797aa6fe8ce31591,camochallengemodedata
797b9a816a03807c,unlockcriteriareceiverprogression
797c3bed23c7542c,zm_rb_battle
797cae625c716f19,isprestigelegend
797d5f169bf67ee7,splashweaponaltnotifywrapper
797f2d9f5ca3ed91,vibrantyellow
797ff50524ee0e06,interruptiontype
798c0adcf588dc76,bottomdark
798fbf518330e0ac,openchallengesmenu
799019628e63793a,iw9_content
799775bbdc5cb60b,setpause
799e0b98dbe3b858,equipped_icon
799f43de162bd684,sendrequestbutton
79a182c56e6452b6,zombiegreen
79a55f3d6c6d1a87,rowbackground
79abfc906dbe0301,render_icon_image
79ace7c188c300b7,codhq_background
79ae6f2f5e491eaf,sticker_index
79b0fb9dcd482b85,reticle22hybrid
79b66eb5fbf4baad,initial_value
79bb32828bb67323,focused_item_index
79bcda84024e814f,silversteel
79bce5be2547f5fb,execution_icon
79c410bcf7ea100e,disabledlootcrate
79c6234092997c7d,partytag
79cfefd47432b18b,bracketbacker
79d3cd9cb5939e69,nameseparator
79d594675e391090,members
79d7805c837c9fec,updateswatches
79e23b76b1859fb4,getweaponmodel
79e7bd98d1e63fa1,playlistbuttonaction
79e952963b6bf83a,contextual_icon
79ec10370d3ec257,head_gear
79ecfa58c69ac41a,fontstyle_mbodytext
79ef13764ce7f8aa,messageborder
79ef17f1840392fd,extrapolation
79f7b06f2601e8f5,ismatchmakinggame
79f96821cd99c04c,getemblemid
79faf0b03dd5e4e2,restrictedgunfighterequipped
79fc6ab988e9ecbe,emptyplatformname
79fe3160a34ac588,witnesses
79feac7d4c096ac6,useplatformicon
79feb660571f9fdf,bonusname
7a04c2873d7b520a,buttonleftstickprompt
7a10afcede72f2b6,ui_in_infil
7a1a2fab1ce71a9c,lineside
7a1b83c8b6f21f64,pingicon
7a22b0ce7d3134a4,clantag_asset
7a24d3a35c95a6cc,ret_sat_hybrid_01
7a24d6a35c95abe5,ret_sat_hybrid_02
7a25345791cf770e,porcelain
7a2cbe22f1ace687,ui.generated.widgets.alwaysloaded.textlabel
7a332b1fd8832fbb,allocatedsize
7a3fdadf45824c13,killstreaks_hints/recon_out_of_range
7a44bae264c4204d,getreactiveslotvalue
7a4df9d81fce43f6,sequence_array
7a563200bdc4cb5f,streak_name
7a56562f18947b23,getobacquisitionsonboardingdata
7a56e9dccb2dcaa1,ui.generated.widgets.ingame.reticles.purpledot_royal
7a5926b9aa3db6d1,upsellproject
7a5c2be39ddaf363,useloadinganimationsforrenderweaponicon
7a64eafaebd61497,low_battery_threshold
7a658ecec9b4dc28,bitmask
7a67fdcaf5edf36b,title_magellan
7a712a782eae08d4,earned_weapon_xp
7a748325e934bd2d,getcurrentstate
7a7505f7af922975,currency_current_ids
7a7a90a1db901439,neutralteambacker
7a7ad4b5808d3e71,socialplayerprofilepresence
7a8060916400fe66,quality
7a9622e62f647e6d,trackkills
7a96f12833882786,orangedot
7a981695ad26180d,colorimmune
7a9b205dce68cb0f,openministore
7a9da1a9f52e5a89,foregroundcompleted
7aa1556f758de2f3,usptype
7aa622a514365f79,minwidth
7aae367fd0e739f0,rightshouldercolor
7aaebd476d2468a7,title_image
7aaf187350e66415,child_focus_lost
7ab12806e855b293,camoborder
7ab2a539351a66ad,getallemblems
7ab72027aa3c4614,focusinnerglow
7ab94724a0ce24ae,store/bundle_items_included_consumable
7ac041e10e5c26b4,ret_sat_loot_s5gwall
7ac2aff0a6afed84,reward_challenge_progress_text
7ac56c146f9c531d,title_cerberus
7ac8dfe12d4a4066,blockinput
7ad1ada3adfed3d8,ammo_data
7ad64ce79bd0a2ce,cooldown_end_time
7ad9f9f43b77fd86,infoframe
7ada415bd2d0ee0e,isplayercard
7adaa43c4e17af1b,showglobalpanel
7ade01df4afc0bbc,isfloorupbutton
7adf8f763c53d346,getoperatorprestige
7ae554984800487e,equipped_calling_card
7af61f6290d6dc40,generic_players_list
7afa05f1af15ca4d,hudboundsideright
7afc1e8f744b1bf0,gestureslot8
7afc278f744b2b3b,gestureslot1
7afc288f744b2cee,gestureslot2
7afc298f744b2ea1,gestureslot3
7afc2a8f744b3054,gestureslot4
7afc2b8f744b3207,gestureslot5
7afc2c8f744b33ba,gestureslot6
7afc2d8f744b356d,gestureslot7
7afdc8a054eba199,keyboardbacking
7afecb4807788f71,status_icon
7b096f6a2ad9347b,hidecounter
7b13ddd8c00f2f40,ui_username_resolve_throttle_ms
7b1f7055cfca202d,daily_reroll
7b24769d2bf73771,lui_codcaster_dataview_enabled
7b25eac0ebcb51df,webview_update_ftue_watched_version
7b30932ea43dea89,pureorange
7b3a2cb30d5563df,menu/acceptinvitetitle
7b3e95526ed6127e,xptokenflyoutnotification
7b40c8797dfb4041,ret_sat_med_03_wc_fourx01
7b40f8e2fbc93f49,iw9textunhighlighted
7b4150d4e9e25a37,lua_menu/request_accept_failed
7b41da3886dbc442,tick19
7b41db3886dbc5f5,tick18
7b41dc3886dbc7a8,tick17
7b41dd3886dbc95b,tick16
7b41de3886dbcb0e,tick15
7b41df3886dbccc1,tick14
7b41e03886dbce74,tick13
7b41e13886dbd027,tick12
7b41e23886dbd1da,tick11
7b41e33886dbd38d,tick10
7b452429d2d4189b,generic_asset_ref
7b45493886deb6b6,tick20
7b454a3886deb869,tick21
7b4c3d6faf6806f3,filter_notifications_event
7b4e0651d8574a5f,buildandserverwidget
7b5490367841ba72,normalfuel
7b56603c6116ab02,is_inspect
7b5d1bfa0bb9d045,unlocked_items_string
7b61f4099d3d6d18,registerclass
7b64426286b24707,mask_image
7b64f6fbf7ca3432,onboarding/tutorial_plunder_2_header
7b688e32e295cfc0,primary_prompt
7b6a1df48917f778,is_mouse_only
7b6d66663ff057d7,connection_state
7b772252961a77cb,brmissionactive
7b7ef61ce5e0a400,ret_cer_loot_s5pdoctor
7b8145657e4bae20,ret_sat_loot_s4tarot
7b8785ea55293cee,show_new_tag
7b8f81bef697bfd7,is_legend
7b96a2b062b29553,generictextelement
7b99bacf0d3c616c,leavefiringrange
7bab6332c3d0bd54,player_accept_friend_request
7baeb1777be97f4f,ismapvotingenabled
7bb03c4334074c0a,ui_vehicle_ability_fuel
7bb20cdc75ee1a7f,docallback
7bb3f347e1be645a,ui.generated.widgets.ingame.reticles.reticleoutercirclefourx_classic
7bb99c4c389b42fc,ui.generated.widgets.ingame.reticles.reflex09_dotbase
7bb9d85b3cda99ee,ret_sat_long_05_zm_rangefinder
7bc4e8674872b9bb,camobracketright
7bcfe1cc09e21f93,filterclock
7bd1d1698923e485,jupequipped
7bd2b4e2e5d38a67,outerrightbars1
7bd2b5e2e5d38c1a,outerrightbars2
7bd34a9021ed6245,displaylegaldisclaimer
7bd841a7600d5551,equipment_skin
7be9e75fe3deb26f,level_iii
7c00b707a9e7820c,canbegunsmithed
7c010ae41386ef12,ui_out_of_range
7c0d3bc1e85bd0a9,isplatecarrier
7c0f002f14070d4c,warmoffblack
7c123c7b696268b1,specialistmodel
7c147b20c743c1ff,extentbsharplite
7c237c51c8e885c1,immunehit
7c2a643945772419,hideplaceholdertext
7c31b21ebb784de7,updatepagedetails
7c33b1d7c39b289b,openloadoutoptions
7c3c1f4258b84db7,ret_sat_loot_s5smind_thermscope
7c3d26c011730467,is_mvp
7c3e70d9f52ec2a7,ui_minimap_min_floor
7c45caed6dd53bd7,namestring
7c45dc1a8690083d,optionsoverride
7c6a463819109f12,ui_iw8_br_aar_matchtotal_rise
7c6e55a0151d84b6,contaminatedsand
7c7004acf5f76fa6,ret_sat_loot_s3paintb_thermscope
7c7037b370ebc86d,jup_reticle_moscar
7c71c2c2b3f335d1,killcamreactionselectionelement
7c73e753c25ed84b,title_size
7c7f17db26577b25,brlootgold
7c85c2a5b18b111f,ui_tactical_recharge_progress
7c8bf6056926ab44,focused_item_index_operator
7c8cddf991de7cc7,ability_handling
7c916ef306028cb3,reticlesntherm01
7c91b74007d2e5f8,lui_ingame_AAR_scoreboard_enabled
7c955a362aa1058f,techglass
7c9a2fff39591d0e,perkbordercolor
7c9a7d1fbe238794,legendarysecondary
7c9d0c47cae78928,ret_sat_loot_s5dshake_thermscope
7ca1c987c77e972e,game_delta
7caaf9ab030c1481,dotsr
7cb384571181aeb3,upgrademodule
7cba5a235d54ab8e,current_season_icon
7cbebf14ddd4b7d8,killswitch_igr_pso_preload
7cbee7906be1f829,biometricscankeycardownerenabled
7cc09be6a62009b3,openfilterpopup
7cc384effb9bcb60,ui_br_use_bink_for_post_game_results
7cc40c6a2ee5fc04,span_size_x
7cc40d6a2ee5fdb7,span_size_y
7cc499ab4d166896,safe_zone_marker_update
7cc724112d17535d,settingstatus
7cd2a543eae001dd,coralflame
7cd940055ab022db,limitedtimebundlewarningbg
7cde45add5cd6b69,eventpluslayout
7cef506084e9eb11,navigate_to_menu_uri
7cf29754fb49acce,timeseeneventcompleted
7cfa513511a07b97,menu/today
7cfb5d6ab17906bd,elementcarousel
7cfd2c5e2e3c4014,stopmusic
7cff670c6e83af11,istextchatenabled
7d016add84076c52,chickensnot
7d0904ab0e0989f5,leagueplay_season_processed
7d103d4232acb26d,showicon
7d122d2589229f54,performactiononhold
7d1b7609c342b4f2,isdisguise
7d1c329b9da05a0e,gunscreengreed
7d1ce25238c5543e,audiospeaker
7d211f9157d0ac48,onyx1
7d21229157d0b161,onyx2
7d23b323e8cfde0a,criticaldamagetext
7d23c0723be719f0,gettext
7d249310dac9e26e,ui.generated.widgets.ingame.reticles.reticlecrossdotred
7d28f8115b28626f,fullname_color
7d2b2513e0a83a3d,perkbundle
7d2f49089e2564a5,socialplayerslistheader
7d2f65f47596da5e,themeedit
7d359ba621c9259d,ret_sat_short_06_zm_holorange
7d41a3d19e14793c,footerbackicon
7d5091aba19662c4,weapon_handle
7d51cbe0c50dde15,enemylight
7d5467a7eaa701d4,during gameplay
7d60c8af8a6d40a8,periscopecontainer
7d6116036b28a917,isscoreboardopen
7d672c4a73c1eb7f,secondarybuttonaction
7d6a83bdcfec1207,megablue
7d6d3c6b0227b51f,hasfieldupgrade
7d6ef7812ca43502,ui_loadouteconomymanager_previousroundincome
7d74d8ed204a7789,overborder
7d7704f0dd761203,is_squad_member
7d7856d6ff3f2fc8,steeldark
7d78e5fef12b5a08,ui_show_objectives_title_inrange_force_show
7d7c0adcdc3a7f57,jup_las_fourx01
7d7fdb6659d50c59,removeallwidgets
7d80b4aff84fd7b6,ui.generated.widgets.scrollbar.arrowup
7d855234a870ef3a,iswonderweapon
7d8586f5191f5f8f,mainred
7d8f6f0cd3e617d3,relicscriptable
7d928a2e8be3ca8c,challenge_tier_list
7d94f321ba72ff5b,weapon_model_name
7d97b6530fa409ca,onboarding/loadout_1_cp
7d986c640f78566a,setwalletamount
7d98d79f7a1dbe89,ui_iw8_aar_progress_bar
7d9af706e2fd7122,background_underlay
7d9cc17754333e05,boostvalue
7d9f6e7faeb713e3,yellowhighlight
7da591200bb4e2c5,bundledata
7db80c80d4c8f426,glowdamp
7db823f5dbf58b6e,healthdamaged
7dccdc690358ae80,season_number
7dcd74ee682834ad,setlocalposition
7ddd074db29b080c,desertpalm
7de1eccc2e2f90c8,aredevfeaturesenabled
7df5c695e27d8c0f,genericbuttonwithvalue
7df7f660c4c80afb,lockedfavorite
7dfc12c63e1f9d22,hidemodel
7dfc81ed9e0eb993,damage_skill_level
7e015241bfa116d2,ui_iw8_aar_weapon_page_reveal
7e029512fb7d9ab3,sound_alias
7e029cc852d36f08,bindingpreviewbuttonspace
7e03d53a45ee68c0,time/second_minimal
7e08ca56ba89bb0a,ui.generated.widgets.ingame.spotterscope
7e153c95dfe10d3a,alert_ammo_762_full
7e1a21992f4cffe2,teamfree
7e2361c5f364c9da,force_offline_menus
7e2bece734add713,event_period_started
7e2f2d6c126d793e,levelstate
7e317a70ac3be2b6,redorange
7e336fda3ce66143,filteroptions
7e34f84b91148204,mintyfresh
7e3dbe5dd584c293,ui.generated.widgets.ingame.reticles.reticlesniper
7e3dea3e4202432e,islfpenabled
7e416d52ade1761d,supermeter
7e41fdf3b4c25cd8,mainbeige
7e463141549bb65f,ret_sat_loot_s25guild_thermscope
7e4a21936d8794bd,is_connected
7e56be5e48942257,isbrordmz
7e5b801cd16d7329,crystalblue
7e5ce578c082aedd,victim_name
7e5ded1d7c778c26,getdefaultfist
7e60551c886827d3,enemyteambar
7e61eb4ef1b12bd7,spmainmenuoffline
7e69a0a2884c5b53,campaign
7e70be9a17aa4349,isbiometricscanenabled
7e789ddde5ba9171,grid_name
7e7aa64e5a06884c,recordinteraction
7e7ab42ca77b2cc8,lui: could not allocate from luielement pool
7e7b50ad65d837e0,focused_operator_data
7e89da5111942f49,_flags
7e91ff9ae1ea36f4,hdrwhitepointguide
7e93b493415c3fd0,fourxhelimaice
7e9b1141c8e09698,ui_killstreak_countdown_percent
7ea9134e2baac738,dirtyshoe
7eb25ce1c32d7db7,getactivescene
7eb7ffd03d3857d7,noneapps
7ebd601b5a67ab04,ui.generated.widgets.debugscenarioidentifier
7ebfae03624d6acc,onboarding/armory_3
7ebfaf03624d6c7f,onboarding/armory_2
7ebfb003624d6e32,onboarding/armory_1
7ece76fc0afb1fb2,ui_play_credits
7ed4b0d7dbfa3b0f,reticlecrosshairbaseouter
7ed733985d05f645,ret_cer_loot_s35magic
7ed9faf39dae78fd,ui_killstreak_boost_recharge_percentage
7edb025b76de6720,chevron_color
7edbccd73b3272c0,tabspacer
7ef68ee3683336ce,secondary_level_text
7effbd3847f228c6,num_attachments
7f01ae55a1d4c917,mp_sat
7f09c0ed95061c20,ui_mpmenu_privatematch_select
7f0dd3059f842a77,purchase_button
7f0e15f4a111c212,selected_player_item
7f0fcce110142bdf,isresurgencedisabledsoon
7f10da28b96fc1d5,store/bundle_items_included_operator_quip
7f120b8ad58a63ec,step_index
7f12846aea45fd5c,foggygrey
7f12cd2a9fc6af96,unlocked_focused
7f1753bbfd164f26,selfteam
7f19269a4082bf5c,getbuildcode
7f19e61967130012,is_enemy
7f2469dc00b32cc1,archetype_bundle
7f2d842c45bda94b,islimitedtimeitem
7f2d905c040d4e2b,max_input_string_length
7f2e4e631810ad4a,sat_season_4_w2
7f2e4f631810aefd,sat_season_4_w3
7f302e737635408c,has_self_revive_token
7f3216780432eb67,level_value
7f368181a00b0394,superscriptbundlename
7f3edc5300378702,homeworld
7f40e7a59d0b3d85,gamelogoimage
7f4ea822372c4740,ui_zm_echo_portal_splash_reward_lootid
7f56655c434890ec,basetile
7f5711948f889efd,lui_ingame_AAR_enabled
7f6a9e718e2e6ce8,reticlereflex02snoop
7f6d71575ec446c8,jup_hybridtherm01
7f6d74575ec44be1,jup_hybridtherm02
7f6e7b8178d75dab,prestige_level_image
7f700d7993214680,isweaponequippedincurrentslot
7f70b9f985c8b7f6,hud_objective
7f71d957b7961bca,loot_item_transaction_complete
7f73317d5a1ca541,projectcolor
7f737c9526b1c918,objectivebackgroundpoi
7f75d90641add277,getonboardinggunsmithdata
7f7c36e3d4095a21,health_percent
7f7ef642c8d91a57,customcolorsliderbrightness
7f83416fdafaafc7,button_page_up
7f88d4993342b34f,pcachievementtotalscore
7f9a14cdd6469e62,buttonreleased
7f9a5577da64cf32,has_stacked_items
7f9c831209011282,vconsteps
7fa2cf2b674a96b4,doesgametypesupportempicon
7faf6652413f4c6c,unpause
7fb971fe927705d4,trigger_hide
7fbb1ce5fb6adb06,projectvehicletracks
7fbbc85747a7d4a4,ret_cer_long_05_mp_rangefinder
7fc2679a5d42852d,isinputswapenabled
7fd8df6c6a3dad10,tick4
7fd8e06c6a3daec3,tick5
7fd8e16c6a3db076,tick6
7fd8e26c6a3db229,tick7
7fd8e56c6a3db742,tick2
7fd8e66c6a3db8f5,tick3
7fd8eb6c6a3dc174,tick8
7fd8ec6c6a3dc327,tick9
7fdee6fc965a4a58,store_button_unfocused
7fe22157e64966c3,linemask
7feccbcf929cfdec,ret_cer_long_02_mp_therm
7ffab5552dc3ec69,ui.generated.widgets.ingame.reticles.reticlehybrid03vdayheart
7ffb0ffa508b6c19,generator_active
8011b8935e9f4f51,collection
8015c4297b7fbb09,jup_snscope_hsierra2
80163d368dbae9a8,removerequiredfocustype
801b0ba1da4af4f8,getgameicon
801dd192ed4c0401,isiodinepills
802225a598780906,bindingsuccessbg
802322c84d1eb5b2,globalpaneloptions
802473683980f2d0,infoicon
8024f45000eaa99b,textfield3
8024f75000eaaeb4,textfield6
8024f85000eab067,textfield7
8024f95000eab21a,textfield4
8024fa5000eab3cd,textfield5
802592d5033db19a,isseasonchallengeenabled
802bbf174af446cd,operator_slot_index
802f9cb2b3f76b80,iswzprivatematchminplayersmet
80388f837044dea3,player_match_xp
803ae9d4ab5de6e5,globalplayerpanelprompt
8040be43085e9faa,getbreadcrumb
8041fc2155d92f3c,inventory_deleteitem
8042870babb725da,status_description
804b240979923e1d,instance_index
8050b824f13f9518,killedlist
8053ef2fd0b05c5b,prestigeoverview
806404e2d8b80635,rarity_index
806421df638682fb,build_cost_string
80649fc00b8b565d,shouldcountattachmentpip
8071b5559837d0f7,includeelementtreeinactivegroup
807bac06b385ee17,isdead
80820c5cb047acd6,buttonheight
80831b602ba8cc81,deluge
80852b004fdb9edc,model_name
8086a24351f4c95e,crosslaunch_command
808fdd8af8f3cb74,deut_contest
809597e0d6fb059e,sharedgametypeinfo
80991f1f1a6b565b,item_level
8099f937e258b5e5,doubleactiongamepad
809bd4001d18ad84,lui_system_restart_message
809f02de48c5643b,ret_cer_med_08_mp_alt
80a002062b68741f,shouldshow
80a4fcd49949a4e6,ret_cer_long_03_mp_rangefinder
80ada90114e56d05,linehorcenter
80b0f159761f7318,customcolorslidersaturation
80bc88cd92fcc77e,socialpartybutton
80be85c2bdb55a4b,label_source
80c141c8138eaa23,highlightmask
80c5c25ec170f32e,tagbonuseffectdmz
80c6c6951ce277a8,mintyfreshblue
80ce7405f2d5f2aa,isexpander
80ce7e05f2d603a8,isexpanded
80d3985a5d493667,labellight
80d3f96473ee8737,genericdropdownbackground
80d6fddac4fc0011,ui_gobblegum_slot_activated_notify
80de7910003b7803,operator_customization
80e02c24b284323a,preseason_rank
80e0800b914a0dda,name_color
80e7a83f45a272d5,secondaryoptionslist
80ec1d6f93ef7670,teaminfo
80ee57bc558ae666,boothdrblackpoint
80efc65a3596986b,ui_javelin_view
80f11ff01c221ced,ui_mp_ability_select
80f2e31f25a13796,defaultmeleeweapon
80f66372920f06ff,backerwarning
80f9958653b7daf7,presence_platform_ubiconnect
810437d63d2f1390,leaderboard_events
8107139ea56261f6,animatesequenceshowhideself
810aa8dadcbd1699,onyxbody
8117d11bb5cb2df4,font_size
811ddd374ca88198,blueprint_id
811df81250152b9e,showstat
81203cc53674eb4b,fliparrow
8123f216280b209c,event_index
8127f3e19303c0a3,br_gun_game
812a32358f22e381,group_label
812c50ef8c3bf18a,equipmentisrestricted
812facc95da5d1d7,is_player_in_running_leaderboard
81305f58a88cb29a,tokenbutton
8135df9e79364009,aretier1modeobituariesenabled
8139711d9523f1b6,platform_icon
813e5b8f176e9c92,ret_cer_guide
8141781e2b719957,gridcoloralt
814ae00253af1d78,powerboxframe
8152b6ac3cd937c1,finalized
8155423d97bdd5f1,socialplayerprofileheader
815de44abfd69722,rendericon_buffertime
8169828b92c01285,toggledetails
816995a82874c838,convert
816b2bf1988a051f,enemybright
816be6ec6b004afb,fultonidle
817ceda982668284,cursor_type_arrow_normal
81848c609c3fc641,loadingstatus
8186a6f6115c6569,unreleased_menu_name
818c699a5caaee4f,party_maxplayers
818c8869c97be161,getpartytype
818e5c0dcee2b300,ui_zm_current_quest_step_time_frozen
8193bfea4ec3bb99,destructionscenario
81a37155bd5913a6,focused_color
81b30ab955148c64,show_mic
81b657f2a152dbdf,progressbar
81ba43d112927f43,ret_sat_med_03_zm_therm
81ba9175b7979a14,button_image_alpha
81bcee900f389baf,time_created
81c4a3ba1e74d784,right10
81caf8d894ba9c04,hideeventwhencompleted
81cb0c587070f2a1,act_ref
81ce95ba1e7d143f,right20
81d39eec142b11be,issquadmode
81d481ddcb234dee,bluewhale
81d547f532ddee89,dirtygold
81d6d82b36f9c20b,earned_xp
81d7be4334556e9f,cash_display
81d9e039e0d0921d,backgrounddisabled
81d9f62b8be58428,d3d3d3
81dda79ef79a2d4d,ret_cer_short_06_wz
81e020932d6cd360,streaks
81e060932d6d4020,streak3
81e061932d6d41d3,streak2
81e062932d6d4386,streak1
81e0e35718df864e,ui_missile_defusal_active
81e7b49ef7a297e9,ret_cer_short_06_zm
81e9dc7387de86a4,allowmanualremove
81eaeb1d1022e14b,ragered
81eb292d89b89194,presetdatasourcegdt
81eceb948f3d6edb,ping_update
81fc5431af1dfe09,callingcarddisplay
820150e29b16fb43,current_weapon_name
8207d817d7403407,hideprogressbar
820c0b395120b799,streak_ref
8213aa47d5161dc9,registerhud
82186e1eeff3afdf,disabledaction
821a24e0e3bf1f8d,selected_weapon
821c322b75177287,tipicon
8227a19ef7d85b95,ret_cer_short_06_mp
822d83f3938e8f9c,socialfeedaccent
8230831ef008656f,disabledactive
823c8e2ae0f2ce11,challengestracker
823cd928a7371456,papcamo
823cfb2d2d0c31b0,contextuallayout
82433e1db9de26c4,getoperatorlootid
824f9c195cf2dadc,soc
824fc26f199efd52,gamepadbuttonswapoption
82569c195cf8f98a,sms
8257ad3fac269187,lockedselectedimage
82665ebd7916bb42,tileitem
8269f297ab7669f7,killswitch_mp_leaderboards
826bce1b13141406,weapon_offset_type
82755dd8f9188f6e,partycount
82797635cb33a196,ret_cer_long_04_mp_therm
827c3b54fdca0c18,styleguiderank
828c8716c7138ba2,input_locked
828fefacb8708708,reticle21hybrid
829095a70514e697,imagelargetall2x1
8294779d01df7a33,echelon
829beddc7e3d11ef,getstickerimage
829e13560a60f584,defaultprimaryweapon
82a295c106491a0d,cansendpartyinvites
82a6b14733b2685a,friends
82b0bc279482ed7b,getitemrarity
82b0d13a4459c55c,large_icon
82b10ef44d09b860,leavelobbypermissionblockedplayerwarning
82b1488e76481f45,current_layout
82b684510e419cf1,onlinestatusbusy
82bdbd064ba0a7f4,loot_rewards
82bf7096b5ab4567,showtitleimageonselectionpage
82c286e85cd5b10d,act_number
82c97116625dc82d,skindetailscontainer
82cdcb0700a3afd6,isparachutegametype
82d0d5972e65406b,frontendsceneendtransition
82d27d454e2f7e5a,usesquaduiinmp
82d44e178d293a06,tileback
82da4e255c0b9eda,getoperatorid
82e65cf5d8b70f5d,isusingffamatchstatus
82e75d2a3abd8825,getendtime
82eafde7d2f434ed,copyto
82f413ecdc3881ad,mp_training_course
82f4f7bbede98e66,current_veh
82fd581762c2b6ba,item_count_string
8302c828bc60dea9,crosshairrightzoomed
8302deb24e403ba3,ui_match_in_progress
830cf17637260a67,check
830f728e591b0bd1,victim_reset
83141fb855e3556a,exit_reason
83171ca93a4ae06c,genericeditboxpopupmenu
831f54ae4afb0ac9,ui_zm_current_quest_step_time_notify
8322cb8cad888f9f,openchannelglobalpanel
83289da6be6ecad7,low_damage
8329b3a1744d98b4,map_layout
833303a2abe3a821,obmainmenunexus
833c6f712dbab460,reticleoutercirclefourx02
833c75712dbabe92,reticleoutercirclefourx04
833c76712dbac045,reticleoutercirclefourx05
83407064d8dc1b4d,is_being_revived
83409e7b6813152b,blackcell01
83409f7b681316de,blackcell02
8340a07b68131891,blackcell03
834b8bbd695d82d7,reticlearscopetherm01gold
834fff844df51839,codhqseparator
83516942f5168c34,focused_weapon_index
83575c9701e9a43c,match_text
8360e1c3062c95fa,istdmgametype
83649428aa064acf,iscorempaigametype
837181ba99682236,ui_active_status_effects
8379757e6500e933,sidebuttonprevious
837e7097d942dbc5,event_logo_image
83882cdbead63259,ui_tertiary_weapon_rarity
838ef2648036b8c0,universal_ref
8391624b9ef8160d,isammomod
839498b509d3cddb,isitemdefault
8394a68cd1069910,inner_data
839903172a216225,playlistid
839a90fcc9a29f8d,colorblindtritanopiacolor
839cfc3d3ec4ee28,open_scoreboard
839e832c7b9ee2d3,reticlelaunchergrid
83a37cbe0ff0ead5,gamemodeingame
83a504faf30b5b03,rarity_can_show_icon
83aa4a260672797c,iselimgametype
83ab07ba26a7405c,contextual_menu
83b2eb4c430d935e,numberlabel
83c233ca6eb264f1,sticklayout_updated
83c31a9c9ca931c0,labeledbutton
83ce0d12b03daad2,cur_season_rank
83cf9e7376cd58f3,new_tags
83d202a22fe79d44,leagueplaylobbylayoutloadscreen
83da48432e752ffd,seasonaleventchallengecarditem
83dc4ad83c1a6df0,online_store_sales_items_warzone
83df22ca104a79e7,quick_prompt
83df6b3666431966,lightred
83dfd869a913b548,tacmapenablepinging
83ec04ea1979d9be,socialfriendstab
83f01af53901f998,ismouseinput
83f6349e1b12ed4a,teambbackground
83f638973e7c8e42,ingameprompt
83f962de6a84114d,getlegacyimage
840f1d321b128855,palette_team_colors
840f7902b2bc2eda,idleanim
840ffb8b9488151e,textboxborderwithcornerright
8414a82502c76618,emblemsgrid
841633345507bdc6,mousecursorcontextualmenu
841cdc7bdabdc6ab,limitedtimetagtext
842414f9cf760d8d,loadscreen
84251ed9979eb8b3,broadcast_sent
8426b7e632891c83,meters
8427e2dd6e189e07,uncommonsecondary
8429e8b8c45b9cba,availableprojects
842e09b184585eb8,asphaltdark
8436a6b5512f5830,pulsevisible
8439f02b6766a48a,barrackschallengecarditem
8443b579f0251738,warmblood
84491cd760fa5a61,match_duration_timer
844a279fe1bc8a97,reaction_data
844e3a38e6a65c29,isinuse
8450e13c9a48ed6c,bluesteel
84553caac3243e18,useweapon
8458eb81c3497d45,display_level_visible
845f377020bd2fda,current_phase
8460fb3cf8dbae32,getchyron
8464efd02f4285d1,can_wishlist
8468ecc2beb9e52e,purchasedhighlight
84735514f0bf4178,noanimation
8474d188ef664d7a,currentwidgetindex
847d7625f27930e3,islocked
84876a040f2c1146,ui_br_match_stats
848865429a469835,gethiddenwhenlocked
848b6baf4017e275,ret_sat_loot_s2rechargue_thermscope
848c5b3d74ec5c7f,isgasmaskvisibilityaffectbygasgrenade
84969a183afbee03,systemlinkmenu
849e63a4b31eaec2,weekend
849eb818e5118e16,isdisplaynametag
84a6a53409a3cf44,ui_match_over
84b10d3d956cec64,inventory_additem
84b26883aaeee587,ally
84c4f3d6a12a1bb0,getslotname
84ccebb96335d4f2,getexecutionid
84d65f509612051d,isdmzbiolab
84dad604fa31159f,showtacmapingw
84decd98485542b7,is_favorite_br
84df5cfbc1771947,getmodelforcontroller
84e0c6faf63f02ec,mouse_capture_lost
84e3ae483e371e35,restricted_attachment_list
84e78ab1c3ac262c,squad_selection
84ea908dd21d605f,ret_cer_loot_s3pink
84eab9079be94452,genericinnerbutton
84ecadd657ff6358,buttonwz
84edeae4967b5f65,leftbar
84ef8c25ebdf6f62,reticleminireddot03spider
84f0a39e4d424c66,prematch_countdown_can_show
8500b347e1acb446,specialchallengeobituarynotificationtext
850271e9d5102141,hudeditorthemes
850a597c811c851e,circ4
850a5b7c811c8884,circ2
850a5c7c811c8a37,circ3
851097f39b51e3e3,ui_hide_zombie_boss_healthbar
85133b85790a4e86,setprojectfiltertabs
851dd6ade398677a,lichen
85203decde2b5adc,buttoninputs
85207caa4a4be11f,flyin_sequence_complete
85227d7b33113fff,motionreductioncontrolpreview
852451bc08543f2e,mopwater
852a858b476e9935,use_start_time
852eef512103a5aa,deleteweapon
8531fb10c66f6653,usedebouncedplaylisttiletraversal
8534ca76a104b349,ui_hide_objectives
853987fb3dd4b55c,unlockcriteriabundle
853b56b00381a56b,privacychoicestextbox
85404adf2985c978,onedigit
854a2b25ae687e7d,bradleyhealthfill
854f362740f618d5,aarui
8567650023d282df,progress_description
8567764948cdf89d,getnormalizedprogress
8570381cb3824845,bindingbg
8574a9d65872f624,button_f
8574f3cf14c535f3,toggleweapalt
857b9e7fa4459952,ui_keypad_press_back
858f5a63a9330458,buystationsellalldisabled
859185505f505540,shouldcheckformissingreticlepreviews
8591c0d2ddef68ca,isdefcongametype
859f5cea9e7c6688,ui_iw8_br_aar_matchbonus_stop
85a66f386792f815,ischallengecomplete
85a6c44af70b6d7a,issubmenu
85aaa9c24bde7d40,seasonal_rewards_array
85af0150cc5117dc,buystationslotinsuranceenabled
85b019f0b667d1ac,ret_sat_loot_s3bamboo_thermscope
85b072cb491c0857,refreshtooltipdata
85b18a7af668619c,victim_level
85b384c07850936b,enable_loadout_tabs
85b594077b9eeefd,isconflictgametype
85b7d0b3aea344f4,reticlesniperkilo98
85b9aa4a4dae6273,damage_feedback_equip
85bddff42a04298c,ret_sat_short_07_zm_holorange
85c0683db5f5569e,ret_cer_loot_s2ghillie_rangefinder
85c16805ff083da6,premium_pass_purchase_achievement_complete
85c4b5c0e80e3df0,vertline
85cd2093fcdbcd5b,unlocked_items_count
85d19eb8c9366ca8,ret_cer_long_05_zm_rangefinder
85df6496bdc359c4,ranktokenlist
85eb421421c3637a,is_queuing
85f0b0b700355f1d,duperewardavailable
85f25d7ed273db80,variant_name
85f26b761afda455,lightsuede
85f2fdda92a1bf13,unlockcriteriawinchallenge
85fa6b2a9dc52236,is_disabled
85fad6c7098d8f1a,arrowhighlight
85fb9e008aec1c31,reddotmagnifiedhybridprimarypink
86018c3557fee2bf,clientcharacterindex
86078cdc63d90628,__playercard
860b59eaf1145faf,getidfromref
860cb52d14d6bd35,prematch_buttons
860d8b9c77a32602,add_bullet_hit_marker
860e45eb06fb9dfa,gunfighterbuild
861306099a386f50,builds
8613b4b104eaee0c,blueprint_count
861acdfab67aae74,bottomspike
861c521554b1981d,party_state
8624b3a33a3b0221,ret_cer_loot_bong
862f7da2c0d3edea,featuredrankprogress
863087fb1965f2a6,updatenavigationdata
8633e07d04795a51,buttonatviclipboard
863a5b3417363f34,getavailablegamemodes
863b5849fe37e864,playersettingcategory
8646bb987e4cb8cd,reticleoutercirclefourx_classic
864ba66266cf3094,glowcross
86502b64cf016eb3,touch_button_hold
86636c500cd317c7,button_left
8665f1ac90d5f4dd,warzonetextdefault
8666b5f357e6ca86,hidebropponentmarker
866898a7e987b20f,non_empty_menu_stack
86697cb01098d10e,how_to_earn
866d916979068b1e,secure_state
86713d82133e037e,isglobal
8683d3c62f33621d,reticleargeneric
86905a9d902f659c,isdeltaeecodescanenabled
869133a79d829e70,allowteamchoice
86961b4aa1f4d032,pipunfocused
869ed6ab78ee7cd3,launchchunkwidget
86a394af2d0f5af5,reticlearbase
86a6d0d03ca182ab,reticlehybrid15b
86ac9fe3b7746677,gotostore
86ae52085e96ecc0,missioncount
86b038876a42414c,close_all_menus
86b8987f86559c76,subprogress
86b8ee714f122b00,ret_sat_short_03_zm_holorange
86c5129a2fe1c747,status_text
86d9afb756d37953,bordermask
86e413ad04f741f1,ret_sat_short_02_zm_holorange
86e486cde8071950,firstplace
86e4f0ddda37a469,armorhit
86e9702465e467e6,equip_slot_name
86f82f5a9df22ee5,playeridlabel
86fbecd1a2177826,subtitlelayout_over
86fd835a5a2eeea4,squad_member_color
8703cb673ca94521,ret_cer_loot_s6milk_rangefinder
8708c1d0f6a23fc2,channelchat
87094f68ea72219d,brcodcasterannouncementneutral
870b6980a1f79202,getverticalalignment
870b758136654d9c,skinpreview
870d37d2e40ba081,leftmeter
871d01157360c509,hidegrid
8721bc4a85447b1d,iskoreanigr
8729de0e7291b5e6,operatorwest
872dd4735d9b2ede,upborder
873031c5644686a1,isusingmatchrounds
873313566dfc45cb,ismultitouching
873d57df02934e19,buttonrightstickprompt
874319d7ee7b0112,lploadoutitemrestrictionwarning
8743bebf57974ba2,removeimage
8745b2639562cdf3,is_confirm_disabled
874d69d715905bd4,lockedtext
874dedef65210579,opensocialmenu
87532bc34cfcb293,grid_focus_
8759d6fa81bdd514,tagtext
875a5b969b1e1ec1,socialplayerprofilesmallrank
876178f99651b972,flyinrightnarrow
8762a7aee83a6ceb,pipmessagegeneral
876537e29fada7f6,contentfocus
8772eff48f8bc5f2,lui_ingame_play_again_enabled
8774b47816d0a657,keybindoutline
87769e6d6f93ee7d,flyinright
877c64b63823947b,isoperatorcustomizationenabled
87889a90d4aeaac3,reticleholo
87901277f6daec8c,hudbounddraggablesidevertical
87907aa43a0e6932,selected_weapon_slot
87990eb26b2661bf,blackcellmenu
879a8f571d542bbd,tacmaphighlight
879fa58ea7f37a05,attachfence
87aa312b9a84f375,ui_select_purchase_confirm
87aa835b1c872354,getobmissionsonboardingdata
87ab8597d2f96055,page_locked
87ac96a9f3238548,attachmentgroups
87b1c39295b5a6aa,issingleflaghudgametype
87b5bdf3981e6cf7,is9thgenerationconsole
87bc005bf0976a29,ui_loadout_copied
87c1b913825d1493,toggle_telemetry_option
87c31f250c40975d,isarmsracegametype
87c55a9d9b28066b,isenglish
87c8c104aec0b983,iscapturegametype
87d0dc0a99794a68,usingloadoutflc
87e0918d3a1da848,completionref
87e11ffb8df1fb90,iskoreanaccount
87e565f140a805da,reticlesniperdelta
87e6a90f00f98783,getonboardingmaturecontentdata
87e96886908ec1b6,ui_show_text_over_cinematic
87f141a1f4230baa,removeattachmentpopupbutton
8809fea7da687bb2,button_ins
8814b86f889a695d,fountainblue
88164cbc9baa77f7,key_bound
8819d87b1458eac2,bindingpreviewbuttonclosebraquet
881ddc7eaf12ecfe,loadoutbtntxt_idle
88209ae5a78477ff,ftue_id
8820f109b96fa9a4,withicon
882b86ae81c3bf94,focuslastitem
883a2066c7bc0883,tiertable
883a24eb9e702b59,stickerslots
883a437dbb6a4d53,pressonlyunbound
883b4c7c4d3cae80,show_challenge_progress
88411a61acb79ed7,party_count
8843477f2e779b31,weeklychallengesslide
8844ed2e998d1241,page_index
884504e18c842f5c,comingsoonmessage
88489e06acb7c9e7,lost_name
88546101f87a8455,getgametypebundle
8856b049a1e18ab6,statedata
885d2b16df43171d,prestigeattachmentlabel
88603589e649fe7c,ret_sat_loot_s5dronelab_rangefinder
8869dced702aa948,isteamexclusivelysameactivityparty
8874f0bdca7c9f6f,isloadoutcreationenabled
8877955908c71d8c,min_tier
8881dbfa9be65a69,isbrnotrealism
888e7ea815c40552,objectiveactive
8892ff498bc4b618,perkslotspecialistdisabled
889933152ae95c73,reticlepiscope01
889a6c8011663fc1,getonboardingwzarmorydata
889a985f979deb27,loadout_countdown
889eb03bda057ad7,messaging
88a02b7599f5b517,getitemlootid
88a11b70a654d333,customization_type
88b0f557d3c3b6d4,missioninterface
88b1f7d17d4e188c,challenge_ref
88b4a13483368ba5,loot_ref
88b608b2a8386802,active_streak
88bb01ff9642d28c,getplaylistdatafromid
88be9d0e55c3ce1a,getsticker
88c6fa3367f540f8,disableingameantitoxmessage
88c875f30687800d,ret_sat_loot_aerial
88ca90d3fa0a3057,ret_cer_short_08_zm
88d839b4c9c8a7b5,isgoldengunmode
88db0f8e5fc61c0d,tracerroundslabel
88db272b983b6458,getvariant
88dfa6c6c2a21b31,gaugefill
88e0f9dcb8da62f7,isbrweaponscaseenabled
88e2b370bad1dbe3,operation_list
88eb23f03542414e,ui_round_end_winner
88eb8f3620c03bdf,baselootid
88ecbb6660fd6e78,getstate
88ef09b503c912e3,attachmentoffsetdata
88f1e358c3d3d7f4,sticker_icon
88f6a7d3fa2f9257,ret_cer_short_08_wz
88f9210d4afcdc5b,can_show_count
88fa013cd9ef8364,idletransmissions
8903886a41e46344,redwhitebluedot
890411bc0348fd76,placement_text
89075f07b820da7b,tabtextdisabled
89189dd3fa4c67bf,ret_cer_short_08_mp
891c38c8b480d345,corsoammocounterrtt
891e6775c9c4d57a,matches_left
8921734e21673990,getrefreshratelist
893500eca98582ca,maxpartysize
893b91a6fc437edc,hidebroadcast
893d2d50bfe84125,isflaggametype
89469740efd3363c,store_tab_name
8947683b2b04d5ca,kd_ratio
894930843ebc9d7c,args
894bdde721da2b08,sprintinactive
894f6deb0b90819a,delimiter
8950fb071f902e76,camochallengelist
89585cb860bc429c,marooned
8963e26bf6c21435,label_text
896a3824943c7559,data_context
897a39f29abd59a9,noitembgalt
89814f942f588880,optionsheader
8988ffc72bbc6bad,lootpreviewscenetemplate
898a8547d215ddc0,shouldhidelockedflcslots
898b7d851015d924,ret_sat_med_08_zm_therm
898bd19b3c5a1d5f,emblemgrid
89a1fa44e2e03217,skilldesc
89a2d0d250223d66,large_image
89a2e22d095c6ed7,accentprimary
89a7b93aa9255dd9,updategunfighterunavailableprompt
89a89f23affce347,hidehorntab
89b30d69286bb69b,currenttheme
89b55795eae02ac3,ui_killstreak_ammo_cooldown_progress
89b6b41960c95785,rtt
89ba03a3163139c4,ui_action_park_arena_index
89bb9f093ca45005,objectdestroyed
89c80b8551e48def,closebuttonvisible
89cc60a3850d24fe,crosshairbottomzoomed
89ce3dcbb3f34ead,iskogametype
89ce540900c016d9,showbundleupsell
89d1db2d9d129a74,getmaxvalue
89d2ee133b244898,dropdown_button_unselected
89dee0a4a7a075ff,not_in_multiplayer
89e27fde491beb85,shouldshowcustomloadouts
89e3a2d72640f7a5,gunscreenhauntingclock
89e7772d75594bf9,leaderboardprogressionunit
89e9b11960f4ac05,rew
89ea2cc3d4fb4b8f,archive_replay_skip_forward
89efc41960f937fc,rgb
89efcd1960f94747,rgk
89f307a09c946169,atvi_name
89f77bb219fabb46,frontendendgameresultsmenuluaname
8a002a821515c915,glowypurple
8a0518029f74e803,warningdescription
8a072d325f01fa16,battlepasspages
8a111c7f3edf4138,actionbuttontext
8a15ac4a5a1f7d99,notelist
8a1c7aa2e96b1fb1,childrencontainer
8a1dfd724acab497,showfooter
8a1f368ac771eb57,current_menu_stack
8a2322310ade2e8e,rewardasset
8a28155da45eef78,armor_show
8a2a893c3b6a824c,frontendendgameusesquadeliminatedlayer
8a319b4c880f4653,inventoryslot
8a34951263bcc775,on_color_change
8a39a0735f498233,deathtracker
8a3db87f82c646b9,resizetowrapchildrenoncontainerresize
8a3e66f8380bb284,online_is_devmapping
8a3e806807d2dc60,proassetlist
8a413a9345d1fcaa,codcaster_fullscreen_map
8a4ba2a595ff9344,boothdrwhitepoint
8a536361a49c0b45,activate_achievement_popup
8a597c8a5b0fce26,firetypes
8a5f3c8ac7a7d97e,current_menu_state
8a66f3bfa430285d,ret_cer_loot_s2bp6_therm
8a67aedfd583c0d1,movedleft
8a74d17ec6fe4a70,starsystem
8a7a3e3c227f67b0,genopenbackendcrosslaunchingpopup
8a7cb8133e0cb4a8,completemid
8a81803e3403e6f3,bebeco
8a8689a416ba2897,skillref
8a8f188f10209e2f,_content
8a917cd305e68cc0,ui_killstreak_flares_cooldown
8a9409c8ecbd6f57,darkaccent
8a94472fdd924096,weapclassrifle
8a98acb6b1a81e07,texturedownloadcacheallocerror
8a9e77bddda7470a,glowinthedark
8aad95205dda959f,rowlisttriggerzone
8aaeb289506d2493,resetfilters
8aafd38a95ff1031,tooltip_description
8aba6933fc6cfb60,sub_description
8aba84dfe514e5da,hideinbr
8ac90a2525fa2420,actionslot3
8ac90b2525fa25d3,actionslot2
8ac90c2525fa2786,actionslot1
8ac9112525fa3005,actionslot4
8ace7de67b14c65a,friendly_team
8acefcb145742480,equippedoperator
8ad5eed8fe2ae423,from_code
8ad97521105342b4,ui_iw8_br_aar_combat_start
8ae007e284e3fc26,openoptionsmenu
8ae75a8f34e29a9c,live_dialog_text_box
8ae75f2b705aa29f,tacmaplabeldark
8aed57dce3d298dc,ftuecheckbox
8aed80c2fa5ac209,mpscoreboardstaticcolumnname
8aeef99a1440312b,channelservicerefreshtimer
8af5efe39c884236,menuflow
8af72d2f23fd5254,clanschat
8b0a7ea7b259caaa,iconandtext
8b0bdf76a53d9457,bracketright
8b0c4704316afb44,isvalidoperatorskin
8b0c5bbee084869f,ui_br_infil_started
8b0c7ecd0008228c,isonlineandsignedin
8b0f96371c3d3703,onhwconfigautodetect
8b151aa2f52eb980,vconlinkingaccountscreen
8b1820852fcb89fd,vintageblue
8b18d2ae51aa0a46,getbaseitemimage
8b1bd80cc2be15ea,ammo_mod_name
8b1dba366fcedeee,voicechattab
8b1f7dbdace987b5,default_focus
8b220108406cb608,ui_dmz_extract_successful
8b25e0fa8c9d23cd,ispleadingforhelp
8b2a5a8adb9b8b75,spike
8b2aba8cc0cf2197,bundleisteambased
8b3189d9b0df7166,animatesequencessequentially
8b4098ce79be7c38,useomnvarforstowedarmorplates
8b427651c51efb3d,groupicon
8b42e2e2ecf59f30,obituarycontainerwrapper
8b44cfff2cba8d1f,isprophuntgametype
8b4f6730afd34f33,skip_intro
8b599e3920205de3,reticleholotherm01altpenumbra
8b6553b4a02d87df,ui_popup_outro_shell
8b6bb2344d54f08f,optionslayoutpopup
8b6bb2b62501950a,bindingpreviewbuttonguillemet
8b745c369e735e22,by_default
8b8e4bed7a51dd1a,reportplayer
8b93b92bfcd410a5,ret_cer_long_03_mp_therm
8b95f35a1020818d,weaponscenetemplate
8b9b273158e90ddf,random_type
8b9f0026816aebe2,isleagueplaylfpdvarenabled
8ba35506a50f1836,socialplayerpartyindicator
8bab2941f8318a31,weaponcamolist
8bac9c98e8f8d885,colorsaver
8badbb201f2e8588,lui_dev_features_enabled
8bb0487d682c0149,title_text
8bb0775ea937635d,ui_aar_line_draw_start
8bb17cf50e0a9da3,goldtitle
8bb794e91c0b6ca4,settext
8bbcd2501244b455,lockedfocus
8bc54a87c3589f31,sethasextracharge
8bd07710ab3be3e9,context_data
8bd719020b9fa4f5,is_elder_first_time
8bd767a7e1f8180e,attachmentextra
8bd80f2292743c39,memberindex
8bdd2b29f21507e5,isarmorenabled
8bdd3fd18ba371af,ret_cer_loot_s35magic_rangefinder
8bdef13dbf3f8b1a,ui_iw8_aar_progress_bar_stop
8bdfc638f0749c63,update_active_toast
8be119003ed1f330,customizeselect
8be3b35c0c20e8d0,ret_cer_short_10_mp
8be3f09ffeebe452,full_name
8be42e2d0820d981,camobacker
8be751d68ffaa14b,gordongreen
8bf3089d3d40433b,ui_killstreak_boost_active
8bfc787fb17d852e,open_party_settings
8bfe4fd28ae0b92c,lootcheckmark
8c010c664217332b,sapphire2
8c010d66421734de,sapphire1
8c050a36e23b9905,current_money
8c0762a27b21f04b,mp27
8c16f71909bf3b21,sp27
8c1bd8f2ed48da41,gettrackedchallenges
8c1c15c14b75864c,openscreenkeyboard
8c1fb8a694660d60,reward_item_id
8c28ca7f026fe9c1,already_completed
8c2c492a41a20c0c,sa_ui_log_close_01
8c31d05c0c633b68,ret_cer_short_10_zm
8c3752807b6c8803,greendot
8c3bc55c0c6b7d3c,ret_cer_short_10_wz
8c3eb3c2ffa5c876,isroundbased
8c3fcd2b5216e055,missionselectbutton
8c40bf404e6dabd0,completed_sticker_book_challenge
8c4332b589a96e76,favorites_tab
8c48d1fedb3525de,emblemeditor
8c4b2895c01b72fb,classification_desc
8c501dfac297c954,isffa
8c563444bfc6e19f,getoperatordetails
8c587a10ec5d57c5,creationtime
8c58f68f1b37dd22,base_weapon_select
8c594396d213f471,iw9tacticalbuild_rusher
8c60096a18b9e110,toggleon
8c639edb642c1339,targetvalue
8c6b7ac5ceb0180e,data_type
8c6bb2fb9df384ce,leagueplaybronze
8c7037232b0f56f4,bundleupselltype
8c746997811e36ba,colorsample
8c7593948d4484f5,getcurrentseason
8c75d2406f997583,pipmessageundefined
8c78d2aa423be1c8,isplayerjoinable
8c79aa7aecb2e438,isplayerblocked
8c828a69f1796dfa,ret_cer_loot_s5leather
8c85b6575c1f2c32,is_last
8c891b6667147c62,showresults
8c89cb53f5d937de,purchase_count
8c916c770b5abea3,istelescopecdl2enabled
8c921a258a69e682,aar_battle_pass
8c92ac0bc0371f5b,presetoptionslistgamepad
8c937fdb4bc6dab0,camo_challenges
8cad03c52c0f80ea,iswarmodeescorttank
8cada599d66ec543,member
8cb05205cd649a13,glowsplash
8cb61a031c7f0829,ret_cer_loot_s6jock
8cb7da7de6a17514,sub_label
8cbf2414b83ba129,ret_sat_long_01_mp_therm
8cc1ca917bac9b49,headers
8cc5027069723fd2,game_refs
8cc7de62354f781b,fencedialogpopupwithprogress
8cc97070e065bed7,altonecolor
8ce6e8033182d3df,antiquecoral
8ce7618cef755586,rotatorwidth
8ce9041bc22acaf9,ret_cer_med_02_wz
8cf6a8fc0c4e7970,is_cac_button
8cf96fbc5ffaaf34,streakitem
8cfbba50b730b2d4,fixedsizeamount
8cfbeaece7495558,disabledstring
8d00c7455850c196,ui_iw8_br_aar_placement_rise
8d0c149470d44f94,summer
8d0ef39faef788c8,hiddenloots
8d0ef91bc24b8785,ret_cer_med_02_zm
8d1538892697457d,atlantis
8d17d58b02fef7f3,openreportfolder
8d19ab25b06cfdec,getimage
8d2d606e433353e4,fractiontext
8d340e1bc26ac771,ret_cer_med_02_mp
8d43dde44e74da9d,ret_cer_long_03_zm_therm
8d5a8ba1bf1556b3,cacheentry
8d5e26eee6496854,gr_veh_reload
8d60a26a785a5db4,bigmapminimap
8d6382b331864653,_slider
8d7287461df5065f,button_image
8d73fb2af4fd9184,getcurrencytype
8d802764248c8eb8,games_section
8d8237568eb1d1b3,breadcrumbcount
8d8747c0c19b91c9,leaderboardrewardsawardedstring
8d87cc22255a1f33,ui_iw8_aar_unlocks_reveal
8d8c4579349662c0,stripsuffix
8d91077f08b87dcb,bloodclot
8d97bb1dba188c74,weaponmeterbetterdark
8d99f31dd75fcf9c,scr_game_aiagentsinmp
8d9b3f0fdc503db7,buttonupnosaturation
8da40be736bf9e5a,brviplightgold
8da7afe36c1a0315,starmax
8dabfe1cc2c17318,isperkpackageenabled
8db9a5e90a8f46dc,frontenddisplaystoretabinweaponarmory
8dbe7de2d7477bb9,ret_sat_loot_s2firebreak
8dc990b1d03546d7,ui_plate_carrier_id
8dcc8a711062543b,display_progress_percent
8dcf9789204314e2,sticklayoutoptionsmenu
8dd1d0af528859be,scr_allow_custom_loadouts
8ddaec52a73d1e30,buildtag1
8ddaee52a73d2196,buildtag3
8ddaef52a73d2349,buildtag2
8ddde54179fba72a,sticker_slot_index
8de447ca66c0589d,seasonaleventseventpaneloverlayplacement
8de5a7ce6d443a52,buystationbarterenabled
8de6217b778b4566,leftpoint
8dec0375bfa87f3c,istelescopeeventdeeplinkenabled
8dec6daea5b5abd4,mictesting
8dec883cc77da67a,neutralteamname
8deeacce746c83e9,getfocusedpositionindex
8def41dfef536838,headermask
8df2a1335c503424,hithead
8df3f99f90377a37,timer_vis
8df5762b6517083e,scalestretchanchorfullscreen
8df7542a9347738d,ui_vehicle_ability_progress
8dfe2c9c6b0613d8,rankedcompatible
8e10a49f9aab08b4,retsatlootuapelement
8e1238fa4e716d92,is_relic_challenge_active
8e192095b2d22c48,ret_sat_med_01_mp_fourx01
8e1d7f557076c536,teamabackgroundalt
8e1dc665808d2bad,deathscolor
8e22cc0dc24aa66b,silvergrey
8e245feb951794f6,statictabindex
8e24aa176c1dff7c,moderateblue
8e251fc1613f95cd,getdisplayresolution
8e277d4a84f262d7,current_week
8e34ad798fd512a2,socialscene
8e3b36fe8d48e00d,ret_sat_loot_s5dronelab_thermscope
8e3d6a9fe8f56d05,nomembers
8e3efb84347bafa5,dailydownloadlimit
8e40d077971970ac,getbreadcrumbdescription
8e431a2b19fd1666,grid_focus_left_moved
8e49e9669e88b627,motion_reduction_control
8e4dbc20e95c2406,ret_cer_med_01_mp
8e509b910c08dfe2,favoriteloadscreens
8e518670cbaac1cf,mission_key_art
8e528328fa987e0e,add_modified_option
8e5a276c401e60ac,attachment_equipped_count
8e606b1af56d8ac2,palette_accent_tertiary
8e61aa296656c018,you40
8e61e46e512bdf65,gunscreencerwolf
8e6fa2296662efdc,you00
8e708f0864730315,gethasextracharge
8e71b9913582cc45,extramask
8e72a82966652fe5,you10
8e72b920e97b3b2a,ret_cer_med_01_zm
8e79b429666b62f7,you30
8e7f5e6d8adbddd3,keycolor
8e7fb853827999d4,fence_progress
8e82c094a0db0470,sourcetype
8e83b4e671b09b2b,emptyicon
8e8a4998addb9dd4,gridcolor
8e8c7ae9993491e1,getcurrentyear
8e948b6aa2be3370,oldlayout
8e97ca20e99a744a,ret_cer_med_01_wz
8e9ad03281dfa5e8,scr_war_allowkillstreaks
8e9bd0c4ace9a8b7,message_index
8ea4b6161177a717,max_child_challenges
8ead2ede698008ba,killstreakisrestricted
8eb19d30dfe98385,essencelabel
8eb6d87d32c7a410,seafoamgreen
8eb927bb555bc979,getcamoselectmenuref
8ebd91828e2ae737,is_mastery
8ec8eb8829942770,mapitemcolor_6
8ec8ec8829942923,mapitemcolor_7
8ec8ed8829942ad6,mapitemcolor_4
8ec8ef8829942e3c,mapitemcolor_2
8ec8f08829942fef,mapitemcolor_3
8ec8f188299431a2,mapitemcolor_0
8ec8f28829943355,mapitemcolor_1
8ec8f98829943f3a,mapitemcolor_8
8ec8fa88299440ed,mapitemcolor_9
8ece4b8b43c97f69,blocksound
8ed09a674daf58a5,forresty
8ed62fade28c66f2,getscorecost
8ee17ebf65958f95,icon_override
8ee1db4c19fe681c,presence_platform_msstore
8ef04c63b0074ec8,bottom20
8ef18695a4e53623,isattachmentfilteringenabled
8efabe63b0106503,bottom10
8f06f26437cd9464,new_cosmetic_config
8f07bf2027f34ced,arrow_alpha
8f0ededc333de7e0,phase_enum
8f0f31233b622385,getvehicletracks
8f1423dcd5b2af69,challenge_index
8f1b4004bb0b81a4,ribbonicon
8f1b6f9311a2cb59,navydark
8f1c345d21e1a24a,animatesequenceifdifferentfromprevious
8f25b8cc846606af,update_game_mode
8f2a95fec11e1817,getstowedweapon
8f2b7c509c64d9e0,isdmzbiomap
8f3234c0d23664a0,is_exotic
8f3741b242fad49a,thirdslot
8f37962b3a21513c,lootlockedoverrideicon
8f3a5fe215cbfcb8,streakdivider
8f40dadc927439aa,weaponmeterdark
8f4fb83b3e81d92a,tournament_inprogress_popup
8f5788ec54e417b3,getregulationbundle
8f5ac6067dd78f61,refresh_player_details
8f61b315937b2672,reset_value
8f682fd660ca1371,chyronaxis
8f74324d783160bc,damage_texture
8f770017fcc1447f,subdivisions
8f7d78847113008d,buildemblem
8f80ee6e68c1e0bc,hitheadspreadwide
8f811191407c007c,killstreak_weapon
8f81557ad7ef717b,classifiedicon
8f819bb4285656ff,currency_amount
8f850689f0df3c01,map_count
8f910bd572de9504,reticle18hybrid
8fa18005e1708406,holorange
8fa5666b92f997c4,meter_name
8fa8d80096230ce6,hud_layout_list
8fa93d9f513fe610,mpscoreboardteamname
8faeeed567b1b00e,minsize
8fb0a188fff69f35,ismapspecific
8fb6785d72ec7fde,current_season_number
8fb6cde0c0bb1bca,party_max_size
8fbc9a412fe1d213,setlastinteractionevent
8fbfca8b52a47a89,activatingtokenslabel
8fcb7aec703465f5,isauavscanpubliceventenabled
8fd432bbd5c42385,ui_aar_item_card
8fdc9a312cc68902,basecorners
8fe0e896899478d3,isfavoritesetting
8feb33ba5638e6d5,maxlevelreached
8ff192de7dd0381a,getweaponstats
8ff6268389fd4aad,islocalplayer
8ffc2eda312ea0ce,hidename
8ffc9ee7906d5c3a,sender_name
8ffe56c9fbcf3688,createchannelbutton
8ffef3cf820c003a,category_data_source
9007993a1adb5a2b,addmenu
900de167907c171a,announcement
9011c1a90631cb2d,whitedot
901bb0e8c052211c,arepmcmissionenabled
901c55a7e3f9171d,cement
901dcd4c0d47d640,tabtable
901e7a825e72c726,camosgrid
9024f5b6b42b779f,aestringref
902bb81205f2a31b,menu_online_ended
903a1d04465b6f5f,archive_replay_slowdown
90410b62f43d505f,is_custom_showcase
9041543d1bff628f,operator_skin_name
9042e610701aea5d,ret_cer_loot_s3over
90436f1e6a48184d,friendly900
904c173010f4306f,rightlight
905983b4c8b3562e,arekeysenabled
905ba2e70cbf8227,ret_cer_long_01_wz_therm
905bc0b1e7dd683f,mutestrategymuteallbutfriends
905e39facbed36b1,advancedcolorpreset
90618d1bdd252954,focused_tab_item
9067bf8bc85d167b,reactions
90754f18d613cff0,allydefault
907affbdf870469b,stat_name
908e1652e8174f2d,unlocklevel
908f517828e46265,sendreportbutton
909b53405523eaf9,ret_sat_loot_s45slim_thermscope
90a668f606742e82,initingame
90a6d4955c528800,gotoplaylist
90a9d604d75eda74,reticlehybrid03vday
90ae2263dad85038,skeleton_image
90b04482a8649cbd,blueprint_tuned
90b2a327de18bd35,ui_store_select_confirm
90b5555b8c41b862,_lastchildactive
90b976de573aecf2,loot_table_filter
90bf698d3c1d49aa,_inputdisabled
90c05c2dfa66f00d,_lifetime
90c1a18871b043aa,chelseacucumber
90c28a7693e986d4,createoptionlist
90c659c4b385ac97,minimapwrapper
90ca94384ebd407a,getgamemodedata
90cb98543e7ec137,fullname
90da16ddbc2faf3d,ui_iw8_splash_tab_free
90da8c4ddbd30c1d,areallvictorychallengesunlocked
90f1dcc2abf38fbe,playerlabel
90f4ab846bc63c4f,frontendplaymenubuttontext
90f727afee3760ba,not_equipped
90fa505e0673f5b5,unlock_count_text
90fbb3b3c5e2d1e7,mp_experience_tick
90fee44584cf1a8d,factorydata
910151caf5f017d1,create_preset_warning_banner
910bf81a0ee29fb2,hudenablecolorscorefeed
91122255e4ed04fc,updatehelperbarprompts
91149ae88d063f45,isingameaarprogressbarenabled
911978639f545d44,ui_show_objectives_update
912ac02099c52858,subheadertxt
9137a84365526f04,hud_theme
913de27bc6b9c5dc,colorblindenemyteam
914564439f264bc4,seasonaleventtimer
914593b1fcd3cc98,maximumsliderbound
9152555c62929c7a,overview
9152eb333455c7bb,gameplayprogressionstats
9153f2ad6caaec39,show_loot_image
9154f3168dd00178,receiverdata
915c717ba7b2ae85,is_current_season
916db7670936967a,emptyparty
916fb72966009457,istacmapinfoheaderenabled
91729306234dda5b,standardgamepadoneaction
9172c9c16d34b124,isleaderboardskillswitched
9173e53313177bb6,fencedialog
9178481c84e0994d,socialpartybuttoncontainer
917c9d0a9311dd77,reticlelaunchergustav
917e90f7a858c6b2,accessorycustom
91803ab3da793832,palette_perks
91821b29f79f9a89,iscrossplayfriend
9182e54f71494db6,input_latency
91853f297dfecb6e,typename
918781256eafd1a0,announcementlabel
918ccf283984858b,active_sp
91917e04b0105e6b,modefencepopup
9199f378b0b295f6,ui_zm_current_quest_step_progress_max
919db983d47d3f4a,isdevmapping
91a1a6751c5aedd5,random_operator_ref
91a29340372b894e,rightnumberfifty
91a4caa7513d3280,defaultemblem
91a74c17b62222a8,canquickequip
91ae5fbbf5848ad6,current_tab
91bdf80911ea8dca,centeredmatchstatusscoreswrapper
91c334c33ef92997,headerboarder
91cd011fc39b033b,masteryobtainedtransmissions
91cdcc6a5d9f0b4f,getonboardingmunitiondata
91d063ac5981df56,styleguideraritylegendary
91d770cce9644116,claim_mystery_box_loot
91dbb1087bf1886c,rocketred
91dbd9ad91b76fd5,equipped_operator
91dc14759ecf96d9,create_account
91dd1d41115bef75,featurednotificationtimer
91e21f4d78727b97,button_stickl_updown_noswap
91e309a9c4988b8a,bradleywarning
91ea0f16d73a5657,elderprimary
91ebf88124797921,previous_category_name
91ee241fc4637b3b,is_double_xp_active
91f899196161fc73,playervelocity
91fe918e8712b1e7,getdefaultcallingcardref
9207f20b28c936b7,ui_match_start_timestamp
9208827e2f6e500a,secondarybgbounce
920ae8748fb0be29,tier_name
9217408ac834f36f,prestigetextbacker
921a4485815bd3cc,ret_cer_loot_s2bp8_rangefinder
9223faa8820e52d3,blockplayerpopup
922dac7c79f80c1d,unlock_text
922f34635e3ee536,number_text
923f2b9093acc0ca,getcardname
924656f78494a5c4,buttonaltone
924a647203277e3b,bundle_sentinel_ids
924daadfe2388045,weapon_model_loaded
9254179f2d663603,resetposition
925d4aabdb3d77da,unique_elements
925ecdac112ddec6,styleguidecool03
925ecfac112de22c,styleguidecool05
925ed0ac112de3df,styleguidecool04
925ed2ac112de745,styleguidecool06
925f7c0eed3a635e,codmas_clash
926978954933eec6,blackcellborder
926b247c36d8ecbc,all_games_section
9270c431dac109ba,secondary_swatch
9273bc1fa881f2e0,torchred
9279028740f33dea,soundrewardunlocked
927ccdaf0cc0b99c,layoutname
927d8a6d3a33bca7,crosshairright
928315b3f4e17850,streakoff
9285fb8e8657ac4b,ret_cer_loot_s2wizard
928ab932c3320de3,white_point_updated
92941d39a6a5e2c3,selected_section_index
929f31e8b9df9e5c,allowhudbelow
92a0e312c4137b3e,sethudoutline
92a27b9b3dc64ec3,textbonuseffectdmz
92a83057172e6436,bindingpreviewbuttonopenbraquet
92abda43c8fa1d06,how_to_play
92ae4079d9a32a44,cfgcolor
92b056872f545589,traindisabled
92b0febed3cb197d,weapongroupheader
92b3389a1a713935,genericiconinnerbutton
92b7b21ff86df53c,getplayerbuttonaction
92b86774d02763a6,isusingaspectratio
92ba6fb85370d4f2,partysettingsbutton
92bcde9bcfc8c99c,update_network_icons
92bde76887ce454b,decimalplacestoround
92d1bb6ac793cb7f,attachment_items
92d24cddcd1a49ad,shotgetindex
92d87cd74f837222,maxleveltext
92daaa7a266e4694,loadstyleconfig
92deddf4feeb2a46,setupposetween
92dee9f8b96eb695,continue_button
92e58dfa715658ca,selectedindexplayerprofilesetting
92e5e838c5b4e18d,isfollowjumpleader
92eab902f6509817,branddataref
92ecb4a6fdb8a3ed,update_text_chat_font_size
92f04557bcd008ed,quickplaypromptstring
92f04966eba1c1a6,lui_mp_intelMenu_enabled
92fdee3d6bf827d8,ui_aar_circle_hit_keys
9301f531a6298010,bindingpreviewbuttonf8
9301f631a62981c3,bindingpreviewbuttonf9
9301fe31a6298f5b,bindingpreviewbuttonf1
9301ff31a629910e,bindingpreviewbuttonf2
93020031a62992c1,bindingpreviewbuttonf3
93020131a6299474,bindingpreviewbuttonf4
93020231a6299627,bindingpreviewbuttonf5
93020331a62997da,bindingpreviewbuttonf6
93020431a629998d,bindingpreviewbuttonf7
9304d18a85bb1520,refreshslidereditboxanimation
930727d8c22a42c7,lui_magma_squad_fill_enabled
931872a3627666de,groupreport
931aed6c0d7ac85c,hudeditorthemebutton
931dba90cdbeaf59,perf_avg_fps
9325a64871e86949,reticleacog
93281f321991cace,activegetimage
93287027b48921fe,top_row_tile_position
932d6bf28c259fc4,top250_rewards
932f2d0141d8e8aa,forcetoeventbootcount
9337dcd9f3977cb6,elevation_image
9338c7a3cee3ed8c,update_crm_data
9349ec9f23c4ef2a,emptyslot
934a85cefd4e808e,playbase
93743ab911af47b3,setinuse
93750425d9d1077a,sequoia
937630c4b2563c5b,bottommeter2
937631c4b2563e0e,bottommeter1
937c994356d4e0ac,ui_show_objectives_title_inrange_force_show
9380cefc93ffebc5,jup_reticle_steyr
9382f28e23070703,focused_item_index_weapon_build
9385bccff9188ca2,activeisbigmapminimap
93882706985dddf6,opentrainingcourselobby
938fe4d1018a262e,gobblegum_vis
939a1fd9dabf7e30,ftue_ingame_enabled
939b6f9be9384de6,headertextcoloroverride
93a11b31838eeb2b,titles_list
93a219eaad27c10f,kbmusedirectbutton
93a9337f11ad11d7,howtouse
93ae8b8346145dd8,reticlethermal01paranormaldirectional
93b0558709c5670e,sprint_based_data
93b1067e50b1b1ee,_focuseditemobserver
93b49fdaaa433c01,kronoslayout
93b5783b79ddd928,ultraskin
93bd81f4a278e5dc,ui_cpmission
93c3bda33d2c89e1,clip_buttons
93c56f82cc3983bc,dataprovider
93d4e70e2342ea23,sprint_state
93d8c3c05182b116,bradley
93dc63bee94c5373,gridsetfocusedposition
93e3bdca239ee148,event_data
93e5a5179e2ad107,weapon_blueprint_ref
93e6d31d5b16b490,endingsoontime
93e759ffd9064a78,ammo_not_in_clip
93f0417a769a0581,gamepadbuttonup
93f093c80e1c9325,tacmapretainzoomlevel
93f1dbfa9c1f754c,generic_widgets
93f7db15097761f2,movelabel
9401d4be82ad4478,weapon_item_details
940e73b7c2bd48f9,focusedtext
9410ee95687eafe1,gettakedownstylelist
941848bc299de312,raritytag
941bcdd945b1b250,buttondpadrightprompt
941d6c9dcd3def2c,getweaponimage
9424cdfae3c51b41,platformps4
9430c5da84861edd,islanguageasian
943e5e5f52cbfc6f,zmradiation
94471badb17cdf57,nobacking
944d6327885c0bb4,bundlegetname
945a3cfed05497c9,current_mission_string
94648af3ce690fb0,chromaticred
9466e666d781c87c,tagging
9468f53f2a51cc1e,invitation
946be385c5b8c5f5,centerglow
947030bd4454d37e,cerberus
947544ccd4e2d82b,ui_pac_sentry_controls
94769831e21d33c5,random_button_image
948293cdb358ca79,socialchanneldescription
9483f75955c98d18,getentitytype
9485146ef0fde29a,cfgname
9489a9902e6c5bdc,darkred
948ae3c5e5cf3830,ui_zm_current_quest_show_leaderboard
948db771678893a1,force_reboot_popup
949bb58478d181bc,selecting_category
949ed9e36f91969d,starlow
94b347de60d8f6c6,battleready
94b9f17187689825,higherthan
94bbd8bdf7d4dfee,reticleholobase
94c584028ae4adc8,ui_outofbounds_tick
94c748fba6734a8e,victorychallengesnextrewardimage
94d4004af9e1f230,join_party_complete
94d4ddab84682cb8,hippieblue
94de80c1ca436232,getattachmentdata
94e43096c70df215,requirementref
94e841e260d95439,isvoicechatbanpenalty
94ef89ccc2d079c9,fliron
94f361b26a27f782,playlist_button_height
94fbf5cd34c10a89,secondslot
950249f973b3648e,isarabicsku
9503c30bfc7440ee,damage_type_override
950e51e68c91b8de,keycard_count
9512e7123e2dacbf,reticlehybrid03altvday
9514cf3f5dc811dc,ui_killstreak_smartgun_state
951557cbd08dbf4b,ret_cer_loot_s45diver
95156aae04eaddd8,ui_hud_shake
9515719fa7c5bb5c,weapon_build_preview_title
9517a1ac23e4db62,commerce
9518d0335171c1c9,techtreebright
9518e0e482c98820,movementdisabled
9525441d58b4bd54,staticbar
95270dbac8dc3b02,santavfourx02
9528df9705c61149,weaponbaseselectstate
95303bed50eb81b9,is_weapon_setup_initialized
95324b2cf99d188c,warzonepremiumupselldiscountlabel
953e1bb80cbeaa82,tierrewardlist
9545492f8017c022,ret_sat_loot_s4circus_thermscope
95519bc01f652618,is_hvt
955b302995d9421f,colorpickerprompttext
955d736fe381443d,ammomodbundle
955da50477542b3b,biometric_scan
955f74b3a018e360,bonusperk
95613142652e9003,iswzleagueplayloadoutsenabled
9561fa3de2335cb7,current_tier_text
956d4311617eef94,interaction_event
9570374794b95209,party_indicator
957584d879dddb6c,is_frozen
9577330baeafd4c5,leagueplay_top250_updated
957ce0143b4c0f40,getloadingmoviename
95807d5cc2e77e8f,outofrange
9585194eb27911ee,textbacker
9586da471520de0f,weatheredslate
95888d9cc5e3302a,mission_select
95896049010a7079,skinvariant
958982847887f714,operatoreast
958c43ad68f34115,dandelion
95952785de5ac983,is_in_redeploy_zone
959716501675fb28,headertxt
95a632c5226d0dda,current_season
95a9992f9665c628,getplatform
95a9e9397a9578f5,power_active
95afb19b3e58e82f,brsquadinfocontainerwrapper
95b47af825248dde,istacmapgulaginfoenabled
95b4dd730f280bfb,alert_has_token_gulag
95b6bd358ee022af,availableoffline
95ba62e8a387420f,obituary_kill
95bbca2c069b5738,dpadleftcolor
95c1e637b3453e5f,nochallengestext
95c21e010a89984a,unlocksgrid
95ca19fdb83097d0,isvoteyes
95cd2d4509ca81e0,menu_nav_next
95ce68cab455b2f4,killer_name
95d21d0d25f61825,hold_options
95df5ad6aaac03c5,crosshairalpha
95ea6a2770a0e914,weapon_camo_category_list
95efc5519590e065,firstslot
95efcd01d5eccd4e,getuseweapon
95f1254373bbd899,victoryflames
95f717808e23b81d,cdllogo
9608331f2f7c7f7d,getprematchchallengeprogress
9609ecb20a8178dc,bundleupsell
960f9f441ac1f2f2,show_bg
9617022a0815ac16,show_distance
961778708e83aaa3,pauseprompt
9618940f0c5e6356,setalwayssnap
961aa8fa0ae2c2d1,leftsegment
961d47d41491b89c,viewparty
96219d0b63450110,supermeterprogression
962400405f9f3c0b,onlinegame
9628bb4787ccf343,getgamemoderef
962aaf6b1b0a7b39,equipped_weapon
96331c898a9503f7,loadoutoptions
96376432b415b880,underkilldefaultsecondaryweapon
9639a552ba4f2d60,party_list
9641122d9806fda8,getconfigstring
9641c61082710987,hoarfrost
96459d74afa793e1,buttonhelper
964d4c1ebfb9737f,fuel_meter
964ded8711fd1da3,ui_iw8_br_aar_cash_start
96533577483d1b88,ui_loadout_drop_use
96599d5c445a6cf7,handletouchmove
965e8f24a4ebfc75,arepartiesenabledinmainmenu
9661fafa051521d8,zmmask
966c67e4a4a979d0,getonboardingmilsimoperatorsdata
96729eca64ebd580,gridbuttonup
96786d9572347091,leftglow
967992f848f85681,compositemodel
967e81d3438a1113,page_type
967f7ebac17ac7df,ret_sat_short_02_wz
967f95bac17aeef4,ret_sat_short_02_wc
967f9f175b0766ae,ret_sat_loot_dotblue_alt
96812cccca37773e,showcase_name
9683700d5363154e,seasonaleventsystem
9687811ca0190278,minimize_chat
968987bac1832baf,ret_sat_short_02_zm
9691699877044bb8,opening_quick_access_menu
96960bcafdc2efc9,buttonoptions
969cb2ed4f69d3a1,isability
96a174df5efafedc,expandcollapsedetailsbutton
96a2a3ee042568e2,combat_feed
96a3dfb32884e55b,ui_mpmenu_match_found
96a799f298547e8b,psowarningpopup
96b07f922a02b4f3,horizontalline
96b1d28104a3113f,disabled_string
96b356fce44c99cc,tint_color
96b65b4278c6c417,skuid
96b8bede70df0cb1,primarydark
96bd770a93dc9033,nameplate_display
96c6ab0b6fa834db,isinfectedgametype
96c6e9bc1769c076,categoryref
96d2df3ea76de373,isthirdperson
96d5324346888c8b,killcamwrapper
96d5cd534d7b0f3f,togglelist_bitfield_animate
96d884bac1c6fae7,ret_sat_short_02_mp
96dd9f5fa7204d3b,gunscreendigitalclock
96e59bd9f6df4bd3,openplayerglobalpanel
96edc7567a9b50d4,ui_ob_damage_skill_level
96f1c89b3f04cff7,objectiveneutral
96fde87899e29e9b,points_delta
9705fb2f8591f660,opencamochallengesmenu
971a7c3fd962e643,ret_sat_loot_s4circus
971d869dac65af76,no_header
971dc8e7e48a9b59,featuredbundlespreviewimage
971f0294a975c465,getchallengeid
972dfe4551dd8a85,attacker_hits
97326c8f4fd5a31f,current_level
9740c796edadd4e2,overridevalue
9741180a5eff7fe0,assignplayerteam
9741d224dde8083a,battlepassassetlist
9744d69e81d293f8,isaarfullviewenabled
975984a562173433,lock_reason
9763d265342ac15d,is_field_upgrade
9769cff3dc8b70de,isaigulagenabled
9777a84ac41288d2,getonboardingfieldupgradedata
9779a58a1bf7f9fc,interactiontext
977df24446913006,difficultyeasy
97807cd843b0b185,crossfade
9789ff0092372e86,labeltext
978aa434bd9e5ab7,ui_reticle_snapshot_lens_charge
979e90a5683ce041,stickerref
979f3b6f9fc74228,lui_pc_build_version_check_popup_shown
979fac7eedb8c777,celadon
97a68a1e6e1ab138,friendly600
97a9855f96a2ed97,element
97b061c46c9317a3,selected_team_index
97b3b2b73b53eb34,getplaylistid
97b7686ba0ae9b6d,event_period_post_state_ended
97c1042f7791c409,loot_item_transaction_error
97c8a3756a469f89,squad_voting
97cdb374d95354e9,superref
97cfd1addb8c5b49,isingameaarenabled
97d064c7c2137a8c,focus_objectives
97d538f66a7c5866,classificationref
97dac0015af4cbe4,attachmentscontainer
97f744c5973f8ec1,buttonblue
980136e5b9794716,new_attachment_config
98023893c35272d4,weapon_icon_visibility
9809897ed7e43df3,ui_score_streak_cost
9809c3dde284630d,getpercentstring
980a0e37c101ddb0,thickouterleft
980a295342f86720,current_operator_faction
981159b8729efdf0,leveliconselect
98136dd0d0dff096,getspectatingplayer
9814ae48069fb6be,optiondescription
981f5bd4affc6f05,showonboardingpopup
981fbc468680fafc,ret_cer_loot_bank_robber
98377482cf6b1b16,spinner_inprogress_popup
983901ec4330fcb7,updatescoreboardheader
983adec383b39a01,ui_conversation_entering_line
9845299c997a88b8,not_in_use
98457273797e5ac7,obloadoutmanagement
9845f9f2a061f678,mandatory
9847b6e63ca7a0dd,sidechallengepreviewweapon
9853e529c5dc3c06,tango
9861b3021b9af6d9,hudscorefeedshowduration
986429cfa422cb89,vote_yes
98664b28ddbf89f5,darkbacker
986b37e486024e3b,weapon_tab_buttons
986b7069fd91c26f,isarenaorbrgametype
986e454058f63bc0,vfx_tag
986ffd6a15ecd7dd,icon_visibility
9875b19383bba11b,selectscene
987eeb57c1302b3d,ui_9bang_submunition_count
9880965fd6e8f130,salvagelabel
988558c644cce437,activity_tracker
988c743c4fc0d9c6,restartgame
988fac238442c8d1,blueprintskinselect
98950210dd765d7d,is_ready
989ec310e07d262b,itemimage
989ff6be07d7f418,jup_reticle_hybridsn_xl
98a84dde6df1c5a5,linevertrightcenterzoomed
98aa90ca1d1c6204,alertequipped
98ad5e90a92ceeda,startrecording
98b1c632dbe4b2b3,hidecontentheader
98c64d4e5d21f3dc,button_global_panel
98cd588b8d0e2a74,qualityalt1
98cd598b8d0e2c27,qualityalt0
98cd5a8b8d0e2dda,qualityalt3
98cd5b8b8d0e2f8d,qualityalt2
98d51245e9afae97,defaults
98e1bfc623a1b3f0,codcasterneutral
98e2ef9edf583e0e,reward_large_icon
98ecda2aa40bc997,hasgameended
98ed2be6d303c363,opcustomizationcatlayout
98f03d7fa15a856d,fit_v
98f27527b05f7110,force_pin
98f2dc5da87b5784,featuredgrey
98f369fe3c09e4f5,loadout_operators
98f683c3a9033ce0,setup_focus_only_button_prompt
98f9e60ffcc4060b,reservetitle
98ff77583cf0bfcc,ui_store_cards_bp_smokecard_slam
990326a21401d8e1,menuname
990808aac6933c0b,loadeventdata
990976673bdbcb52,ret_sat_loot_s5gwall_rangefinder
990a009cb3794801,collectunlockdata
990cc84604042373,subheaderbackerdividerline
991d5921341c6515,showcasebundleupsell
9933b39aa77cba4d,isonzipline
99361eaf9a351377,skybreakadscrosshair
9936582a70315c4a,ui_killstreak_used
9936d6863ba941f1,ztron_enable_persistent_round_indicator
993b19aa21e9cf5a,isdeckthehallsenabled
993de0286f37bbea,enemykilled
993f9b5f5a344295,plunder_bonus
9945c043ee136a6d,reticlethermalanov94
994e8bd139ef324b,ret_cer_long_02_wz_rangefinder
9950c6e9426a3796,snapped
9955f975cb121151,iscmdgametype
9960e07fe875859f,ret_cer_med_thermal01_def
996139b2b137b6b9,damageoverlayhud
9967b1469ff74dbf,attachmentcolor
996de4a511bcff19,updatestatedata
996e8840e99be426,getperkicon
99795f88530f8653,start_cp_points
997a10fe39098895,sectorsand
997f51be06a8b6b0,nintendo
997fb6cb183d1043,image2x1
997ff856b45c2100,loadout_copied
9983ee2ddf783499,leavemenubyname
99856131fae3902a,flavortext
9987215a00b5e0c7,black_file
99877d942f19f9c8,members_header
99889ba4a5c9c191,hud_layout
9989f833c7fb0729,isexfilmissionswidgetenabled
998cfa2de65734a0,iw9gradient
999aaf2fd78ed6da,obituary
999b2d29c4307354,leaderboardlist
999eee78b1160c4e,toastnotificationclosingbutton
99af1d81fbe0f3d9,bindingwarningbg
99b69a9df3e81aa2,pro_content
99bdf8fd94be0185,setalpha
99c11d6597923e41,isswitch
99c7ef5028b86d29,playlistselectscene
99c92ceace770019,getclientmatchdata
99d7e0d6d8a58be5,initial_damage
99e10d6552cbfa39,statsheader
99e4a76197cb5146,ret_cer_loot_s2carnival_alt
99e8289745364225,updatesavebutton
9a04ad2d61631d20,locationselection
9a05ed7808cb87e2,uicountdown
9a0ad77c21955c3f,ret_sat_med_10_zm_therm
9a0bba3800562e41,supermeterinuse
9a12ba2066c321ce,getselectsound
9a174bc658e8d3ae,standardontoastover
9a214dfc3ccfdc4e,revive_progress
9a279eea9234ead8,iscivilian
9a2f3547d448ecbc,missile_tag
9a36c5ca59bf36dc,cambacker
9a3cc79939ee82c5,ui_super_ref
9a529b61c3779445,gradientright
9a54fda7d3171a75,isgamepadactiveinputmethodforprompts
9a55a02385e125d8,presence_platform_ios
9a62e86dfb2bbff2,isanimlooping
9a7a8df9da1e50c2,showpips
9a7bfc2fd99b07c2,battlemapseasonrecapmenu
9a942a5988ae4f3f,scoreboardgrid
9a9555278ca9e367,reticlefourx04vdayheart
9a95e13763c7614f,iscolorscorefeedenabled
9a96b0bfbf813ec9,menuback
9a9f77f951d72df0,game_data
9aa23d5157542f5a,ui_mpmenu_privatematch_popup
9aa821db8e1d8ca2,current_weapon_slot_name
9ab3b548cf1bcbab,showwebbrowserfromenum
9abca61099325f7f,blueline
9ac21ce53ce9d3fa,lootidtype
9acd63cbbe129eb7,loadout_select_focus_item
9ad3f45ee98abe32,armor_old
9ad66ddfea235bbf,channelmembers
9adaa69d1b664e28,secondaryaccent300
9adb4c980f158bdc,hide_static_overlay_background
9adc623a805c87c6,multiplier
9adecc8a2b696291,getkillstreak
9ae02465b3f418fb,iw9battlepass
9ae1877f0aa89504,ragnarok
9ae1e225e2dd2df4,getname
9ae207f658976740,circlecopy0
9ae4e719f449e3a7,tier_number_text
9ae7478263a79df9,getonboardingtdmdata
9ae81ef690132d25,prestige_visibility
9af131b98b4ea5d1,endbenchmark
9af8faf12da79772,matchmaking_status
9af973c99b3069d5,ret_sat_med_05_zm_therm
9b02da71d296359c,getkills
9b06ed217b56bb86,solarflare
9b1138884e6ec1a9,resultssubtitle
9b1252d42991a1e7,nickel
9b1bad59694aa6dd,discount_active
9b1da0f757d60629,ret_sat_loot_dotblue_thermscope
9b2082cbbaf8cb74,_decimalplacestoround
9b20bc867bef6443,optimal_video_update
9b45278da385d027,previous_attachment_config
9b4a19054377a0f9,goldhighlight
9b4a4dd8e61b3fe8,holdduration
9b4abdff5497e5d4,ret_cer_loot_s5alterego
9b4fd94942534bc1,revealeffect
9b55b0ec8fa095d5,bundleitemcount
9b5685cc89b75e93,ret_cer_twox01_def
9b579788a3e85fb5,getbwimage
9b5919ee7bf33860,getonboardingwzperksdata
9b5dacb9ada57a54,ret_sat_loot_aerial_thermscope
9b5e2d4db0c4d37c,getcurrentgamemodestring
9b5ed2035ae9e7ae,ui_show_spectatehud
9b5f10de5ca4516e,globalpanelnavigation
9b5fcd8bde3cd7a5,hidebundletype
9b5ff12dc4d14344,ui_mp_package_deselect
9b66736cdad7301e,reticledmscopevz01_darkritual_focuschild
9b7bb43b574dba3c,leagueplayiridescent2
9b83143c59202e09,vision
9b8851038ace33fa,buttonshoulderleftprompt
9b97b531d5b71915,buttondescription
9b9c587605ae214f,positive_modifiers
9bb09d6441403577,menu_title
9bb14b296de16337,barracksbuttons
9bb17f26d4d642f8,show_free_tag
9bb192e270d7ae0e,reward_card_unfocused
9bb1c4ddda7efa2f,lui_battleRoyale_practice_mode_available
9bb2fbd5dfe86553,killcamshowrank
9bb9395ffb847372,ismultifloormap
9bbe6fcb492b4064,getsplashtable
9bd8d55a3d61acf8,displayprogression
9bdd47d09953bd72,purchase_failed
9be790a4b6ef0fdb,getskilltracklist
9be79f941b1253d8,ret_sat_varizoom01_def
9be7a628c6671503,firing_range_status
9be9e71d66b792b1,buildconditiondvar
9bea04a713427de2,imagelargetall1x1
9beb7f12004ed12b,mysteryboxdata
9bf93a5e556e7b4f,ranktitle
9bfacdde819dd890,shouldlootutilsalwaysgetitemvaluefrombrlootfile
9bfe36514a7061d5,lowhealthwarning
9c04fbd2dfca597a,tier_bundle
9c0ed31c2b31853a,damascusbody
9c0f01ed52ec4b48,emptyfunc
9c10cdad178c5977,ret_sat_thermal_01
9c16c3dde2d274b9,killstreak_icon
9c1b2e69aae6d313,yellowlight
9c1ff94923864095,masterybadgebacker
9c20afe2d68a9e76,imagepreview
9c2593ca4082517a,addtowishlist
9c2814efa83cb765,isgwsquadgametype
9c316004c96c0dc3,damascusglow
9c37f4d5baf0c292,getaeeventid
9c3ec3be75e55c63,fencesigninqueuedialogpopup
9c3f49ada7620d87,reticlefourxaugolf
9c41304e1a49a6bf,current_quest
9c4230087f83f59b,extentbsharp
9c453d1de426d0bb,savedata_failed_popmenu
9c486a51035f3e16,is_in_preview
9c4f784aa5ce135f,layout
9c535cabc5da602b,iswzleagueplayprogressionenabled
9c5729df7cc09fd3,isbrtutorialrestartenabled
9c57ce117cd6f2d9,resetoption
9c5b0f92b5785705,private_party_size
9c5d2741a700dcd2,expandstate
9c5f315c94a9d2a4,ret_sat_orca_campaign
9c6a7a8e0366ce69,damage_list
9c6ac816516e12c9,ret_cer_long_04_zm_rangefinder
9c6b94ee5524428b,other_unlocked
9c717ff7b3550f49,musicfrontendgamemode
9c71df3f1841f66b,ui_iw8_br_aar_placement_stop
9c7642e91133ea6a,majoriconlarge
9c76508342c98755,selectedicon
9c77b2ade44d0da2,filtercontainer
9c7a1af490b83083,hidefeatured
9c80636228098935,victory_condition_completed
9c847a4445488efd,nest_expander_update
9c8ab6d7ecf96dd6,lui_enable_pc_achievement
9c8e3c364c9d1c9e,weaponmeterworsedark
9c96814a34b3c9d4,gpu_temperature
9ca37a69e8133a3c,handleoperationbuttonclick
9cb5260bd578d812,isinvehicle
9cb71bd683001296,target_points
9cc6418b17b078cb,goldendot
9cc8c81329e0bdbf,xblive_competitionmatch
9cc8e10fe8a93634,ret_sat_short_10_wz_holorange
9cc971d32fbc947e,base_perk_select
9cc98102c28d5730,ui_keypad_press_number
9ccabb4473ee9e1f,connection_icon
9cd51580cac48f9a,uin_hilite_gunsmith_gnsc_btlb
9cd65c70acb320ad,equippedattachment
9cd7417b626e895e,streak_omnvar_cost_table
9cdfb45895a7a762,mission_type
9ce046d1966ca3da,ret_sat_short_07_mp
9ce25016a6325b47,dupefillavailable
9cf353a5da898d37,crossgen
9cf63b2af0f81de7,gettimevalue
9d0322d1486ff6dc,teamsettingssubstitute9
9d0323d1486ff88f,teamsettingssubstitute8
9d0326d1486ffda8,teamsettingssubstitute5
9d0327d1486fff5b,teamsettingssubstitute4
9d0328d14870010e,teamsettingssubstitute7
9d0329d1487002c1,teamsettingssubstitute6
9d032cd1487007da,teamsettingssubstitute3
9d032dd14870098d,teamsettingssubstitute2
9d047ca84d2a0cfe,ret_cer_loot_s4versus_rangefinder
9d04c92283b6e5bb,isdmzbiobunker
9d137d7ea0efc2eb,text_tween_animation
9d1a63880967e525,iscancelcontractortogglelegendbutton
9d1dde983ea29f86,reticleoutercirclefourx04vday
9d266709790b619d,isplayerdataweaponsetupsvalidationresetweaponenabled
9d27b17fda877f89,phoenixtoolmenu
9d319f45fc1f63e6,ispcachievementsmenuavailable
9d33970381b1f4fa,killer_id
9d3e682a67fe4c9f,getoperatorexecution
9d4447b0659d0ba8,icon_showcase
9d4f904f25451be8,confirmation_message
9d5a3e53a2a44366,cercallback
9d692d3b48f37df7,mapitemcolor_13_mission
9d6967f6082d2391,weapon_variant_id
9d6c795af8ce33cf,tertiary_tooltip
9d6f3579a1c06721,chargedown
9d72a0b0b126bb3b,getcallingcarddata
9d7392e7191d702a,currentweaponclass
9d81ed18db8dc399,squadchanneltimer
9d82890e890c066c,rarity_name
9d8decccdb553536,rightbarcopy5
9d8defccdb553a4f,rightbarcopy2
9d93907caba4f0e2,textedit
9d96b0513f16d80c,isstealthuisystemenabled
9d9ba4998f0cf150,mimicnotificationclusteringparam
9d9f982c3e1bc756,contextualdata
9da3356a5d93c8c7,lockcondition
9da4bb9b6f46e018,cerulean
9dab4959a9c65261,ui_ter_weapon_pap_level_zm
9daf75d923e7154e,refresh_timer
9db1e8ce2dde567a,globalpanelnavigation_tab
9dbac1e0753c5631,close_dropdown
9dcab65722810d49,crosslaunchcodhqpopup
9dce2262b03f061e,loadout_description
9dceddc7d546ed76,alttwo
9dd506aedb78b29e,ret_cer_loot_fireworks_nye
9dd9cb3ab7645b24,team_icon
9de285c7721e3753,isinteractweaponattachmenthighlightenabled
9de9ccf4bd40375a,value_string
9dedca79bdf18df9,ui_ob_selectable_reward_is_jailbreak
9df26860749338f2,focused_item_reward
9df867ef7957771f,isbrweaponstatusattachmenthighlightenabled
9e005d96cf0273b4,custombuttonprompt
9e03cc2c52bb23b5,leaderboardfetchingstring
9e0540d996f08c7f,ret_sat_loot_s3cyberjp_thermscope
9e06109aa1fc329e,obloadoutmanagementinternal
9e0bb3ebf09d68c9,dot_grid
9e0c4ec1afc10593,aardescription
9e0d2aad56ae2a1d,focus_top_persistent
9e116ae6d3a54b10,ui_killcam_killedby_attachment6
9e116be6d3a54dd1,ui_killcam_killedby_attachment7
9e116ce6d3a55092,ui_killcam_killedby_attachment4
9e116de6d3a55353,ui_killcam_killedby_attachment5
9e116ee6d3a55614,ui_killcam_killedby_attachment2
9e116fe6d3a558d5,ui_killcam_killedby_attachment3
9e1171e6d3a55e57,ui_killcam_killedby_attachment1
9e1178e6d3a5719e,ui_killcam_killedby_attachment8
9e1179e6d3a5745f,ui_killcam_killedby_attachment9
9e15ef8c13880e31,takedown_prompt
9e1f18037c39b2fb,emblemselect
9e23ff7b1dc15036,iscoremultiplayer
9e25283b27c9067f,has_mission_data
9e29e2194a4cf9d2,tile_type
9e2a1b91e6f5a05e,infotext
9e2a9bbf6d76f6d4,stats_number
9e442824a3c29ada,prompt_label
9e500eea481f5523,ret_cer_long_02_mp_rangefinder
9e50297dd776ae71,is_active_duty
9e52c58f237b5a24,creamyyellow
9e5c1e1611f14c61,orientation
9e5e215cf4e7ed25,target_game_id
9e631969c6637d4f,tier_icon
9e681a8d63ca7279,aux_text
9e687f485ad8a522,acceptsfocustype
9e726aad9181cdd6,compatibleattachmentskinsinformation
9e823935d7010e3c,cart_widget
9e8395ddc454baf0,nameplates_list
9e85ee191fcada11,equppedextraperktic
9e89c408e098fe60,is_in_training_course_tutorial_station
9e8d607435b600b1,enablemapoverrides
9e8e9d44e405fc02,topsegment3
9e8ec221e38a627f,closecontextualmenu
9e8ed2495b3eab9b,emptypip
9e93957474e4c273,gobblegumpacks
9e9d22e4ebb645e4,showaarscoreboardafterprivatematch
9ea394e6f22ee0f4,child_challenges
9ea7c8c057bfafad,next_prestige_display_name
9ead41ec38038201,latte
9eb6f03ce00b632f,swatchfile
9ebe9dd4483ac756,friends_loaded
9ebfa8978f1df280,bronzie
9ec78665dbec1742,ispubliceventmeterenabled
9ec90125f2745930,proassettype
9eca2dde13903d98,shockwave
9ecacc0bcb6c207d,codcasterdark
9ecd74978f29d780,bronze1
9ecd77978f29dc99,bronze2
9ece145766c045b8,is_loot
9ecf228c8f1953ac,closechildren
9ecff6dc570a2433,iconbuttonlarge
9edc5ff509bb1f6a,subtitle_add_entry
9ee84b1bd81a0799,toast_list
9ee8ecd8da970f83,lineright2
9ef39088aebd7d2a,misctext
9ef4aba9f0f9dc19,isqualified
9ef95c2e2e13ac4d,getsettingeffects
9f051b0eed83e5ad,ret_cer_thermalholo_def
9f16e289cc7cebfe,unlockcriteriagamemodecompact
9f2521e290692d68,keyboard_mouse
9f26423813f4c5f8,duperewardunavailable
9f29ca0b02664748,swapiconoff
9f2a7ec16c886036,emblemid
9f30b166df84b81a,keyboardborder
9f3c2b3169ead794,ret_cer_med_07_wz_alt
9f3c631064acb172,revokefriendrequestaction
9f3eea1d6ac392f1,lpmenutitletimer
9f4289426c7d797a,reticleoutercirclefourx02_ct
9f43c7225f994510,store_bundle_preview
9f4ba1dd02bcaba2,jup_content
9f5c020bba783137,event_logo
9f64ece5da6c9c5a,playerradialprogression
9f66e4bb07331b8d,kbm_notification_prompt_answer
9f71f43c88d37b97,santavdot
9f72cb4dfb1c88e9,hiddencategories
9f74af5df376ea68,bosses
9f7c462b237d396c,rightnumberfour
9f7cf84b8d363239,ret_sat_loot_s35mumnight
9f7f871266349bf3,ranges
9f854224c8620dc8,isrenderweaponiconkillcamenabled
9f86853542d47e71,hc_fo_dom
9f89c0258569873a,portraitbackground
9f8eb826ab17729c,tiptitle
9f8fe4bce7f7aabd,weapon_is_init
9f920f88b4260eef,gunbenchoffsets
9f98e1b03a0fb5c8,calling_cards_list
9f9f1d6e0338b939,ret_cer_loot_s4infrared_rangefinder
9fa57f439e379558,seperator
9fae88be681cce09,scoreboardrowscore
9fb1038f3dca3e5c,isobstructed
9fb2bdb1ba5fe653,isinventoryopen
9fb753b6eb55a594,update_countdown
9fb80a9af87c7922,soldier_index
9fba51eda5c610d1,setupcheckerboardheatmap
9fc13d39a88c5d63,sapphirebody
9fc23185090d9433,darkeneralpha
9fc39f9eecdc42aa,removeattachmentaction
9fc5a14081d2d1db,objectivebackgroundcarry
9fcf6a854871ff00,search_panel
9fda220997e70447,getallcardswithchallenges
9fdeab749d8f74a1,scr_test_loadouts
9fea431fb8bca6e2,has_next_event
9ff74cfa45a17d90,progresstitle
9ff8791faec5665d,equipequipment
9ffab762cb680c96,disabled_alpha
a0036c08f45bef11,activefocus
a011e470cf9c92a4,ret_sat_short_10_zm_holorange
a0198525b6fdc0af,isbrtutorialmap
a01ad56cae825e09,fontstyle_xssubheaderbold
a01c8e76ca0c9d2a,squadname
a01d5521a3fab666,checked
a01e77901f7c21a7,isplayerinfilnamesenabled
a01f9e4e8031ea43,primary_fire_type
a01fe05019efe194,mod_bar_right_anchor
a023d8c363573b0b,operator_factions
a02521324f2289e1,isfrontendplayercontrollerenabled
a0284c881bd94e57,ret_sat_loot_uap_alt
a02f6cfe9466927d,getperkpackagedata
a02f710deee70f0a,iscoremultiplayernotrealism
a0321e3907cb8090,ui_bomb_planted_index
a03b7e6bef0a9a93,andnot
a040550cebe67218,wzstyleguideaccentmain
a04a36314dbe28be,doesunlockcriteriasupportgamemoderedirections
a04abbc66e9e126b,ui_sharp_loadout_countdown
a04dc1080a0fc8ef,misc1text
a04f180d88cc5dbd,progression_type
a05885df246972d1,getdmzgunrackforuser
a058aa6c88df2cda,menutype
a05bd1ce8b89d247,playloopedsound
a05cbd2819ebd56f,ropeknot
a05eaf4b31a59958,colorblinddeuteranopia40
a05eb04b31a59b0b,colorblinddeuteranopia41
a05eb14b31a59cbe,colorblinddeuteranopia42
a05eb24b31a59e71,colorblinddeuteranopia43
a05eb44b31a5a1d7,colorblinddeuteranopia45
a060f20b6a47184c,aretier1modehitmarkersenabled
a0639852de860669,combat_efficiency_string
a06faa4b31b4040c,colorblinddeuteranopia13
a06fab4b31b405bf,colorblinddeuteranopia12
a06fad4b31b40925,colorblinddeuteranopia10
a070d850fc0f9d0d,ability_speed
a0732b4b31b71516,colorblinddeuteranopia28
a0732c4b31b716c9,colorblinddeuteranopia29
a073324b31b720fb,colorblinddeuteranopia23
a073334b31b722ae,colorblinddeuteranopia20
a073344b31b72461,colorblinddeuteranopia21
a073354b31b72614,colorblinddeuteranopia26
a073374b31b7297a,colorblinddeuteranopia24
a0734164954aadb8,getunlocktext
a076b04b31ba2cec,colorblinddeuteranopia39
a076b44b31ba33b8,colorblinddeuteranopia35
a076b54b31ba356b,colorblinddeuteranopia34
a076ba4b31ba3dea,colorblinddeuteranopia33
a077120aecad53b5,damageoutlinedamaged
a07933d94dc4d28e,dummymiclevelsliderbar
a07fd1b01c431c43,skillicon
a08257f5d2449f03,ui_gren_ind_alpha
a0863942ae35402f,cer_season_5_w4
a0868ca3ee019bff,isdominationgametype
a08b211de05c3fe1,isfreetrial
a08d6a6751718f41,getcurrentgamemode
a0962be1ddab0046,gesturedoubletap
a09be26bb28d2728,ret_sat_med_04_zm_therm
a0ab61c52579e0fe,setweaponarchetype
a0acb73acb65fefa,matchstatusscoreswrapper
a0af63eec357784d,weaponlist
a0b7118a91a2f2bd,unlock_count
a0b9d7e5d82aba9b,bpaar02
a0b9d8e5d82abc4e,bpaar01
a0bca51e735edea3,friendly700
a0bccc6e9b56cfa2,triggered_on_gamepad
a0bf9e99f6621008,getspraybundle
a0c3cb5e33a8fa50,isdoublexp
a0c41e089dc4b473,ret_cer_loot_s3bdog_alt
a0c74166201d556a,update_button_width
a0c8cd1dcf5dc7c2,viewaction
a0dc55f48cd5c918,paranormalstaticteal
a0e602402ac1ff43,tier_desc
a0e830004d033deb,empty_list
a0e88c51344ae4b6,negative800
a0eb77949eff526a,execution_list
a0f464ff3f9ea524,meterverttop
a0f6a324640513f8,ui_killcam_killedby_item_id
a0f863e1ab424540,ret_sat_loot_chickenlover_fourx01
a0fb5b812cb29fc4,membertext
a103a244748f8453,unpack
a10450f69f62bfa9,shoulddisplayaarupsellpanel
a106547a267044b0,showwarning
a109339ff8e2596b,wave_respawn
a1165961ea67e3ef,update_focus
a11afeb4b85ea003,ui_round_end_reason
a12494ba6c3ba59a,brmissiontrackermemcontainerwrapper
a125add57952e9d0,mousedown
a12b6789d9636535,ret_cer_loot_s3comics
a12f68cd624c9920,challengetrackprogression
a1352050d57850e1,ispingmapbutton
a1391ea45544870d,gamedvrprohibitrecording
a13f0f66dfe0c8b4,rangefinderdistanceunits
a1474f0a1af8ee06,bordercolor
a149f13e359e2c97,questitems
a14d111c51784b6a,setfiltercommand
a14f6d1e96b76e7f,progression_celebration_reward_card_stage_complete
a15871730797ce4f,innercirclescale
a15c4ffc99d1e6b6,optionalparam
a15ff6c5a7b50a47,status_message
a164f77abcf9ed59,rank_number_text
a1678b7442456a40,azure
a16eaf4614b862d5,ui_intel_splash_close
a1767cfd7ede043b,bg_trial_mission_is_event
a177fd64a7297562,toggleautospend
a1824a9a46f763c4,minimalbutton
a185f2da74ef1b73,isrealismmode
a1943759901c5ab8,ischinese
a19a30372c7f7865,disableglobalwidgets
a19f9db1a64e7d05,camoscenetemplate
a1a5ac8d39d42cda,is_player_cranked
a1a82d75fd18630d,darkblue
a1af45768efd1929,listdarkener
a1bb11a71532523d,goldenenigma
a1c98261985924a5,getmessagecount
a1e327bfd8ab340c,mastery_progress
a1ebe22197cb5cc0,lui_show_turret_overheat
a1ecfeb308d63029,menubuttonradiowithdescription
a1f25de5f8e64323,challenges_height
a1f461dba48940e0,levelunlockstring
a1f48d33f086ef53,teamtextbacker
a1f8faf313a0e52e,red86
a1fcddd58bb6f98a,healthratio
a203c96d83af9824,goodblue
a207d6b3c4bd0256,reticleoutercirclesnapshot
a2084483267205e9,button_disable_active
a20b5265447ac2ed,label_location
a20d7491cab1866a,ability2_upgrade
a20eac4d6d50577c,displaytab
a20ed17ee200d022,getrows
a213a8b783950a05,uniquemedal
a2150bfc359d85b7,lpplayagaincheckmarkdivider
a2173b0b3533d801,prestigehint
a226e1ce62ac3415,tab_switch
a227e5995e4d9e9e,ispostgamestate
a22a2ce3f3774622,heliotrope
a22fe98b1693ebf8,subheader_tags
a238f3124703cc2c,killedbywrapper
a23bb777c7bee656,key_bound_banner
a2478ed3bfb72e44,ui_br_infiled
a248928160dff8e9,focused_tab_index
a24c31393f179117,current_level_text
a24e33e606db5d49,ui_using_super_remote
a25a388d77150b3d,party_code
a25d6fd82c38923e,code_value
a26426344ed41b41,coffee
a269d41b3cf47ce2,isinfocusstack
a2742e85471af61f,borderthickness
a27ba53534d13bd5,masterynameoverride
a2808cae8c0d0657,iskillstreak
a28682e93e2794f3,forestgreen
a28987457c9ac082,textfocus
a29680e4e30c45c2,getusernamebycontroller
a296d21294ca905f,instruction
a29c6076bee228f6,reticleoutercirclecrossbow
a29ee326d09f9848,interactions
a29f78ef9ffb3d2f,stopglint
a2a4fe1bbfe3b0d8,selectpack
a2a8634228c2d8ff,labelloot
a2ac5e24ec48a1db,reward_card_tags
a2af55f6cce12e9b,empty_list_text
a2b893a5728b825a,tab_players_list
a2bdaeb4decb1ae9,ribbon
a2be6b84b801dafe,commonsecondary
a2c738fee767cc76,emailerrormessage
a2c9b21dbefa9db4,rightnumberfifty2
a2d40de0e8070ca5,renameloadout
a2d4770532e2c971,ret_sat_med_01_mp_therm
a2d7d22fdb2dbc56,updateiconwithrarity
a2ded477258cf25c,selectoption
a2e7051dc9b2f988,pipoutline
a2edef5832018c4b,icantbelieveitsnotbutter
a2ef951427a36cad,item_ref_hash
a2fa09e6dd78e811,heavydamage
a30234759ef794d8,lootbackgrounds
a3094b9114c765ee,ret_cer_long_03_zm_rangefinder
a30a8ed28af898e1,lui_mode_select_enabled
a30df0eb2038978e,brightness_updated
a312f99e2e909dbf,usespawnselection
a319faf7a24d038e,rewardgradient
a31d1876d6b7ab37,checkmarkimage
a31e2f404a5ef2a9,scrollbarbackground
a3265b88e6a8e2b1,currentcount
a331ee224cf2db78,gunny
a3374f06dd8e0809,bindingpreviewbuttondelete
a339a4d977e24812,bsblue
a33cc6cfbb093304,mintdot
a33e388e051f5694,hasresources
a355321e21eabb76,customcolorsliderhue
a3583f18c08a2d2e,hudarmordefault
a358ec1ff0c833b9,role
a35aacdb1cad8b7b,region_difficulty
a35b590ad1837eb3,grid_size_updated
a35deb766c9a0dca,getattachmentslotpriority
a362a0fec5e3ba01,ischannelstextchatenabled
a3652149e51b1b43,variant_type
a36e4b2a60e9bc3b,dmzinventorymenu
a37e2194b1833ec4,miclevelsliderbar
a3808c618e9fd9fd,ret_cer_loot_s3pink_rangefinder
a387180e09f8453a,rewardtype
a389d5439a56c408,current_level_xp
a39077298cdcdaed,tracked
a393f26b847ec002,audio_visualizer_update
a393fe7f21c7af48,genericsplashwrapper
a39864d748316ee1,buttondown
a3997083052ef6e3,ret_sat_loot_s5dshake_rangefinder
a3a262f9f63c59e6,isdoubleweaponxpactive
a3a4c26bf67835f0,streamerhints
a3a5668bf1595321,usesecondaryoverridecolor
a3aab7f0e61a5a56,uin_codhq_highlight_tab
a3b3c9c0ce01454a,alive_count
a3b408b8506b0ef0,ui_hilite_gunscreen_bltb_bundle
a3b5edd979bb6120,bindingpreviewbuttonpageup
a3c4de628a817237,frozenblue
a3cd1a1d2b45eeed,weaponcamocategorylist
a3d5eeb4a3f842c3,type_icon
a3ddb961100b5f47,systemlink
a3e6fe51683aac12,showscorestreakvalues
a3ecb8b776ceed94,mission_is_completed
a3ed46cbc82c362a,cpbalance
a3f0c19d20aa7b93,secondaryaccent200
a3f2ce37281a3fdb,pulse_data
a3f5874ccc92584c,onstart
a3f76911d5bef8c3,defaultloadouts
a401af13367dea97,unlockableprojects
a40201e6999ae936,show_progress_icon
a4069b264774c221,reticleholo02
a4069c264774c3d4,reticleholo05
a4069d264774c587,reticleholo04
a4069f264774c8ed,reticleholo06
a40813252e932bde,headerlabel
a409e4c67236c70f,optionname
a40b687e97ad8123,getpresenceicon
a40f6620d4dc074d,bundleisnightmap
a421dc71dd31f102,reticlecrosshairspread
a42487ca692d1aeb,execwest
a424bd598ec94671,savingcheckpoint
a431fb8cb5a51497,ui_show_dead_result_screen
a438c878716995f8,getbuildnumber
a4391b1602e5d556,timesince
a439cbd2a92896d0,iss5reveal
a442ee95585db757,clientplatformtoplatformfamily
a4449d393934b36a,pleatedkhaki
a44b598403f5a2a6,level_data
a44ebd6337bdba52,isspearlyaccessbuildenabled
a44f21b85ae41914,emote_enabled
a44fa135c14332ad,ui_gas_mask_juggernaut
a45a36c84088c06b,getformattedtimestamp
a4668505e6519402,list_script_bundle
a46a8937ea611cb3,switch_value
a46c704d4bf27397,ui_skybreak_active_camo_disabled
a46f2068864e4cf8,is_using_match_rounds
a4706b9c6dd51186,getisequipped
a471e29fba77d0e6,squadmemberarmor
a47300ab762d0f67,gotopreviousmotd
a4804e7836f58ff3,shouldshowcontrailbutton
a4932460341995de,age_gate
a4969351294de659,buystationloadoutpurchaseenabled
a4977eb6dd2ae829,cursor_type_move_hover
a49928867c5c36bf,pick10pointlefttext
a49aaf418cd68349,previouspageindex
a4a10617aa8c42a6,dupefillunavailable
a4a6e56de7873aed,unlockanimation
a4acd3333c0255be,partyheader
a4ad30493748bf71,force_hide_contextual_menu
a4bf73a1ae05cd18,is_tac_map_open
a4c39b0a9a87c97f,buildcallingcard
a4cdc493b7d5e2c3,button_string
a4d2b432a170b90e,iswavegametype
a4d532f42d919827,scr_player_allowarmor
a4d7140175a7bf1e,openpopupmenu
a4d99761ee53f1a3,ui_hide_bonus_widget
a4e12e70a11cde5d,display_count
a4e3388abd6c056c,getplaylistdatasource
a4e359212daa31bf,platformicon
a4e51856d4eaa6a6,image_fullscreen
a4e6700ca1f2d54f,item_amount
a4ea05b8356463ad,secondarytabbase
a4f2871862458025,weaponslot
a4f67a4693505c4b,season1primary
a4f8efb7a18e6a03,gun_screens
a4f9f808f82318f1,titlebacker
a4fdd237b06a16c2,iw8_nuke_countdown_stop
a4fdd9b89df37d22,attachmentfilterpopuplayout
a50d62e248d7739e,softlavender
a5149a17c0cfddf7,squad_member_index
a518c419c4a144d5,singletile
a51bc1299046f0e5,leavepartyenabled
a537c6f85b003acf,subtab_index
a53e1de0970e6df5,bullet_points
a53e7fcdd0f7a034,triggerstages
a5462da89e711552,self_layout_updated
a555da6ae32f40b3,baddarkred
a55b42dedd42abe7,isthirdgamemode
a55b73360e343da8,launch_chunk
a55f6d35c433d6fd,missile_locking
a5666c950477d201,reticleoutercirclesbeta
a566d9dd30654694,focused_operator_index
a5735ebd9899a420,equipment_panel_opacity
a57c9d433dae35fa,stowed_weapon
a596a799015dbaef,loadout_name
a598103b6de45fe7,mutual_friends_count
a59c3afe4e6d908c,isparachute
a5a2b4f42a062a9a,setmaterialmodelforelement
a5a72e224c400e94,benchmark_lobby_button
a5a817674272af70,isbotxuid
a5b021c0952d8a61,stowed
a5b53040c5553e57,ui_combat_report_num_attackers
a5b7083dcddb8c55,gridscrollbar
a5bf4f1a9798c668,pipmessagecritical
a5ca33565a117bf3,getcategorydata
a5d16ac2d49b6777,ret_sat_loot_chickenlover_thermscope
a5d4570189ced6b4,start_battlepass_xp
a5d46e30390b66e0,customcolorpickereditbox
a5dad7b198b070e0,update_input_type
a5e57bbb990c121f,promptbackergradient
a603831856331371,game_button_type
a6080bd6cddbc6ef,isbrtutorial
a609b1f77184c77c,papertiger
a60c62f212a8cb22,start_match_button
a611cf908addc9cf,isbrgunroyale
a615d25c13a49011,xp_reward_text
a619d6b346bd0348,combat_details
a61cae644e68c826,titlebar
a625175255477d05,attachshade
a625ceeacdb1e67d,streak_tracking
a630e35c1843c05f,backplateimage
a6342b00bf65bb46,start_level
a636fb7c89eab1be,eventdetail
a6385a4d2c40e57a,cardsource
a638923959a0b880,content_button_requires_refresh
a63d5f696df45b69,tryshowfullscreencountdown
a642ecc73e53e60d,match_result_index
a642ff190ba945ef,ret_sat_loot_s35pyroman_thermscope
a645b0ad3a330e8e,button_released_disable
a647ff2b1aae07ee,openresumegamepopup
a64c8e3116875fc4,title_only
a6513c2ccd1657ce,cansendfriendinvite
a65817f161520989,ui_hijack_bomb_detonate_percentage
a65b184b555e0680,resetoptiontab
a65b4e9374f13407,gamemoderestrictions
a65fdae25f8a5b32,mobility_course_timer
a665f037617aa9e8,openpcachievementmenu
a66c5ae5e92c6a6c,ui_interact_jailbreak_rarity
a670cee53a951ff2,parent_asset
a684b978a8c2f650,introvideo
a6882165cb4a7ccb,gridtable
a689ce6cfa9a035d,ret_sat_loot_s5pinball_rangefinder
a68a7adad99cdf2f,iscutthroatgametype
a68dc478d31accea,any_party_id
a68e2fdc8318e106,isteamgungamegametype
a692e55ab08b6e5e,owned
a696b703a8560948,defaultpromptbuttonfonticon
a69949fd8f919e28,mission_players
a69e24c71a5bdaae,healthcritical
a6a40f6dfaf49544,reward_image
a6a6071e32e30581,play_again_button
a6a888a9fcfc933e,clusteredbynotificationasset
a6a9b41b654afd1d,scr_game_cash
a6abe66cb221fd80,descriptionmessage
a6acaac9006c80dc,tacticaldata
a6ad16ec2efa38b1,equipped_camo
a6ad9e744498e7ea,onyxtext
a6b780ac15879578,background_bink
a6b7fd19d85a032e,neutralwarmmedium
a6b8561b5d21bc03,previewcamo
a6be02501e809206,button_list
a6bf719a4602b0bc,tracking
a6c51dec2f0ed677,equipped_card
a6c57781716cd2e7,squad_id
a6c919a4c28debd1,optionsmenuingamepreview
a6cb7298da32c26c,register_actionable_element
a6d25b8171772daf,squad_mp
a6d3def614043624,ret_cer_snprscopedm_def
a6d66381717b241e,squad_br
a6d8a63c9a3d5db9,alttwocolor
a6dd399667ec6b02,isplayagainenabled
a6e3fde8c68021fc,reticlesnscopevz02
a6e7607b013558a6,previewdelay
a6e7fc1cd8655efd,anticipationstarttime
a6f85d8171980052,squad_xp
a6faa5f436a01ffc,squad_vis
a6fc9827c6ff77f3,toggleelementvisibility
a70154392cd3d963,damage_distribution
a70790a6c0c78db1,ui_gobblegum_effect_finished
a707a4cc69efa0a3,weaponstatswithdetailsshared
a70b944f6a5b3228,challenge_spacing
a716b0a7dbd001fe,primary_neon
a7170c48c17e38a0,unlock_description
a71b005b2c12e482,startvideo
a71d7780818f9242,dispatcheventtocurrentmenu
a726e8685301425b,retsatlootchickenloverelement
a73107fbbdab94a8,ischeckbox
a7367104e2b44e54,num_uses
a7391753d2d9ac96,isarray
a7396d764c11a058,chalk
a73dfe706f5ff9d7,is_incompatible
a73eda8429809ef8,icon_text_value
a744f1c029bdf207,is_fav
a7452a133475a6e3,nonimmediateleavemenu
a745c92fec75ff5f,statsgroup
a7469fb6bca8eaeb,navigationdata
a748bf9ea616ae0e,bitshiftright
a74a007ad308a205,relatedsettings
a74b09d4bbec6af1,reactionname
a753148443359a78,restrictionschangedpopup
a7618f59e0b66256,gunsmithdetailsmodlist
a767170e2cff5131,ret_sat_loot_s2teleport
a77663bc0bbf3d6b,warzonebackground
a7779e88ea0d7c4b,hudimage
a7783b911c1153c2,sprint_index
a77a91f37a44cf6c,applynextlayout
a77da0de401a96d0,isbitset
a78cd2247b81e88a,stats_text
a78fcbd910485b47,gunmetalgrey
a7919b903a8d892d,visibilitytype
a79e889b8692a97a,ui_bonus_tier
a7b992cd89ce8c90,digiticons
a7be164d2a98df81,unfocused_highlighted
a7d0151abbd03ea5,alert_has_tactical_equipment
a7d1b6b2edf15808,backercolor
a7d4a8731995e12c,ui_active_player_character
a7dad53917e853e0,image1copy8
a7dad63917e85593,image1copy9
a7dadd3917e86178,image1copy0
a7dade3917e8632b,image1copy1
a7dadf3917e864de,image1copy2
a7dae03917e86691,image1copy3
a7dae13917e86844,image1copy4
a7dae23917e869f7,image1copy5
a7dae33917e86baa,image1copy6
a7dae43917e86d5d,image1copy7
a7db0282bfa20692,backing_color
a7e3f9497d3d4bb6,dismissed_menu_name
a7e779f6ced13f21,getstatus
a7ed97e80a63be3e,ammomodname
a7f0459576d273c4,cp_menu_title_intro_slam
a7f24bd999367cd4,activity_base
a7f5f8518738b566,shouldstoreshowvfx
a7f86cc83a1b930b,netgraphiconcontainerwrapper
a7fe4de992f3fd7c,inspexec
a802a1f15de2ddeb,obspawnselect
a80325a9aa35c4d5,allowclassswap
a805aff0f1947f30,grey204
a805b6f0f1948b15,grey203
a808a89d17f80d4c,prestige_master_summary
a80c724ec3c61409,distancetext
a80fc5f0f19cf917,grey230
a811ffcf6f833135,isfrench
a8156f19009aa9c7,premiumupselldata
a818eb90cec3cdcc,dpadupcolor
a822d05700ba4d07,gungame
a824566b3c2602cb,icon_frame_backer
a82776ef2dafc96f,getonboardingvehiclehorndata
a82a172ab3f9f12d,isleagueplaylfpenabled
a8323d0332bcf590,hasdoublexptokens
a839dcfb6b2c6cbb,title_string
a8430a357120e94c,dummynetworkinfos
a845b3361e0de75f,dynamicresolutiontargetconverter
a84bc751381db401,negative900
a84ffde76f953a58,ishqac130infil
a86094d542862b8b,ui_clink_interaction_type
a864f8e29a471217,luielems
a865c1c905f86b9b,clickable
a865f22e526f4b67,progression_celebration_complete
a8688f855540379d,super_list
a86aa17be79ed6f6,emptystatuseffectimage
a87022fa93cfbfde,getcreatorname
a8716d7914094e01,unlockedstatebackground
a880b256fb22432f,publiceventconfigs
a8826f6646ecd4a5,startindex
a886b8ba70f319aa,option_name
a887c18adb3538c1,isplunderboxtouchmenuv3
a887c48adb353dda,isplunderboxtouchmenuv6
a89a3806b2d026e2,restartautoscroll
a8a2f0412b3e2cd3,coolasice
a8a8a29f0264b083,isvehiclebloodburner
a8a932e00788832c,ret_cer_loot_s3ev7a
a8a9f85016294bf9,negativered
a8b411cb760a202d,cinematicname
a8b823d3a632d0c4,restore_playmenu_focus
a8bf083b4c883cdc,tooltipwidget
a8c3802919e2516c,scoreboardmenu
a8c6f5a83e2218ed,personal_best_list
a8c8874d53939e4d,gameplaychallengeitem
a8dffea335d8974c,percent_complete
a8e2dccd83f1a297,ret_sat_loot_btrap_thermscope
a8e4757bdfb1ba21,buttongostand
a8f50ff9ec73106c,popuptexture
a8f748694d96a319,popuplist
a8f7f830e490c35b,damagereceived
a8fd4d43f1b91b42,buttonrightstickleft
a8ff082a18bf25e1,ui_upsellEnabled
a90207208b1623d9,isbrloadoutgametype
a90453c24d255929,progressionunlockslide
a9059fa24f0ec3e5,update_publisher_variables
a905b62a39c1b563,hasnewweapon
a912c6454d920b98,activatemissionpopup
a9169089aafe1dc7,generic_confirmation_popup
a919596db75c3b94,reason_title
a91bb4506f0e2e90,quest_title
a91db308ac893166,rewardinprogress
a91e3fd285a926d8,flyinpopupcontainer
a92615fb37d84c55,buttonsecondary
a9327016e337dbd9,alert_is_zombie
a933332abd37362c,isfakecpdataenabled
a942c66e3450bdd6,is_objective_event
a945d61a63712b85,flare_image
a9485be0cb00d71f,winnerscircledata
a94ccabf7e767bce,ishackerphonequestenabled
a94cdbecd76f5f21,button_stickr_updown_noswap
a95290619a09614c,level_icon_list
a955c4a6ae70cba1,ret_cer_long_03_wz_therm
a9568c2ddfe55a5c,separator
a9587ac404934a49,active_challenge
a9589fa0ff1eda76,reward_header
a961e89313a8278b,wings
a9640dc570faddb7,weapon_icon
a9651fc220db4183,setanimationoninputtypemodelchange
a96741c8de73ad43,ret_sat_med_03_wz_therm
a967e4c26cb834e8,operatorskinselect
a9716f7c4c52e413,getdismembermenttype
a97bfdab43729499,isdmzlobbyenabled
a9893e69780f20f9,sat_season_5_w4
a9893f69780f22ac,sat_season_5_w3
a9894069780f245f,sat_season_5_w2
a99b06b32753ff62,challengescontainer
a99b893c59a46c71,midocean
a99c4cefaff25b8c,iconscontainer
a99df781094f7248,triggername
a9a1ae345c759508,typeicon
a9aa1f5f323add80,reticlelaunchermike32
a9b45f49b577aded,categories
a9bfd6b459adca41,continue_playing
a9c61aa7bc49d375,gobblegumloadoutdescription
a9c63ab4083d91a2,option_buttons
a9cd51e9422f95ba,convertchallengeindextoassetparametername
a9d2e01e78a3426e,friendly400
a9d348e40740e9a8,isxbox
a9d353319da99fb7,perkslotthree
a9d38af8dee70c6c,isrequesttojoinenabled
a9dcb06b3043080f,updateinstance
a9e0625fbd5887ca,ui_saved_mapname
a9e321de4bb70ef1,rarity_color_tertiary
a9ec010f103c71b6,placementtitle
a9ed0874abb956b5,dummymotionreductioncontrolpreview
a9f09f5d00f1dc33,hideemblem
a9fd0b1f5b853795,panelbacker
aa00c6cf7382b701,chromaticblue
aa06288657b987e8,extenttop
aa0d956d1aa5070a,skill_header
aa18503b1b64b7c7,pricecannotbuy
aa3064037f22fed4,preview_index
aa3096432777e805,dismembermenttype
aa33a0e9ee700976,lobbylistplayerhighlight
aa395c28953765f9,displayseasonnumber
aa3a54b5bfcaac3d,westar
aa3c2a027bab207c,keyboardkeybind
aa3c9bab11eb64ad,ret_sat_long_04_zm
aa3e1de764c432f5,self_appear_offline
aa3f6cc91bccefd3,righthorizontalline
aa40f860afa22cff,autospendoff
aa41c97ac6addc24,getattachmentmodifiers
aa41d679706e9701,armorylocked
aa43dacc742422b0,sa_ui_log_decode
aa4bf9ac50622456,skillbundle
aa4d86ab11f9b431,ret_sat_long_04_wz
aa4d8dab11f9c016,ret_sat_long_04_wc
aa59979ada50a013,trafficconeorange
aa6280ab120c0609,ret_sat_long_04_mp
aa636f2699b43d10,textprimary
aa64cc8bc4cf9087,consumable_loot_id
aa6b5a485c8ec550,isplayer
aa7865cf938f2c62,brvipdarkgold
aa798e4552f5e872,createmodel
aa82f40ad3f8c3cb,ui_using_clusterstrike
aa86254278c97769,gravelpath
aa864a1fac6692e0,stats_group
aa86dc88f862d5c8,resetdisabled
aa94b0c74fca989d,showchallengexp
aa99229aaf016fe4,button_dpad_horizontal
aa99ff9e44bb9757,gunfighterequipped
aa9b30b75d94bcc0,boot_message_popup
aa9bd9353582a9e8,archive_replay_skip_event_forward
aaab6789f2876df5,leagueplaymenu
aaae2cf4c1a01443,tileitems
aaaeeb4211bd781e,batterydepletedtext
aab1c208735450fb,timerheader
aab44390d0dd2ee7,ret_sat_long_03_mp_therm
aab955b24cab6a9e,br_data
aab990c1a31fb9ff,default_color_swatch
aabf8f9ced472ffc,pictonblue
aacc4c18b3494807,marinekelp
aacd92f69853e5d2,codhq_menu_name
aadce1497e777f55,validateequipment
aae068bfd60ed5f5,bindingpreviewbuttonpagedown
aae1262245bb216a,darkchelseacucumber
aae219a24574f240,getattachmentdetails
aae6441242f3adf6,isbarrackstabenabled
aae70d52e50aedd6,inactive_sp
aae912dda5feeb17,ret_cer_med_04_wz_alt
aaf7ae2afc97e0c5,reward_entries
aafd670e882101df,ispinned
aafebd5316d42afb,texthint
ab0640cf188f8120,setvalue
ab08095720360577,border
ab1c27edc31a0971,is_dark_ops
ab22c1e75b25a2e9,mastertileconditions
ab28c850039c97e9,reticlearscopetherm01
ab2fbc056f806dd5,buildconditions
ab354f4c4700faed,current_battlepass_xp
ab36162dd5729fa0,cg_drawviewpos
ab3a84390de297f7,areequal
ab3c69ba1d21e50c,is_screen_enabled
ab483c494b05af7b,sagebrush
ab49e296cbeecf85,redirectlink
ab4dc104d0ee4f61,doublexptypes
ab5b8ef1f3e7958a,orangesulphur
ab5ef81a56b95f94,pick10pointglow
ab6c1e47ad46eae5,max_placement
ab72091e4adefdeb,bannedloot
ab89725ddb308b4f,negative_modifiers
ab8d7509d5dbe22d,frontendinventorybuttonoverlay
ab8ecee56cf4e129,current_category_id
ab8ed1c5ec3c79d0,line12
ab8ed2c5ec3c7b83,line13
ab8ed3c5ec3c7d36,line10
ab8ed4c5ec3c7ee9,line11
ab8ed5c5ec3c809c,line16
ab8ed7c5ec3c8402,line14
ab8ed8c5ec3c85b5,line15
ab9294769a3ab6e2,bordersolid
ab9cf4562cffe01e,getequipmentimage
ab9dbfc9357ec022,leaderboardprogressionicon
aba17521b0ea1b65,getlootcardasset
aba2bfae926eeabf,overkill
aba32bf4137bc713,messagetext
aba36cfd36eb2b99,eventcompletebannertext
aba50cb058e26e70,overridedvar
abaa9ca19bda7499,reticleoutercirclereflex03
abb9fecbf312f94b,nutmeg
abba7339eac57302,is_favorite
abbf681eda108aaf,diamondtitle
abbf9f82b91d742f,enemysecondary
abc605d36d355a92,ret_cer_med_01_wz_alt
abc72f01392d61fe,purchaseitems
abd030188c37d28f,codcasterteam1
abd48ac829dd7f7a,initializesplitscreenmenu
abd7d10b96f1da49,dpadup
abe70930c43812a4,coming_soon
ac04b75fa80eff32,styleguidedarkyellow
ac05d57b3d860281,asset_id
ac085600a5386c06,colors_list
ac11760c39b17312,operator_list
ac14a252852c56ba,infrontendpublicmp
ac167f3e17fae47e,project
ac175065c4271fc3,claimedimage
ac1a658791d73a10,offsetz
ac1a678791d73d76,offsetx
ac1a688791d73f29,offsety
ac1a6e8791d7495b,offsets
ac1bee3c95e55569,statuslight
ac1d307b8ea816e5,button_mwheel_press_down
ac25e49828bea4fe,getsubstitutecolor
ac29778a0e93a1c9,ui_upsell_flow_fix
ac2bf3d322a3e77b,setloadoutindex
ac2c6de4fd8ec4f0,rankupsplashwrapper
ac2f25c3a238d645,availablestatebackground
ac37e1ec0bbc1646,execution_alpha
ac40e2aae7f56375,getscriptbundleref
ac415048c7dffa1c,wztextfocused
ac421b360ad5c15a,duplicateloadout
ac4e214e580b685e,meleeicon1x1
ac53329e72ea7374,shoulddisplaydmzupsellbanner
ac5a9bc5ece98472,lineup
ac5f41f434b8f58e,value_struct
ac5f8131cf67c132,cpubottleneck
ac664e79cf940f40,animatesequencesconcurrently
ac67fd7ef5c39877,slot_number
ac6a6bfc37f68b6e,oneteam
ac6f3d295e4df365,splashprogresstitle
ac70ec768695869f,confirmweaponbuilddeletion
ac79b4e0ed8b0b39,perks_loadout
ac804b0ea86c1101,resetonboarding
ac8f70224e4a9ee4,ret_cer_long_01_wz_rangefinder
ac901c191f48e762,styleguidematchallydefault
ac9022a89dcab1e6,mousecursorcontextualmenuplayerheader
ac96a22819f9d8bc,availabilitylabel
ac97b86a0577e291,asset_ref
aca1b50fbcb08c56,mode_code
acad6cfd609c90a1,deepteal
acafa99fa0f063cb,openseasonaleventdetailspopup
acb3bb12f202e124,ispcorps4
acb3bc12f202e2d7,ispcorps5
acb4e9ada3fa92bf,reddotmagnified
acb5d0e1483ce1f2,setprimaryprompttext
acb5f668d0fed5e5,weapon_hide_ui
acbae5a4e9855597,super_alpha
acbfeb4639ffbfc1,is_blueprint
acc339164c48a8cd,disableexpandercondition
accba354e9ac1be5,reward_index
acda996403e7f576,title_index
acdb672236e50442,detailspanels
acddf6095a3efb46,getitemdetails
acdfe7da07aaa9ca,tab_state
ace30fbd2ba68f7b,onrefresh
ace3704ea4755938,ui_killstreak_weapon_3_reloadtime
ace3b684518e5265,colorblindfriendlyteam
aceaf9c22741aa2e,jupbattlepasspurchasepopup
acec713aa97aadf4,ret_cer_loot_s4versus_alt
acf1189e929e8135,spinnertext
acf6e8ad4675f5e0,showglobalpaneltimer
acf8d972bdb2e0b7,filtergroups
acfa7b8dd7bca7d0,pick10point_active
acfae42917574308,reward_reasons
acfd4b34d0a06f3e,bindingpreviewbuttonverticalslice
acffddd36aecf805,getrankdisplay
ad0290bb824d5a3a,frame_color
ad04ae9142e9d644,bindingerror
ad060d50d4184c19,buttonleftorright
ad06fc9d25eedf5e,secondaryaccent100
ad081ce123b3039a,collectible_num_collected
ad09035211c9abf3,sidebuttonnext
ad0946e254e442fd,communitysidedata
ad09b83b8272bbec,stat_weapon
ad0cbd8df4eddaf9,alert_ammo_12g_full
ad0e5198d5d39a78,arenabluelight
ad0f6a16a2b0063c,flyoutright
ad1e3c44e4306e97,gameplaystatattachmentpip
ad24d66cac2db1e8,base_weapon_select_state
ad289c6a27162bab,globalpaneloffline
ad33772b77a1158a,barracks_tab
ad33c33d101d6bef,accessorycustomattachment
ad4025b8bacaa6b5,categorydescription
ad4d5aa7aa9b63ec,on_left_mouse_on_next_row_trigger
ad538f0d67b7ac63,silver1
ad53900d67b7ae16,silver2
ad582df235391918,opencallingcardshowcaseselect
ad5f7de768692636,loadoutcontentsnotification
ad640dc532f16cdd,ratelimitedleavemaingamemodemenupopup
ad6f5be1d961d205,primary_color
ad71f26cfcd94c32,bindingpreviewbutton8
ad71f36cfcd94de5,bindingpreviewbutton9
ad71f46cfcd94f98,bindingpreviewbutton6
ad71f56cfcd9514b,bindingpreviewbutton7
ad71f66cfcd952fe,bindingpreviewbutton4
ad71f76cfcd954b1,bindingpreviewbutton5
ad71f86cfcd95664,bindingpreviewbutton2
ad71f96cfcd95817,bindingpreviewbutton3
ad71fa6cfcd959ca,bindingpreviewbutton0
ad71fb6cfcd95b7d,bindingpreviewbutton1
ad72306cfcd9b58c,bindingpreviewbuttonz
ad72326cfcd9b8f2,bindingpreviewbuttonx
ad72336cfcd9baa5,bindingpreviewbuttony
ad72346cfcd9bc58,bindingpreviewbuttonv
ad72356cfcd9be0b,bindingpreviewbuttonw
ad72366cfcd9bfbe,bindingpreviewbuttont
ad72376cfcd9c171,bindingpreviewbuttonu
ad72386cfcd9c324,bindingpreviewbuttonr
ad72396cfcd9c4d7,bindingpreviewbuttons
ad723a6cfcd9c68a,bindingpreviewbuttonp
ad723b6cfcd9c83d,bindingpreviewbuttonq
ad723c6cfcd9c9f0,bindingpreviewbuttonn
ad723d6cfcd9cba3,bindingpreviewbuttono
ad723e6cfcd9cd56,bindingpreviewbuttonl
ad723f6cfcd9cf09,bindingpreviewbuttonm
ad72406cfcd9d0bc,bindingpreviewbuttonj
ad72416cfcd9d26f,bindingpreviewbuttonk
ad72426cfcd9d422,bindingpreviewbuttonh
ad72436cfcd9d5d5,bindingpreviewbuttoni
ad72446cfcd9d788,bindingpreviewbuttonf
ad72456cfcd9d93b,bindingpreviewbuttong
ad72466cfcd9daee,bindingpreviewbuttond
ad72476cfcd9dca1,bindingpreviewbuttone
ad72486cfcd9de54,bindingpreviewbuttonb
ad72496cfcd9e007,bindingpreviewbuttonc
ad724b6cfcd9e36d,bindingpreviewbuttona
ad73f7153b64a304,isperpetualinventoryenabled
ad75ac617a0139fb,player_buttons_list
ad7862f0d6a40e65,onyxtitle
ad79979492447566,cg_drawfps
ad7b3bd2278f9cd3,ui_ob_match_timer
ad7c0efe28b1213b,button_command
ad7cba27df9ada4b,challenge_type
ad80e5f0fa51ceb7,element_count
ad8b749364eba43c,ret_sat_loot_s25acid
ad8df5960cb23e62,customscreen
ad909a59866092a0,reticlereflex06animeshine
ad98981f5a8d96c5,ui_right_stick
ad9fc5942091ff1e,fontstyle_sheader
ada544c455b0046d,spinelhusk
adaca28c9f2b61bb,zmroundbased
adae49645df2840b,report
adb0b4cffd3993a2,refreshanimation
adb80f71ae7bba5b,logoandtitle
adb9c79f4fda8332,hasoptionwarning
adbd3c81ca5811a5,isusingcompass
adbdb8f2fd20a8f1,postreroll
adc4a1ac6a875d2f,scoreboardbright
adc89d5ea84b68fb,wood1
adc89e5ea84b6aae,wood2
adca3b93acc4a3f5,resourcedata
adce244fc13fb647,weapon_attachment_count
add0259d106d8f87,telemetrycontainer
addd39f912d6b820,prerank
adeac7fe6f8e1b1f,iscrankedgametype
adef1b923da1496d,sendpartyinvites
adf6d274ad6b8676,weaponbuttonname
adfd0102d847d723,default_arabic
ae035c185d59df38,styleguidealertnotification01
ae035f185d59e451,styleguidealertnotification02
ae040d3b443a689d,hudkeypadwidgetname
ae0f0feb0d37b85d,buttonupselected
ae20745eb2e69179,perktabid
ae22b64474e6333e,vhuddark
ae245262373ebce8,twilightbloom
ae2b9f0c9ae35dc4,isspecialperk
ae30491cbdc430f6,isintrialevent
ae3bdf01d36ad117,max_season
ae427ac9018eec54,notificationsettingsfiltertab
ae42cbacd369d986,ui_killcam_popup
ae450a1dcd85e472,canuseoptics
ae4c65d6181b6cb2,lui_crossplay_warning_displayed_once
ae4f0bc82618eb1f,display_value
ae4f11937921c076,easilyvisible
ae5033bad55d78a9,actionstartdate
ae5383c3e28580e0,phospherblue
ae5438455b8413be,ispremiumoperator
ae5c511a8c25f2f8,zmbacker
ae5d560db1ea175d,limetime
ae63e92528a65285,has_challenge
ae6e93470fea26b1,chat_id
ae79d98510aa8f37,damage_feedback_is_armor_intact
ae7f31760828524b,reroll
ae8630cb900ed8d6,ret_sat_med_07_mp
ae888ee0b28de46b,skill_level
ae892cbc34b3b4d1,ismodelstringvalueempty
ae8c0d94f22bbae9,perk_bonus
ae8e961294719900,isdeletepingmapbuttonkeybind
ae92c97cbc94d08c,mousecursorcontextualmenuaction
ae9330d780a99a17,iw9highlighttext
ae93dc5d2f9b7c16,bindingpreviewbuttonnum
ae9910ddc85172b6,geiger_counter_phone
aea09518386117db,restart_popmenu
aea53d9ee89aba64,getpetlist
aea6960aea147a12,isstartupdisabled
aea79788dedbbc74,inviteparty
aebecf0c14405dd3,opengunsmithmenu
aec2327d01410bd9,scr_war_allowsupers
aec2edca7cadae00,focused_calling_card
aec670e550a1ae04,ui_attacking_team
aec691a3e125eb40,leagueplaytop250
aed84c33ec5f01ea,localize
aedcf94d6e0fe491,button_dpad_up
aede5ff76e4b1cdb,presetdependencies
aee1c22a69b780ce,clearstartupcount
aee25ab17531c65a,reticlesnipercharlie725
aee54275a084fd0c,parent_value_changed
aee81613eee22166,seasonalrewardlist
aeeff1faaac63c40,openunlockfeedglobalpanel
aef1c543b020162f,reward_groups
af04ec8afafe3910,togglemutevoicechat
af0cb60495079651,ae_id
af13d4623d3f6d4e,getcontrollerforlocalclient
af151acfca6a3998,ret_cer_long_05_wz_rangefinder
af16f363619d2eda,brightcyan
af19dc09d91fa578,is_meat_shield_victim
af2031ae1f5f923f,is_selected_color
af255b8fa90e58e2,inaar
af29e5a05def85d5,channelbuttonheader
af2c65cacfeb90ea,showimageundercinematic
af2c8b4a0567a1a5,resetstyle
af3b3d6d77e44497,genericopenfullscreenbutton
af3d216cd1d276c7,battlepassseasonlist
af4232cdc672a650,closebuttonexpandedwithbuttonvisible
af45bd0bdf94fb48,globalpanelchannels_tab
af4630e0cc9375ed,current_game_mode_tab
af4b1ac290c05e86,cpbutton
af4ffdd24fcc1016,ammofill
af509ac21ec3bd6a,scr_team_assimilation_enabled
af50b604033bf9f6,getpreviewimage
af5178e9c5336117,papaya
af52528eb87a5a74,mutestrategymutecategorybutton
af5426f159b7734a,permanent_unlock
af5b92248f1aa36c,getformattedtime
af607df09ca18395,operatorselect
af635c09a49c50b0,getprestigetitle
af69b97e8d934d51,scriptrequestmenus
af70fda5f5339fd3,perk_number
af79326465be61b6,elementicon
af7d5ff7e28dc029,getstreaktype
af7dad51358b593d,modalhuditemdivider
af7e7b61e7dbde58,challengetitle
af891fbf55ad5f48,isheadhunterwrapper
af9897a5d135afda,updatesniperbriefcasetimer
af9c8b1ad262fb79,playerinprogresseventdesc
af9d364b43eb806e,whisper_disabled
afa0f57830877d1f,webview_equip_item
afa61cbc939092a6,ret_cer_loot_s4dadler_alt
afb2230ddb57d801,tiptext
afb50a63a631a501,isnestexpanderenabled
afc5f538b4a4e791,isprivatepartyhostinnonsystemlink
afc82bd2f7e33c4f,setdifficultyicon
afcca8f90d9d5538,prestige_color
afd10987a715b125,getloadoutslotdata
afd8a0265354a93a,is_swap_button
afd97045e2ad8d4a,_scoped
afe486059e57b26d,sunsetorange
afe6705541ba9386,hidelastplayed
afe745d0e69a4ad1,inprogress
afed8751fecb8b58,fieldupgradebase
affd8fecdacb1708,gunscreensatavalon
b00284d8f5a74885,activegetcategory
b002dabb641eb6ea,playlist_category_name
b003bdc7be5812ab,darkorange
b0148632024eea0a,use_background_overlay
b019dfd9121f533b,current_player_data
b01e4180bb3dc6c6,is_melee
b02914a50a1d2bd9,battlepass_ownerships
b0471d26534937fc,ui_killstreak_countdown
b0494b1e19ff7d0b,ui_restock_tactical
b04fe1bda31dee5e,ui_current_round
b061fabce75e6f0d,lptitle
b0693f4e8b54d317,bonus01
b069404e8b54d4ca,bonus02
b069414e8b54d67d,bonus03
b06dd71b0700f95c,show_cost
b0705328e17a6b9a,dvarboolexistsandisenabled
b0719a13ef65a39c,settargetcolumn
b07646c910cc657e,ui_play_again_disabled
b078af0b739c4db8,makerankdisplayaggregatefunction
b08476c33a0ab48d,lightgold
b08ec035d8d13576,operator_info
b08f32b84a789796,tagscontainer.limitedtimetag
b091709c762029d5,setwidth
b09412e9079a3ca3,setfocustypeexclusive
b094c06a3023e566,selected_platform_id
b09924897d5a43c0,arshortinput
b099351a03ebea40,messagebackground
b09a55c463eb2e6f,getisfriend
b09cf243d333c890,colorblindnone18
b09cf343d333ca43,colorblindnone19
b09cfa43d333d628,colorblindnone10
b09cfb43d333d7db,colorblindnone11
b09cfc43d333d98e,colorblindnone12
b09cfd43d333db41,colorblindnone13
b09cfe43d333dcf4,colorblindnone14
b09cff43d333dea7,colorblindnone15
b09d0043d333e05a,colorblindnone16
b09d0143d333e20d,colorblindnone17
b0a0435b065ac32b,field_upgrade_items
b0a37e43d3392222,colorblindnone38
b0a37f43d33923d5,colorblindnone39
b0a38043d3392588,colorblindnone36
b0a38143d339273b,colorblindnone37
b0a38243d33928ee,colorblindnone34
b0a38343d3392aa1,colorblindnone35
b0a38443d3392c54,colorblindnone32
b0a38543d3392e07,colorblindnone33
b0a38643d3392fba,colorblindnone30
b0a38743d339316d,colorblindnone31
b0a3c7cac3e03af5,gain_focus
b0a6ec43d33c12e3,colorblindnone20
b0a6ed43d33c1496,colorblindnone23
b0a6ee43d33c1649,colorblindnone22
b0a6ef43d33c17fc,colorblindnone25
b0a6f143d33c1b62,colorblindnone27
b0a6f243d33c1d15,colorblindnone26
b0a6f343d33c1ec8,colorblindnone29
b0a6f443d33c207b,colorblindnone28
b0aa7ad88978f0ba,isjapanese
b0adf343d3423d76,colorblindnone45
b0adf443d3423f29,colorblindnone44
b0adf543d34240dc,colorblindnone43
b0adf643d342428f,colorblindnone42
b0adf743d3424442,colorblindnone41
b0adf843d34245f5,colorblindnone40
b0c042260524de03,canusecosmetic
b0c1b5e35094204c,ret_cer_loot_s35ssword
b0c96642bba5867a,rightbar
b0cb118c7d420c88,doublexpevent
b0d126042018859d,coverimage
b0d8c6d301f69391,equipwildcard
b0e0a384b2fc349e,exclusivestring
b0e25708334e3e99,specialchallengedata
b0edbc0468fbe5ae,pinkdot2
b0edbd0468fbe761,pinkdot3
b0f61a30184bfdb7,damage_feedback_nonplayer
b0fbb0a113d211b5,setignorefirstchild
b0fdb29cbed8b06c,halflist
b104811e73ab4e54,ch2backer
b106eb352199993e,ui_super_tablet_sequence
b10d4387e636e69e,ui_killstreak_lifetime
b115c319dad6dd88,codcastergrey02
b115c419dad6df3b,codcastergrey03
b115c619dad6e2a1,codcastergrey01
b115c919dad6e7ba,codcastergrey04
b11fd480c906a060,weapon_init_poll
b1222d03e94ab777,frontendvfx
b123aeaf3e54ea4a,shouldshowparachutebutton
b13009d0987bfab4,issplitscreenenabled
b137278cc5dbb4d8,ammodefault
b1451c0682750f6f,distress_call
b1483ee0837d2696,inbound
b150dd79f9f43b29,ui_ob_ability_upgrade_id_1
b150de79f9f43dea,ui_ob_ability_upgrade_id_2
b151268bb9e13b78,damageoverridetype
b15872183261025e,isbrjugg
b15a707efc78ca97,isquickbindingpreviewbutton
b15b86ca1d090c61,info_panel_widget
b15bfadac5c56227,ret_cer_loot_s2special
b15ee0a110a54016,equipmentpanelwrapper
b15fc91a718c9c44,nextrewardimage
b167bbb7575cf45c,buttonleftstick
b169ce3567c60a5d,popup
b171757c958971e5,stonegrey
b174fd2051713c0c,getleaderboardstatus
b17698aac3cc48aa,gettextwidthandheight
b1793e13295da665,item_filter
b17fd5787edd4935,blueprint_skin_select
b18375b439bfe6bf,update_connection_meter
b19071033c8b8bdf,gunscreencerferrofluid
b19490684b1be164,ret_sat_loot_s3flame
b1968eb56656ceef,socialiconbutton
b19cb0ef1ec54194,updatepresencedebuggingtimer
b19d2f693764ec3f,chat_message_received
b19fac4d9951a7ab,getoptionvalue
b1a197828c335e97,genericlistheader
b1a3e4ec633ee95f,ammo_count
b1a6a7c8af3e866e,ret_cer_short_09_mp
b1a74329dbe7daf6,rowquickselectbutton
b1a9d12889ed9d09,legendary_contract
b1aa2caf54e2dcf1,mobility_course_bonus_malus_timer
b1aa39b128eaa077,menubacking
b1aeac9459b2624b,ui_open_menu_from_script
b1baa5c8af4f2c12,ret_cer_short_09_wz
b1ca4169e0efcb93,weapon_slot_primary
b1ca973a1a412e61,entry_source
b1cb904658286b8e,progress_percent_text
b1cbb4c8af5db8c2,ret_cer_short_09_zm
b1ccbe8adb60b6f5,getweaponmenuref
b1d08d093e171ce9,ui_lobby_text_coalition
b1d22b2a0a602b81,camo_select_focus_item
b1d2da2a9e9df70c,ui_team_pose_closed
b1d561f9a9241e09,scr_player_maxhealth
b1d5dcfe194a2d16,defaultrequirementref
b1d6c96ed3bb4447,otherparty
b1da367c3081547f,shouldstoreshowdmztag
b1dab7b14cadb2e7,getimagename
b1dc7f1761553f50,ch7_alpha
b1ddc46d213adb90,entry_screen
b1de3fb2055f7a65,has_timer
b1e4dff7cb7580dc,is_double_xp
b1ee94d61bb7e515,hiddencategory
b1f0954b3e9943f9,removeattachmentrestrictedpopup
b1f43a9bfc346277,barebone
b1ff31b76320f214,ret_cer_med_10_mp_alt
b1ffa8fc90a25466,uselocalizedformat
b2080c8551ce8a0c,kbmarrow
b208b5b51447981c,currentkeybindfocusedname
b20a1a4101974051,loadout_weapon_slot
b21143aee8f9f4a9,ret_sat_loot_dotgreen_fourx01
b211e2bf1f297fae,legaldisclaimertext
b21724c7f01ef09d,findplayercardgivenlootid
b218cfcd4d4fa5cd,getcamochallenges
b219011ef0db25d8,primarychallengeimagebuilderlayers
b21a22bf262a7e5e,getoperatorskinbundle
b21cca111c2cf096,scenariogroup
b221051e66fe1acd,reticlesnscopelimax
b232f11526c393e6,category_list
b236ee002b942cdd,firesecondary
b2372986521d7135,styleguidematchenemydark
b23aa2e34ccb438a,ui_ob_enable_hmh_boost_prompt
b24df4381357f156,reticleaug
b250e3763dcdacfa,getonboardingblueprintstoredata
b252b030bb0916f5,current_weapon_model_name
b25aa16e3c5b4164,interactiveobjectbuttonswrapper
b25dc514fc2608f8,reward_item
b25e5648e818b87c,cl_voice_mute
b2625fe2f25c582c,is_on_screen
b263d161246c4628,ui_show_playersplash_no_hud
b26cb983409fec00,shouldstoreshowbundledescription
b272c33515eed415,season3primary
b27697b5efddfae0,bounty_image
b27c0ad38c0d2df5,focused_item_prestige_level
b281fae2f9a73d72,gunscreencercarver
b285a44bd543a261,mpscoreboardmenutitle
b286975db5a765b3,focus_tab
b296680685f90109,updatecurrentoptions
b298cc8c5c026b9d,mouse4pressandhold
b29cd9492e409fb9,desaturatecomingsoonimages
b2aa45e6532f1e9d,ob_pvp_key
b2ab2a9696c4b200,dog_tag_progress
b2aedb386ea08a63,raritystring
b2b0e5290c4e1410,noresults
b2b279e4c2d1ef01,missionteams
b2ba62eb695c9362,gettorso
b2c0e5cbe8dff53a,ingameborder
b2cdd80aebcc5c67,search_state
b2dad3ee5c01e4ba,updatesounddevicelisttimer
b2dfc62b99125641,prestige_list
b2e4c2828a43366d,teamrounds
b2e8341bc6b33b0d,mousecursortooltip
b2e8e1a5f3ff9f4c,clearnew
b2e8ef757afeb10e,iscoreleagueplayenabled
b2e907e6906e43d0,battlepass_tab_name
b2edf9bf7c41b00b,leaderboard_status
b2f31396c346df31,ret_sat_short_09_wc_holorange
b300c15af2c1da25,zone_enum
b307867e95fddb07,pavement
b3167868ff9fb295,getcategoryblocked
b31706bcf28728a9,talking
b31a42192d4b10b8,teamaxisicon
b31d4cb9ba875453,seek_value
b32a46624ffc3379,hideinmenu
b32b84b4c0e6c4ff,isbrleagueplayunlocked
b32e28c3ad40ed0d,ui_mpmenu_match_search
b32e572d64a399c7,collectible_num_max
b332525b2ccfa840,blackcellbacker
b3364c6ed1abc6d1,loadout_weapons
b336c705c874a4a6,weapon_level_progress
b33dfdb350d48d22,blackcellmid
b340f8736675ee2a,xpreward
b341aa1c903803e2,skin_ref
b343c254319d4023,isseasonalnewcontentbuttonenabled
b370e1af3b28f8e4,gameeditions
b37c3524afa1e236,data_toggle
b37ced3c2b07fffe,arenapurpledark
b37eb296d51b9c95,rank_skill
b381d72e3a7cff0e,rangefinderbackground
b385ad7d81a2bb77,infrontendpublic
b3862c5067453a67,applyprevioustheme
b38911802647cfed,max_progress
b3961b23544ec4a5,is_unassigned
b397cdfa36a354bf,iscodename
b399442ad1edfd6a,childheight
b3a12db0c1f323ca,gray_radial_progress
b3a9c774b37c2850,match_timer
b3b0bba32052374b,scorestreakbutton
b3b3149dca7a356f,is_prestige_available
b3b6ad1d67b61705,buttonscontainer
b3b7c0ced7403338,getcamoimage
b3b8ff5d33bc0a7c,mastertiles
b3bb0a2a5d0044d9,bronzedark
b3c00e1d670a630e,ret_sat_loot_s15shonen_thermscope
b3c08399c0102b26,freebase
b3c59217842479b4,arrowleftdefault
b3c6b284067f222b,music_mainmenu
b3cab126fcb07c49,ui_turret_active
b3cde2f9e4cf1cc9,microphonetestwidget
b3cdfb94a53810ad,team_colors
b3cedf6eb02d4706,doesanimationsequenceexist
b3d831c94a23ec00,rocketreddark
b3db8391102d1883,show_pips
b3df540fe6b9962f,raytracing
b3e29472ea3def43,replace
b3e8f40ab3d8b4cd,enrollmentclosed
b3fe4e19491957c9,is_preorder
b4009e467ce662b6,standalone
b402e5ad897a339a,createinstance
b4048c991678c6d6,unlockfeeditem
b4261860765b1120,ret_sat_loot_s25teddbus
b428257e3d5e6a6b,toggleprimaryfilter
b42e0342a2cbf325,getrarityicon
b431e460a6178078,warzonetextfocus
b435bf3bfbb7dd69,babyblue
b4435231f76aa08e,current_operator_mission
b44769687d03d6e3,ui_lower_message_time
b4489d672779e647,is_downed
b452cf8f0a39ce8e,controller_removed
b4545069e739aecc,round_end_title
b45a0b1c735da468,readingsavedevice
b45c10305ea47738,reticledmscopevz03center
b46c8a551ff66d53,g_gameskill
b475dc83c29c1a59,ui_stealth_system_enabled
b480cbfa0d150f78,isinventorycacheenabled
b480fef926d138a6,res_sat
b486194c8bba853f,ret_sat_loot_s5bwred
b488c770cace16f4,registersounds
b4892ecca670d587,randomoperatorequipped
b48a0827ad2d4867,scrollbarthumb
b48a89c981ed1f12,isusingmatchstatus
b48b6be9a2ae61e5,party_ref
b48f78c62cab376f,unlock_string
b494f283c1ba78d2,poikey
b49c53caa2e0a683,getwzimage
b4b4fc6b18fbcb11,targetentitytag
b4b61e4b4d215929,getequipmentdata
b4b77cc814c11334,isnewgasmaskframeenabled
b4bdbf5931ff232c,cacability
b4c19a684c9a433e,descriptionoverrides
b4c3be1e35c0377e,linebottom2
b4c3bf1e35c03931,linebottom3
b4c5d1a567412a79,loot_bundles
b4d592c882688b1f,leftlineimage
b4d82eeefb96ed8e,gobblegum_packs
b4dc6ecadb3daa44,clearerror
b4dce238f09ee7fd,quittodesktopbutton
b4ddd844e42da75f,oldwood
b4e5a942e315e13d,fatalerror
b4e5d29c9bbb4947,opengenericeditboxpopup
b4ecef44e81d4220,viewcodeofconduct
b4f3f44c2c5074f0,loot_type
b4fa5936f3611ba3,reticle_filter_category
b4fed904ca8eb3d1,mpscoreboardrowwrapper
b4ff394d0b400183,shock_stick_attached
b501387c6120dea6,target_state
b5058b7ba2d7c721,ret_cer_med_06_zm_alt
b51d0f781f82c59a,ret_sat_loot_s5humanoid_rangefinder
b51ff3c21de459de,setsticker
b52062fb798ef3bf,_defaultvaluegetter
b5236b5ac29c6ea6,imported_settings_game
b524c267328ce513,categoryprimarybuttonaction
b529a370f97d656f,tacmapdisabled
b52a7970c36e1f4b,ui_rush_utv_bomb_state
b530a84137f90e70,horizontal_line
b530adebf07f7550,hidehint
b5407dec1b15f47a,localized_string
b5441f420518e93d,ui_iw8_aar_player_rankup
b545d25345811e08,showloading
b548344c1f996000,showparty
b54abc657ddc26e2,perkstreaks_ref
b550a99b0d876170,update_text_scaling
b558550f5df19113,wetdust
b55932307e2f871e,reticlereflex06elecblue
b55e101bac662f2d,is_recording
b56b6bc397cac443,lui_game_setup_enabled
b5716539c471308e,ret_sat_med_03_mp_fourx01
b571673e39f2b9b6,ui_remote_control_sequence
b57384b653abc06e,active_operator_name
b57847b8752ef7a1,buttonalt1prompt
b57d5f5664d20ed3,email_verification
b57f455cc79cf781,prev_tile
b57fa3f10e5de450,getscriptbundledata
b5812720fba148f1,isbrsolomode
b582a36444bc4a82,power_tier_level
b587ddf5f86141b5,entry_number
b58853725e550974,alignright
b5895ffaa6acc501,reportandblockbutton
b58b0601ae17cc8a,skybreakmiddlering
b592c4f96c80fb5c,firetypeicon
b593552376e43fe8,clientplatformicon
b596aaaac2cc9c29,ismousewheelevent
b5a2e01cc448f6f6,current_playlist_index
b5b27615db2e6516,ret_cer_med_01_mp_alt
b5b85280bbc19a6a,descriptiontext
b5baa99d2adf8784,secondaryaccent050
b5bb8ba8bb6cb9ce,rusticcopper
b5cab83e47927889,color_swatch
b5e0379dc78588e8,dotsrcopy0
b5e18cbb7b56411f,reward_tier
b5ec09cc5d6b14df,is_loaded
b5ef276b035b8b9c,leagueplaylobbylayout
b5efeeb1ecc419e9,info_panel_caption
b5f4a477e374655b,tracercolor
b60970f4b5a92dc0,ui_score_streak_two_cost
b60ff510779ecbf8,ret_cer_med_03_zm
b610d3c97bc21a7b,challengesgrid
b616fefd35d3b707,category_icon
b61a0a1077a7442c,ret_cer_med_03_wz
b61da160652eb0a3,buttonstart
b61f45e580e84d76,legendarydark
b62614b58bd1e8f7,bluedarkactive
b62ef81077b981a0,ret_cer_med_03_mp
b645181e5579fe0b,customcolorpickerbutton
b649905d7022e249,lootvaluepairs
b64fdbb58140832c,zombiesafterlife
b654d98ca2af6fbd,optionstoshowbundle
b662bc03bc75e701,presence_platform_steam
b66cade2276c4dbf,planted_progress
b67717edef3a970e,ui_round_end_match_bonus
b6785af3d62691d0,infinite_ammo
b678d26d4036c109,ret_sat_loot_s15shiny
b67c6f8f33becd65,getpresencetext
b67ea93cf30c48b5,active_project
b6809178b66ba6ee,panel_data
b68aa8252925d0c5,prestige_master_icon
b691f7335e1b993f,primary_mode_icon
b69880896d836d97,is_owned
b69e7358af915935,fillimage
b6ae9fec7905dbae,equipbaseweapon
b6b911a64e06d6c4,hidesubfactionsplash
b6d7483282d2bdcb,frontendgamemodename
b6e3381bbb1707ab,streaktype
b6e619679d8b8d40,closingbutton
b6ec9b34e42e5fa2,ret_sat_loot_s25celticw
b6ee68d653d4cc67,isingameaarscoreboardenabled
b6f4ade1b05b6a66,dummybuttonlayoutoptionsmenu
b6fad0e97ca78c5f,player_nameplates
b7005c5f0c50fe2f,is_confirmed
b70585c49225ab74,current_value
b705fc9343e0fcad,getrewardimage
b70c8b864ed6763e,tier_list
b70e788241327544,canleaveparty
b71816b8a6999eaf,partytype
b71e96f0679b7a6a,ui_iw7_mission_team_hilite
b725539d511d147f,interruptions
b72b779189bf0279,rainforestgreen
b72becd3e06e6b15,isweaponequippedinloadout
b72dbd61d1850ad9,getweaponfullname
b73f097270747592,loot_warning_text
b73faf36a045b150,setpaintjob
b742866bda12a907,ispauseloadoutbuttonvisible
b743fcdffaa5c01b,previous_match_playlist_id
b74423e76dece3e4,issingleplayer
b749ebe79bf6090d,gpuclock
b74afd27ab73f761,loadout_content
b74f61e92c6e5d14,reticle30
b74f62e92c6e5ec7,reticle31
b751661a81ac1574,button_talk
b752dee92c716752,reticle29
b752dfe92c716905,reticle28
b752e0e92c716ab8,reticle27
b752e1e92c716c6b,reticle26
b752e2e92c716e1e,reticle25
b752e3e92c716fd1,reticle24
b752e4e92c717184,reticle23
b752e5e92c717337,reticle22
b752e6e92c7174ea,reticle21
b752e7e92c71769d,reticle20
b7564be92c745660,reticle12
b7564ce92c745813,reticle13
b7564de92c7459c6,reticle10
b7564ee92c745b79,reticle11
b7564fe92c745d2c,reticle16
b75650e92c745edf,reticle17
b75651e92c746092,reticle14
b75652e92c746245,reticle15
b75655e92c74675e,reticle18
b75656e92c746911,reticle19
b7579a121a775bad,sanguine
b759cee92c776ad0,reticle05
b759cfe92c776c83,reticle04
b759d0e92c776e36,reticle07
b759d1e92c776fe9,reticle06
b759d2e92c77719c,reticle01
b759d4e92c777502,reticle03
b759d5e92c7776b5,reticle02
b759dae92c777f34,reticle09
b759dbe92c7780e7,reticle08
b75fd0a5a604f2ad,rangefinderdistance
b7621dbc6aa4362c,isvoicechatenabled
b7663a3349e1e83c,hideall
b76c6d4d4a69f1a8,prop_hunt_wz
b771aa7ba07d9ff3,fieldupgradeidle
b7747d2b8d1ba745,shoulddisplayfreegametrialupsell
b77780d5079a68fb,cursor_type_move_click
b77bffd890cbf045,lootimagelg
b780547e6b007e4b,emotebundlelist
b78117d3595cdd60,hintinteraction
b78932deea682a11,getinventorygroupings
b78e40579c23c75d,arenatanlight
b78f82161913509b,animation_state
b796e16c66253caf,getmonitorlist
b7971e26315cfd90,showpmcmissionswhenempty
b7a35b1d5b88e4e5,streak_icon
b7af23bf09b26e16,is_auto_spend_on
b7afb83c61cd4728,announcement_text
b7b6e1a70093e4f1,sierraorange
b7b72db582220330,extrarecordtype
b7b8797ec9093dcd,clusteredcollapsed
b7b8a0c657dcbfb0,update_button_description
b7c819579cbb1de9,none_image
b7c9cd18a42729c2,istrainingcourselobby
b7cce0a970fd3cb9,item_bundle_equipped
b7ccf962f97cbf24,getinterruptiontype
b7dd9cc9c64af76e,deltaanimations
b7ee36b5cb9717bb,fetch_complete
b7eea97b549542f4,challenges_rewards
b7f20ab889e3a89b,ret_sat_loot_s4maze
b7f2cc53f813bf8b,arrowbase
b7f2e45a4833f2cb,isprivatematchinmenustack
b7f83c7e10ea3611,buttonspace
b7fd58c1303af5dc,handlesocial
b7fd8d132bce1434,buttonmain
b8002b8f09128952,daily_count
b8061340d9e5b2ae,role_list
b80895b60270e3a9,wetpavement
b8093e5a1b118acb,mutestrategyaction
b809e9797d713db3,current_weapon_display_level
b80a2c4abb0537d2,issecuregametype
b80a9da1e130e598,com_codcasterHighClientSupport
b8110782f0fa609d,bundlebackground
b813bb0471053f01,is_muted
b81628c8a76da0b9,iconglow2
b821705d0d116fdf,current_game_mode_string
b82359951a6bb1ab,getraritycolor
b824d938be00f086,prestige_name
b82940718b445645,clusteredexpanded
b82d5c9066760aab,memberonlinecount
b82e43f476988b0f,getblockedcategorywarning
b832770779dfe320,getoperatorreflist
b8345eed9e3043e4,setadjustsizetocontentsecondaryaxis
b8372e090abc044e,weaponstatswithdetails
b838627ae6d48e43,spinner_confirmation_popup
b838d2caecb4d4eb,isingameloadingscreenlobbystatusenabled
b8441ded43976c53,brplayer4color
b8606620a592eb39,isusingovertimegameplaytimer
b86752dee1e23d86,match_in_progress
b869c3d505926cc4,irondepth
b86c3fe73e968691,globalpanelbackgrounds
b86d7d5ab3cf161d,hidegamertag
b86f21443fd51a68,add_count
b86f9f9ce4c80158,isenablecursorbutton
b871690ef810f3c3,earned_season_xp
b8823d3eb242dbaa,ismenunavnext
b882f683db7d63be,lui_ingame_warzone_tut_retry_enabled
b884e7f2bc0f7103,warmtan
b8854eed1afa2fa8,match_rule_member
b887e27520f07b40,perksspecialisttrackerwrapper
b895bfb9305e5753,ui_tablet_active
b8968b9861b1cd64,ret_sat_long_04_wz_therm
b89a29113f5105c1,abbreviation
b89b84cbfd0b1b81,cg_drawversion
b89d5b50c7fd1f70,colorblindnone9
b89d5c50c7fd2123,colorblindnone8
b89d6350c7fd2d08,colorblindnone1
b89d6550c7fd306e,colorblindnone3
b89d6650c7fd3221,colorblindnone2
b89d6750c7fd33d4,colorblindnone5
b89d6850c7fd3587,colorblindnone4
b89d6950c7fd373a,colorblindnone7
b89d6a50c7fd38ed,colorblindnone6
b89fb30da592bef5,panelbody
b8a3a85c84a5ee50,frontenddisplayweaponcount
b8a637f835f4b206,showpremiumbundleifunowned
b8af65766287c0d2,dev_name
b8b4d047712ca92f,is_timer_displayed
b8b815e0d1ef965a,titlecinematicblue
b8b8e25bb75b206d,mis_cheat
b8d22013f9be666e,watermarkfocused
b8d4163295325e97,player_not_friendable
b8d48c1c4279dc2c,fontstyle_msubheader
b8d4d352073a0eeb,ui_multi_hardcore_active
b8d7e19cf86bd082,rights
b8db6a2fce65b86b,ui_cranked_timer_out_of_time
b8deb5110f0263ff,body_size
b8e188e636b3d53c,greengrey3
b8e189e636b3d6ef,greengrey2
b8e18ae636b3d8a2,greengrey1
b8e7cfa1bedffb5f,hudeditorcolors
b8ebbd45fc7f9b0d,__emblembundle
b8ee31a48dc9a6c4,rewards_list
b8f04a66674ee004,listheader
b8f5161efb1125db,updateweaponstats
b8fec72ee6359df4,team_number
b9000f9918932fc3,challengesdailymenu
b902c1b1b32f9549,refreshstate
b904d0516c19cc1c,display_level
b9082a6d7a89b8c7,hovercard
b90de4c19da99f08,isprestige
b914fedffefb3948,gametype_list
b9154295eb085727,premiumupselltype
b9199f2742b378af,difficultymedium
b91ec05bada4e020,iscamounlocked
b9200e3ded561da4,unlockcriteriaplayerprogression
b92071fabc38b6e5,recon_drone
b921894f90835216,geticon
b924c27a89ac26be,killdropconfig
b92c4a01df58ac02,ui_zm_current_quest_step_max_placement
b93131c3fbe6f71d,leagueplaylobbylayoutoperatorskin
b93c3a99cee3bc22,active_contract
b93ecd43308bedcf,iw9mastery_orion
b93f957ee80f305f,offsilver
b943e8107f003e18,smalltile
b94a16237f377fab,bonemarrow
b9513e5be39745a5,button_menu_back
b954d24ec53690ff,expander_expand
b955bae4bbce840e,reticlethermal04
b955bce4bbce8774,reticlethermal02
b955bde4bbce8927,reticlethermal03
b955bfe4bbce8c8d,reticlethermal01
b95fbd5e4816b969,extra_message
b9602bb68daa313e,isvpcdefaulttextorvoicemute
b962490a3f203e1f,dummyleaderboarddataref
b9641c1daafc88d0,poisdata
b968b9f197ff848e,button_select_anim
b97a8a73000f5ef4,issocialshortcutallowed
b9817f4555b786eb,ui_hvt_status
b9821ba03034b5dc,mobility_course_timer_text
b993b97750d9352a,searcheditbox
b9962b46791717fe,setuptextvalueinttween
b999c1289e468719,showimage
b99b16d4d543a0b7,ret_sat_loot_s15shonen
b9a2f67b74591903,linehorcenterzoomed
b9a506911b8ebc03,tokeniconflarestatic
b9b3f1b77a028448,statusonline
b9b799e0499b2a36,controllerimage
b9bbee80e9dd3430,callouts
b9c6fa992cf11bd8,featuredperklootid
b9cc198417915d6d,reticledmscopetherm01
b9cc9e373decec2e,isunlockedinprivate
b9d061b682c6a866,camobracketleft
b9d5becefa926cfc,show_checkbox
b9d7a94052b7939b,refreshcolorblindcustomcolormode
b9daf43384816d23,ret_sat_loot_s45trench_rangefinder
b9dd733f87c9603b,sapphiretitle
b9e1dddd513fc6be,getfiltervalue
b9e974dc0b6b2bc7,infohighlight
b9ea9b1cbffbd9d0,show_boost
b9efde26c91073e8,iseventreward
b9f250aa548adb18,completeborder
b9f31620440755c5,loadamountdata
ba0361441318ab84,ui_prematch_period
ba10055983a730dd,ret_sat_twox01_def
ba1725b5a3f9494b,killsnumber
ba24fa7664e6920d,tabsbacker
ba290a8fa28de2c5,uialias
ba2db0ab59f22013,current_sprint
ba300bda09269628,loadoutname
ba303e137a882196,areacquisitionsenabled
ba3b1b608c233aee,bloodred
ba525bd213180a78,focusednosound
ba581f2ae8b026ec,getflavortext
ba5b14efa1818f21,pausedescription
ba5d47a3dae8ec7f,counterbackground
ba841a50930fe504,ui_match_start_text
ba8c21d5878b13f6,mousedrag
ba928d9cc6d8b265,perk_name
ba96ba74bfcbdd9c,ret_sat_loot_s5humanoid
ba97276b161a9df5,store_button_focused
ba98da48fd72dd94,hide_focused_keybind
ba9ad4350655dae0,tracerroundsicon
ba9c0ec2a7728336,ui_walkable_scene_trigger_index
baa5ad4829724baa,field_secondary
baa8d68b295f4428,ret_sat_degree_part
baabd0518a18a364,warmbrown
baabec120be49e22,zmplay
baae1953e4f7f2b1,ch7_season_5_launch
baafa149d3177e9e,ui_multi_tdm_death_count
bab64e7edd705ebd,masteryrewardunlockdescriptionoverride
bab82bf644b6650f,zoom_percentage
bac463de0eb2ab28,button_use_visible
bac52fa8511cbc70,execesports
bac8300ebffac996,progress_normalized
bacb03030dabe35d,camocategorytype
bad6140257433f87,match_flow
badfa718e9818b19,getplatformicon
bae0344b044d329e,leagueplayplatinum
bae55b4328991e33,isarenacustom
bae6430d8eb414e9,salem
bae8403835f8a1fe,rarity_icon
bae982411efa2876,gray800
baf9e99b39723807,hasseenpremiumpurchaseupsell
baf9fcf8c049b37f,notificationon
bafa6833b0972b35,getonlinestatuscolor
baffd7398aea25b5,aggregateid
bb08256242603eb8,socialpartypopup
bb08c80955bd6802,zoom_speed
bb0a8c315698fa34,playlist_ui_cash_scalar
bb0f3d6583e55cee,header_text_string
bb100c1182c8465b,description_showcase
bb108b39228a54a3,socialpartycode
bb154c224fe1ea0f,getcamocategorydata
bb2029f6db8e1b82,weapon_build
bb245bc7188fe673,match_status_hint_text
bb2a594fd8781917,deut_you
bb2c7a4ab935354a,splashzombiesmissionprogress
bb31a8f04f1e47ca,matchmaking_preferences
bb32406f6e2f3c7f,playing_speaker
bb36bc50eb43e59d,has_effect
bb396eeae19c2abd,getheadertext
bb415b229bd81870,post_game_state
bb4ef0250722a522,ui_hijack_bomb_shotclock
bb5309b4ca34eece,premiumbacker
bb5327631752fb98,isdropbutton
bb53b2565f6614d6,showactivating
bb5531bc3a8722b5,alt_mode_display_name_ref
bb5757687f3ca121,client_num
bb63afd11e449555,hide_label_on_button
bb686a0a723e6442,getmaxcontrollercount
bb72fda31e284896,binkbackgroundimagecoverup
bb75503c2eddba32,focuscolor
bb7acfefaad7b3ba,types
bb7b4d2756aea514,challenge_text
bb841dd78ffc36aa,themeselect
bb8ba3f5d04f72c5,wrap
bb8ff78ae217d022,xpbacker3
bb8ff88ae217d1d5,xpbacker2
bb94b2d8703d06c9,brplayer2color
bb9b507dbd89e3ea,shouldstoreshowcarryforwardtag
bb9c78a281e7906d,isperk
bb9c9c3f798353fe,lightdamage
bba3883df6345218,crosss
bba3933df63464c9,crossh
bba39c3df6347414,crossg
bba3c93df634c08b,cross2
bba3ca3df634c23e,cross1
bba675fa79b2358b,prestige_index
bba9446836a8675b,margarine
bbaa29fa43737c44,image6
bbadaa9dd86e435b,current_motd
bbae1533cf6df05c,ret_cer_med_07_zm
bbae50b05f43fc4b,team_death_match
bbb097f18c6ace9c,saturatedblue
bbb79ee52b86b2a9,isdvarboolenabled
bbb865d93abd4f9a,divisionprefix
bbbade053d4ee1e9,bundledescription
bbbd647ffc8c831e,supersenabled
bbc11dcb027fa4f2,finishediting
bbc18a282c45f663,seteventactive
bbc3e87dcaa8e7a2,terracotta
bbc40dd69492275f,audio_test_data
bbcfa1f29005381c,codcasterblack
bbd40233cf8e9f50,ret_cer_med_07_wz
bbd6de1b3b4552d4,hidebuttonicon
bbda330f5e140688,getordereddata
bbdb231e7533bce7,ui_cranked_timer_time_max
bbdda5b706216c67,getprematchindex
bbe11ec2f9fc090b,disableblockedcrosshair
bbe81033cf9f6024,ret_cer_med_07_mp
bbfa36e961eafe15,match_start_objective
bbfead93936186d9,ui_fieldupgrade_popup
bc004ddb3e0372d3,vignette
bc00cce2c2715bc1,isgwbombgametype
bc017ee3b5ea0d66,ui_zm_current_quest_show_leaderboard_winner
bc03d93284e93f65,gunbenchtertiaryoffsets
bc0698e78b3104ee,loadout_buttons_list
bc074add2f800e7b,ui_tablet_usb
bc0836828071273b,purchaseanim
bc09829d70417963,openzmmenu
bc0df8e1dd68422c,isusingpubliceventstimer
bc0e3f249a6a5bd1,overcharged
bc109e9849acbccf,ret_cer_loot_s3brush_rangefinder
bc12f1a64a95e652,first_ping
bc151e043d889703,ui_super_state
bc202070746fe717,openweaponpreview
bc2639c626a789c8,ui_zm_mq_complete
bc29371e851428d4,damage_feedback
bc3b9db6f344bc0a,completedbacker
bc5136c91e7379bf,ztron_adv_start
bc54ad6442b53cd1,loadingskipcinematicoverlayplayerlistitem
bc6c364eab44503b,grid_focus_left_not_blocked
bc731fa8508c9a63,gunscreengluttony
bc739bdd9153afa0,olympicbronze
bc73ce33d1d11b4c,iw9armoryfocusmid
bc74b040cdbb69ec,ishavocgametype
bc794d448323f037,getweapon
bc79d07197deeb49,ret_cer_loot_s2vtuber_element2
bc7b517468d721d5,title_text_color
bc7dff7b2dac10e7,unlockcriteriachallengeprogressbar
bc86d0a9dffe6dcf,disableautounlockprivate
bc9a8e9132804876,tierskip
bc9e69a85c7137ee,weapon_table
bc9ed77fb5db0945,fixup
bca77d6df85f12c0,placement_string
bcadac3b4475fc1e,bundle.lootid
bcaf712e6c30ab09,getitemnameunlocalized
bcb1db437d02cde8,isspectatingplayer
bcb2144579cf3f4a,ret_cer_med_05_mp
bcb7444e74b607ac,ui_sec_weapon_rarity_zm
bcc7024579e17cbe,ret_cer_med_05_wz
bccf7cee3d050aef,isjapanesesku
bccf916b75f9c606,_tabnavigator
bcd6d32341e364d6,background_type
bcdabaad33389d6a,isleagueplaybutton
bcdeba07b8effc2d,bloodorange
bcf2f9457a06a85e,ret_cer_med_05_zm
bcf36c4fec96d38c,cer_season_6_launch
bcf4415199e71df4,playback_speed
bcf4c1d23bbb68d6,next_prestige_name
bcf81f43dff761f4,isinventoryenabled
bcfdddb11b60d1b8,is_wishlisted
bcffa74e65e0045a,contractinactive
bd13ba2dfb4c5fdd,animation_complete
bd13d29d2ea9e3b4,secondaryaccent700
bd145a3dc1181570,baseyellow
bd17a9fde01bef42,ownsblueprintofweapon
bd1e08d4d7941bfd,category_color
bd22b378f7408994,isonladder
bd24ffe5a25f1247,tacmaplabel
bd273e22f091949c,damascus2
bd274122f09199b5,damascus1
bd28f232695e28ee,reticlesniperhdromeovz
bd2bb747449735e1,ui_keypad_fail
bd34dd188fea36d0,jup_reticle_acog02
bd34e0188fea3be9,jup_reticle_acog01
bd3b486457d13f87,insurance
bd3d4142784e6f40,isdevelopmentbuildonconsole
bd44100fdebc7175,ui_iw8_store_l2r2
bd478abad6ce91ec,attachment_time_spent_ms
bd48e10abc525af9,mission_count
bd58a105c939d6a5,ui_super_ddos_screen_on
bd637ca2ab6b7ef4,weeklychallengerewardbutton
bd650a4b09ddce42,bindingpreviewbuttonplus
bd729fee48240686,rightdivider
bd757ff58d3cb9c5,isoperatorupsellenabled
bd76755493a00a3d,secondary_color
bd7ceacecf4906d2,alert_has_token_selfrevive
bd7d30ea6dfc6406,animatelogoandtitle
bd7e3df79d08e6ba,buttonalttwo
bd803fee049cbf32,ismapselectenabled
bd9028b404eb9593,presencetext
bd97ef86b252cc98,bordergradientstretch
bd9d8426c389ac68,defaultitemheader
bda461b6a5d2399c,isusersignedinbnet
bdb61a52d9868a66,pricelistoverride
bdb8ad5ff66f49d2,hiderarity
bdbbbb6fdd49dd93,menu_description
bdbef00c00fca2e5,value_bundle_ref
bdc38ab671471cdf,gettitle
bde2ef52d6474a62,defaultslotone
bde5c0775cb9c830,hasseenlockreward
bde975ba1604921f,leaderboard_entries
bdfcfaef1a1c2065,accessibilityaction
bdfd491f7d99669d,exfilmovie
be056d4cd252f5b3,completeentrytransmissions
be0627964f10c21f,auto_grab_by_class_setting_updated
be06ea5d85814909,squad_stats
be09771ec411a3c1,showdoublexp
be0a616ae50aa687,getspecialistmodel
be10dd2997a31deb,levelusesequipmentradialmenu
be18882e1e88f4d5,relic_grid
be1b81874231525f,externalgametitlestring
be235869c45cb6a7,openclip
be236febf5ce0389,focus_standard
be23b13d21bcd92c,ret_cer_loot_s2saintpat_rangefinder
be2405b10a85eb4c,dropdownbutton
be27806fb40d8ce5,weapon_base_ref
be2a85bf4c0ca913,entry
be311b53ae700dba,rightsegmenthighlight
be316f0bfa877576,prestigerankscene
be329e316526c2cf,ui_iw8_br_aar_matchtotal_stop
be49244cb8292e97,camo_category_list
be4e449ba5d62930,active_objectives
be5079212ae222e8,vertlinecopy5
be507a212ae2249b,vertlinecopy4
be507b212ae2264e,vertlinecopy7
be507c212ae22801,vertlinecopy6
be507d212ae229b4,vertlinecopy1
be507e212ae22b67,vertlinecopy0
be507f212ae22d1a,vertlinecopy3
be5080212ae22ecd,vertlinecopy2
be5545bc1f4404a3,reactionslist
be55512f30d71d5d,online_invite_hsm_should_show_error_code_in_toast
be64b54aa1429293,ret_cer_med_04_zm
be6b525fa1dfd424,reticlesnintercept
be6ba2e5407358ea,training_course_current_targets_hit
be6ed2a222c5d85c,newicon
be6efe7aac3ae4b1,zmcustomization
be6efee58ba3da85,lockedborder
be7403b03412441e,loadout_skills
be75c44aa1511f43,ret_cer_med_04_wz
be7e5fd402abc5d8,perk_description
be838c9226f8a960,usebackgroundoverlay
be8d72759d6a816d,bindingpreviewbuttonbackspace
be8da5b0a4a9d0e7,hidepips
be94cc7c1b9dcbdf,ismatchmaking
be97abe06db309ad,desiredsizes
be97ca4aa16e0fdb,ret_cer_med_04_mp
be991042123f73f7,cod://
be9a1a5090f1172b,endgame_called
bea0dbb71e33b04b,isstatic
bea53189ae6d6daa,proximity_chat_toggled
bea85daf4edb2a03,ret_sat_loot_s15science_thermscope
beaac6d270585321,online_matchmaking_is_league_play_br
beab412816c66ee5,istuningenabled
beade3838df6b9d8,all_events
beb0e1b952105ad5,getchaostier
beb1afbafd621775,bloodline
beb2a763205219f4,getshowninmenu
beb7f4369b9b38e1,collectiondata
bec52c2abd1cc928,ret_cer_med_07_zm_alt
becc0d8aeae180bd,buttonyellow
bed08a9186b23ec0,use_large_reward_item
bed0d484327fe0c8,edited
bed0f9b67863f0ab,sat_season_1_mid_w10
bed5aa7bbf21aa98,fieldupgradecontainer
bed8c56675447468,borderbottom
bee1eaf7f94f9594,getforcetoeventbootcount
bee34c11f0dd6b04,leftdpadbuttonfe
bee830796e11b755,skillname
beec2f360d6ced53,ui_mule_weapon_pap_level_zm
beee29611f31c08b,reticlecategories
beee511998fbce96,training_course_in_station_range
bef17cffe8d0ea42,bundleref
bef205737d1a7ba4,setandenablecustomclantag
bef3dafe4f2f788a,lastkilldistance
bef5ee2ccacb0b9a,is_redacted
befaab5b76c03c06,eventendedtext
bf0bc40dc513bbd8,pick
bf0d63970d4fbd1f,rarity_backer
bf1422b6bad0990c,loots
bf1d2956b0c99df6,isinlobby
bf1df1f49e4fa5fa,rarity_string
bf2a7aef13b3eb9f,usetierskip
bf2b1dec5c23b063,display_state
bf303c06e6971775,is_in_offline_mode
bf3207fadf1a7d10,isltm
bf3831d5a030c3ec,sendfriendrequestbyid
bf392789b51977b2,hudboundsidebottom
bf39ade48cf2d6c1,scr_conf_killstreakconfirmed
bf3ba6b3cb9fbaf2,major_ability_upgrade_image
bf3d45562403bd9d,detailspopup
bf40e88c5fb8c6a3,ui_bonus_remove_tier
bf53adf0a4debc62,is_tracked_state
bf542543afe35045,refreshed
bf667c48c259891d,gettabname
bf6a7bab17a819f1,player_list_height
bf6b7a09b57f2f0a,mission_xp
bf74fc4e28076e41,visibilitylist
bf776a06fa3457d8,electricplum
bf7a6d6ae2bdbd7b,groupshandler
bf800b5b78c275f7,neck_shot
bf83a964fc8a1bd0,is_last_item
bf891329355c09f6,deployment_fees
bf9f7a197fde6291,xb4
bf9f7b197fde6444,xb3
bfa3959a397aabfc,highlightenabled
bfa4f52d8e608854,basevariantskin
bfa7923732712aff,styles
bfb1f7262c235186,getgender
bfb21fec5f253cb6,isbrhudwzgamemode
bfb2c9897f2ded4d,superisrestricted
bfb79c6f02b498f1,getplayerrankicon
bfc3d6b05dca3258,trianglebase
bfce3accdbf87dff,isloadoutweaponattachmenthighlightenabled
bfd36b98386d44d9,third_column
bfd62e91dcd5aca6,ret_sat_loot_s25samoan
bfe154c526ca47b1,hasaction
bff6bb751db25d87,getonboardingcdldata
c003593759413594,istimeractive
c0054b16be5c46d6,mobility_course_timer
c014492ed9d4986e,operator_background
c01da0d14e8071b4,arenayellowlight
c01e6b24645d3a25,challenges_menu_buttons
c021e727d6646224,fultonfull
c0228f40c77605e0,bindingloop
c027f9f2707b6b7e,active_mission
c02a8335b5f358d2,social_menus_disabled
c02df328a50d296b,focused_index_default
c0305d172aaa54f1,bsred
c03065553fbc34fa,mpplay
c035a9cf02412feb,side_arrow_created
c040be2f44a13ee8,fieldupgradefill
c04237df362da469,select_xcam
c04285f795e5d992,controller_inserted
c048a83371f53f3c,contextualmaxcounts
c05045ba8fc9ac3b,mercenaries
c0540d486f094c5a,takeout
c055cab74a709648,setbrightness
c05753dc2885b27e,spacing
c0592a1d3ec80f18,buttondismissnotification
c05a6cb4b61c83f1,applycurrenttheme
c05d41d058b9159a,contentbacker
c060e5a69949e603,isblocked
c0631ab43ba10119,setgametype
c067c9a6e509f13e,revive_state
c07414eddd3d67dd,gameplaystatweaponstat
c0762566353ecba8,revokefriendrequest
c07917cac5f98165,movement_disabled
c07dfced5ac3a0fe,ret_sat_med_10_wz_fourx01
c07f0119e3154625,widget
c080dbc25bc4017c,jup_hybridscope_02
c08489b3677db2c3,lineright
c089b4cdf6465585,channelserviceunavailablewarning
c08b250d183617be,royaltea
c0911ceb91305011,ui_iw8_aar_supply_drop_available
c09d1e3145d36e9a,grid_data
c09d8db9be5c5e3f,colorblindswatch
c0a7bbbac7888402,shouldbrcreditsshowinmemoriamheader
c0a8b04a8bf5b8d6,equipment_menu_title
c0a9b80103d0dc7b,usingfreemelee
c0ae84ae3e0f7177,loadoutdescription
c0b6586fb7881150,silverhighlight
c0b845b96f28d04c,midphospher
c0be711212a12abd,dirtybrown
c0c654a780de6553,equipment_tooltip
c0c69eedb668158e,reticlesnscopevz02purple
c0ce7eb993722826,getitemtypelabel
c0d0a14b16bd3bc4,getoptionspath
c0d58702481ceefc,getfactionicon
c0dc534e3003c89b,transform
c0de23f39440cd77,gunscreentalkingrobot
c0e3f17b0339fd9b,ui_fieldupgrade_confirm
c0eec5d831f342d8,ret_sat_loot_s2firebreak_thermscope
c0f22a67428316fc,bundlegetdisplayname
c0f383ee9203edd8,can_enter_prestige
c0f5cfa87546f4f5,creamcan
c0f6f668addf1d9f,killstreaktype
c0fbf6b2652a7285,friendlyteamhighlight
c0fd54fbe7e79845,scout
c0fe2baa627fa02b,getloottable
c10106aec51e21aa,getrarityborder
c1054d75c531a9cb,firewarning
c110b74964386824,two_factor_auth
c112f1a338af5966,itembtnframe_hover
c11c0e0b7ccc0a52,completedcheck
c12270a26097e1c0,_template
c123cb146e092d86,islegacyweaponselect
c12598a3797af447,tagscontainer
c12d765d25f8206b,update_top250
c12fe000ce771cc8,ret_cer_med_10_wz_alt
c133c5d19641f778,detailscontainer
c1411ae94f3f5582,getonboardingweaponclassifiedchallengedata
c14ae3ff748dc438,player_id
c14f8a3002174e96,fourxhelimawhite
c16abef69b8120a0,reticlesndrop01
c17027481580dc42,formatlargenumberforcurrentlanguage
c17aaef13751f506,reticlehybrid03pshock
c184869413ff7826,stonebeige
c189c259ad69e618,displaynotificationassetunreadcount
c189ce6d536c68e9,debug_update_pos_and_size
c18d93335b8833bc,subheaderbackerdividerlinebottom
c190bfd9b902fecd,ob_pvp_sector_capture_progress
c195253356d84ea3,assetoverride
c19bb56302671e43,getfieldupgradedetails
c1a0189c1420c0a5,presenceicon
c1a49d796d6635c6,linesidetick3
c1a49e796d663779,linesidetick2
c1a49f796d66392c,linesidetick5
c1a4a0796d663adf,linesidetick4
c1a4a2796d663e45,linesidetick6
c1a4a3796d663ff8,linesidetick9
c1a4a4796d6641ab,linesidetick8
c1ae577f6106f86a,operator_index
c1b303adf108bd2b,override_image
c1b9b4ce6b522b8f,is_header
c1bc0cc02fedf2b6,personalsidedata
c1bd636c366e2934,downedplayercolor
c1cd7493b0018de9,channelsettings
c1d82489ce0cfdca,codcasterteam2substitute
c1d88a13c2f2dd48,operatorgearinformation
c1d978731004ff00,friendlyteamtexthighlight
c1df249c95579890,damascustitle
c1e57d820861f41d,rank_icon_large
c1e7e39281bc898b,getstringref
c1e7f10fb15fb8b7,nothighlighted
c1fe3ccd4fa3f0f5,anvil
c201b66a98950ed0,ret_cer_long_02_zm_therm
c202bc431aceb523,show_attachment_pips
c203a88991aac305,next_level_text
c2077452c28ab2fc,tablelookupbyrow
c20cbbe000e4e8e2,desaturateddarkcyan
c2110aeb8aa06e1f,highlight_color
c2126d5345d524f2,asyncfetchcatalogue
c21bd9c5b81dfcbe,reticleoutercirclehybrid02
c21bdac5b81dfe71,reticleoutercirclehybrid03
c21eba586fbb754b,equipmentskinselectbase
c21f257f42450d0d,isgamepadqualifierenabled
c222eeb200bba708,resetfunction
c232a6c15911805d,namekey
c2399ed23133dd26,progressbacker
c23d44d683cabff9,quaternary
c23d8ae2a3707580,smallsocialmenu
c23e4d7df5c6ddd5,type_name
c23f012ca304fbdd,iconanddescription
c23f42d4f1f32006,is_using_match_progress
c2416cc2e15da73b,item_title
c24379b55529ac49,description_text
c24fe9c834abcff1,getequipmenttype
c258ac6df5261ab8,equip_slot
c25ca22e21b0b271,squad_name
c26c5e3c71f7f82c,bundle.useweapon
c26ed57de4ea0a2a,settop250position
c275fa824f7c521f,leavelobbyblockedplayerwarning
c27e929c7fae6f35,reticle_button_list
c27ea8b2140d407f,gethighestcelebratedposteventmainmenuvalue
c2836b18964bf356,rank_display
c285c604c2f78461,shouldshowstatusonfenceinprogresspopup
c28e912203808c04,isvpcforcetextorvoicemute
c29dd86f0ef810ee,ui_toggle_third_person
c29ef1923b978931,error_message
c2a594afa92a46c1,handlepartybutton
c2aa436f8aba4fb2,send_request_button
c2ad5d77073bed12,gray17
c2afdca51ec71f96,imagesmalltall1x1
c2afefbf0b56015e,raritytocolor
c2b2459fd9385ba9,leading
c2b6b465f52fd826,endtimedvar
c2b7627707444a16,gray48
c2bcc9fed1d77600,backgroundcontainer
c2c3783f5aaa6806,instance_inventory_index
c2caa9f100f6e189,grey153
c2ce29f100f9f0e0,grey143
c2ce2cf100f9f5f9,grey140
c2d27d81bc47bd5a,focused_pro_content_item
c2d4bef100ff59bd,grey166
c2d7ef09530f60e6,seasonaleventsquickplayflyoutlistspacer
c2ddbff9c047100b,buystationitemcost
c2df2df101086adf,grey137
c2df2ff101086e45,grey135
c2e2abf1010b76d0,grey125
c2e5e32ec82ffbde,shouldallowinventoryrequest
c2e81847e6464a04,iszoomoutmapbutton
c2e92fa6efcf8d06,next_page
c2e9d0ad87fa0242,categorytext
c2edfdf00c1b4402,slide_left
c2f15385a5b66462,playrumble
c2f294167164f824,ismpintelmenuenabled
c2f3adf10119ed69,grey197
c2f3aff10119f0cf,grey191
c2f4794f25ad88b3,point_value
c2f4de6987949149,celebration_bink_ended
c2f6b3f1011c2d72,grey181
c2fa8e4e79409401,hq_status
c2fbd8302b5fde68,contract_tier
c2fc461efecbd46b,start_level_xp
c2fe7c7dbd39c401,next_category_name
c2ff12d38383bfd7,getplayerdatavalue
c302ab1c9dfa5053,getbaseref
c308bcf408d2bd77,refresh_daily_download_limit
c310110573239f8b,isstorecleareverythingonleaveenabled
c3120018f0703157,exe
c31aae0ac3ed800c,tierskipchallengereference
c32132af9ef88439,fonts
c3219572b33d9b55,ornot
c324a99f2b64f867,leftsegmentbasea
c324aa9f2b64fa1a,leftsegmentbaseb
c327a1b0849334cc,ob_pvp_sector_capture_enemy_progress
c32e013d536e8d81,ret_sat_long_02_mp_rangefinder
c33de82887fc4c81,battlepassname
c33faa453dfedc62,smallerfont
c341ddb640c4a237,getonboardingspraydata
c3455f2146894798,focused_item_index_weapon
c349dc58b7ce0e71,starhigh
c34e3657c1a16ba3,health_ratio
c34e8d61d16b85f6,battlepassalias
c350e553709d5c9b,ret_sat_loot_alpine_thermscope
c35122f7fd5ec664,redactedicon
c3549a52d1563e4f,skinwest
c35b212185bbd7b3,attacker_dist
c367bff243913120,gunscreencerhiphopsteps
c36a8b51a75fc34c,video
c3745f6dadb0d5d9,sectionheader
c374f31cf70a4770,viewbundle
c3825c130f3fafa4,secondaryoverridecolor
c385f48cadb6cf61,upcomingtag
c3875f1ea060d773,widget_state
c38f86620a17b3d8,ui_securing
c38fc78214279127,tile_image
c3943ae795be776e,seteventcomplete
c3963b55e58aad14,singleupsellbundleinfo
c39bd6369ab63ac1,new_loadout_index
c39fa9c3d3d0572e,eventicon
c3a18965db644b6b,scr_game_allowsupers
c3a3b181d2594dc2,category_bundle
c3a450a375ef24ea,getoverheadicon
c3ac1a5d82cffd39,hardware
c3acdf13c8ce2f06,is_context_tip_visible
c3adb85a4d219e3f,holdtext
c3af5bf82c97f0ad,ret_cer_long_02_zm
c3b73b6000936510,calling_card_image
c3bf4f8397f1d76d,srtriggers
c3c046f82ca64031,ret_cer_long_02_wz
c3c4590da6e586e3,usefeaturedlootbonus
c3c855bd3899ca0f,ui_iw8_payback_victory_end_slam
c3ca5b2cdbc956d0,thermalcompass
c3d22581278ffcdc,archive_replay_toggle_hud
c3d4fad77af7fd51,usetopvignette
c3d540f82cb89209,ret_cer_long_02_mp
c3e36c1d746dada8,ui_iw8_aar_cardhit_rare
c3e74a4632dd5b28,alienfrontend
c3e882c1241210b4,ret_sat_short_05_mp
c3f9d2c76e5c13a1,setreticle
c40bd7d40392a3ac,clearactiveelement
c40e824fe270e174,getmodel
c4198534171af0d0,currentgametype
c41a7f43a439f1c2,optionslayoutbase
c41b67c1243d3c6c,ret_sat_short_05_zm
c41d171b492190a4,webview_hide_global_player_info
c41e12804ac7df37,horizontal_alignment
c41e47ac29ff6854,ret_cer_loot_forge_dragon_rangefinder
c42a2bc05bbd854b,flashhealth
c42c3fc210098cd1,missiontype
c42daa81f3e19771,useinstanceinventory
c43475c07ef2b134,ui_killcam_killedby_weapon_rank
c44074c1245c6ec0,ret_sat_short_05_wz
c4408dc1245c993b,ret_sat_short_05_wc
c4465eb705ec1f46,storeredirectlinklist
c44798622fe68418,camostitle
c450ff5b55178196,brvipgold
c45306856e10cb6e,ret_cer_med_05_wz_alt
c45312932811223c,scoreboardtitleitem
c46136d9db78c0b3,CDL_has_seen_restricted_loadouts_popup
c466c0a43b17db4e,obactivitytrackerwrapper
c46a1a57428e0770,pro_content_splash
c46c3e03c46597a3,ch8_season_2_launch
c46f60f8b77da7fd,ispopupcancellable
c4761acc709c0f6c,live_dialog_text_box_with_cancel
c478d045d6d707bc,current_map_index
c47978797dde81e1,weapon_tooltip
c47bf9ad08079991,itemrarity
c47d2f530893ca4f,color_picker
c47fba4090d389b1,league_play_type_br
c489d349adea52b8,isvehiclefuelenabled
c494a028e19b8201,issliding
c4981437791c5570,buttonred
c498157273a750cc,missioninactive
c49eae4090ee25dc,league_play_type_mp
c4a2c0e25dbd2877,mission_rewards_list
c4a7f7fd3d2cee74,headerbutton
c4aa06383d8bdd4b,dog_tags
c4aec49d359e9406,setsoundsubmix
c4b292c412eed457,how_to_use
c4b3895f4de4ad5e,glow_image
c4b4f0e1a9e8c104,areequipmentskinsenabled
c4b5eb7823313ffe,hideviewbundleprompt
c4ba455d331262d1,is_maps
c4c0d7147ca4a038,quickequipoperator
c4c26525df69a05c,isbenchmarklobby
c4d420fa57862793,setdisabled
c4d5f26bc25dcf4d,socialrecentbutton
c4dacf6ab09ea7de,hvttext
c4f4e1d499f28cf0,reticlesnipersksierra
c4f6decb7dc6092e,text_chat_enabled
c4f9d89ab01ffffe,main_menu_offline
c4fb7308a60d0bc5,dmzpersistentoperatorselect
c5007beaedafb708,tabindex
c5009f1b90f31665,parachute_list
c5015e20bcf99c1d,focused_item_data
c5049773fe489b23,buttonactivesnap
c507bf8136303435,user_has_last_played_tile
c509751540145cb7,privatedsallowed
c50c696d6cf06e9f,states
c517ea7f4c07ce5a,splashtable
c518df030fb65167,contestdark
c52efb95fd264bac,mode_image
c53224c583665585,reticlesnscoperf01
c53df9dfe73e08d3,lefttriggercolor
c542ce2b8f56a2aa,haseverseenmainmenu
c548fa63af43e0e0,bordergrey
c54af26033e54890,rapid_surge
c54af3d41c09119a,headerline
c54e18075b65d3ba,skipdisabled
c5539d17922ce46c,check_exit_video
c553b09d61f79296,fuiicon
c563e9ba2873cfe1,requirements
c564879d95373150,isbackuppistol
c56716ea22148329,_templates
c56a79c7a966c63d,hudshowingamekillcount
c56e382dd98062e7,privacy
c56ed334a5a2cb22,loot_ids
c5707d78785ace52,lootcardalerts
c5731714bec85734,drsdigitalthermalsight
c5779d05d6282b34,isbrresurgencesolosgameplay
c58206a19bf5c351,pso_text
c5894a0c62d27303,selected_action
c58c8d2b61ab0a48,setreactiveslot
c58ea07711a9e835,isdropallordropammobutton
c59c0c3887eb4815,ui_chyron_on
c5a19e61a5d9bb6d,restrictedgunfighterbuild
c5a3984c41e24a3b,ui_zm_current_quest_team_members_places
c5a5458881c6a4b2,prestigemasterftue
c5affe4c2f90ecca,ui_bomb_progress
c5b2555c99b73bb2,grid_expanding
c5b3cf819c8fe326,bindingpreviewbuttonleftalt
c5bce7a0168bd06a,ui_tactical_camera_disable_zoom
c5be6cc84b3723fa,glowoutline
c5c3cf9127037386,styleguideextradarkally
c5c668480c8864ea,itembtn_disabled_hover
c5d2766a8d7281d6,setsettingvalue
c5db828b2b123846,subheader_text
c5dde9b2dd5ed11b,ui_iw8_br_aar_contracts_stop
c5e170b288f48afa,filterid
c5e50ef5acc9571c,selected_player
c5e9662c259702de,playercompletedeventdesc
c5ea7ad3f02052e8,playerdata_available
c5ed34dc1004cf45,dropdown_closed
c5ede64b57da69cd,titleimagesmall
c5ee21bb76dd92dd,isdogtaggametype
c5f1c94aab29cf54,usemasteryoverridecolor
c5f49bee4225a908,getfieldupgradeimage
c5f4ad43cca9213e,itembtnheader_hover
c5f4c12fbc1fe6d3,round_end_match_bonus
c5fab8b641342ef5,ui_laststand_bleedout_progress
c6062c608a2a0a7b,styleguidealertequipped02
c6093d6221a5071b,controller_changed_confirm_mp
c619c87cbb5b6a79,is_filtered
c625180c6ce6eae2,is_elder
c629ed9d33ee111f,secondaryaccent600
c634b2abdd9b51a0,field_equipment
c63f18b83a50daa0,opengunsmithfromweaponselect
c643586a4be0ad35,smudge3
c645f3a09a1194d9,getoperatorequipment
c64dae956b5f6133,is_additional
c65070d163530c53,parentsettingbundle
c6516f90f5cf9c9e,dance_off
c65267d105772d41,iscrossplay
c657f03dd32fe30a,isarenagametype
c65c64e905cc0007,reticlesnscope05classic
c65ca0f16059ec1b,grid_view_prompt_refreshed
c65d4d4cc8043cfc,doubletile
c667b4a49919d1e9,magstitle
c66d28afe21f3941,showbonuseffectdmz
c66ef7ea3ce1cf32,iconlabeledbuttoncenter
c67b95cb66e34daa,calloutmessage
c6834186400e1a68,statsbutton
c68536450dbfa4e1,gameplayobjectivemoduleenabled
c685870d3a640a8d,codhq_warning
c6897d09b6599b2d,selected_chat_id
c69b24c8b2064f19,hidelootpreview
c69c7c2be0bd3cf6,objectget
c69e34bd6ecb1830,isriskgametype
c6a5edbc89202977,istop250
c6aaa51fba9c649b,plate_color
c6aaedeb8697dc53,getallweapons
c6b265f970a95952,infonormal
c6b3e2a08beb9684,is_last_champion
c6c82f86c8dfddd1,map_count_text
c6c924f8ef39ca9f,containslootid
c6d2adbd474bec6b,alert_ammo_rocket_full
c6d371e6481d6190,getrefbyid
c6d96fb6c63c4d20,buttonlayoutoptionsmenu
c6dad0b958420b6c,hide_details
c6dcffb9f5402938,is_final_reward
c6ddc9e0081a8540,uiimage
c6e3f011b7c2a135,tab_button_text
c6e4ac05e411b41c,is_quick_access_label_visible
c6efb2695781233e,havoc
c6f63c0380275664,tacmapenabled
c7055d010539ab4d,is_prestige_challenge
c708a4912d76673c,opengamestore
c708ba025e485b64,message_color
c7091fb2a7344c70,local_player
c70ea36cd6ab26f4,partyname
c71471817065e63f,pausegame
c71777de3f36d0ee,pressonly
c71d9bb192a9782f,stopmovie
c72325f8a0e86a20,getbuttontext
c729829962883be9,popupcantafford
c72d33428db5d5e7,ret_sat_loot_quad_thermscope
c72fe1725606c499,palegoldenrod
c730059856f9b2ae,upselledition
c739bf12eaed8bb7,codcasterlight
c73ad609f5a206a8,unfocusedgrey
c73c95a7b4fae02e,hasattachment
c73fdd7b0d502124,loadoutselectstate
c7426e70e16fb73e,getemblemref
c747b24735d8785f,socialnotificationcounter
c74b471e53422b84,relatedsettingbundle
c74cef20f5cdae6c,tacmapkeylabel
c74cf08442060b98,hidegunsmith
c74d27dfe21f9ffc,mortar
c74d4cbce3f3f694,ret_cer_loot_s2ghillie_alt
c75b0df1301cc6af,removeelement
c75d5649fc4631ab,isstorebundlepreviewlistenabled
c7669ce3ea90ae7d,ui_iw8_br_aar_matchbonus_rise
c76ab374478c69f0,field_upgrade_1
c76ab674478c6f09,field_upgrade_2
c76ef8e2444b4bbf,badred
c773ae73f3fddebd,matchrules_updated
c779b78d51a8ed4f,storeopened
c779e42a7b17a15f,champions_quest_data
c77c63c1fbf9fde0,globalplayersocial
c78336de07ed038e,quest_rewards
c784940f5f874e3b,isweaponclass
c78abb8323d40ba7,headercontainer
c78bbcb33f3ae838,gunscreentalkingnpc
c7952fdff99da419,team_enemy_rounds
c79603489362e8e4,arerestrictionsactive
c79db8ebe33143b2,jup_reticle_duplex
c7a0f47b7175bb3a,arextrashort
c7a1cd6fdf95d9b9,weapon_prestige_icon
c7acb6badb991de6,codaccountpostaccountcreationpopup
c7b612fa6b32e73a,client_stealth
c7b7ed2e65ea3a0b,ob_pvp_show_sector_capture_progress
c7b8136b0ccf5e77,disabledborder
c7b8ae0c377ef3e2,ret_cer_short_04__wz
c7d30b82f5c992f9,centerg
c7d62c73c34ce264,prestigeavailabletext
c7d693bcaf285617,gunscreencerverdansk
c7d7f05521ee5359,attestationpopup
c7d8b0525835867e,statuscolor
c7e586e00cccfe78,challenge_name
c7e9a2c7f6c6abdf,prot_enemy
c7ea1423313beb2c,ui_gren_ind_entity
c7ead548f5999724,unlockcriteriaactionprompt
c7edd635f020b41a,apply_color_and_close
c7f123e8a92c71ca,lefthorizontalline
c7ff7e7d2c24360e,brcancelcontractenabled
c802ead6a19dc503,messagesverticalscrollbar
c80c40cebe1f7345,loot_image
c8172e8eab9cc33e,reticleminireddot03elecblue
c8177ccf411981ad,wzhighlighted
c820d17ba94bda2c,rowlogo
c829166ad87acf9f,ui_mp_package_select
c8339c3830b72127,baseperk1
c8339d3830b722da,baseperk2
c83ac2dcf76061ef,gunscreennuketrackerstpaddy
c83ed23f8ba15c68,ret_sat_loot_s15shiny_thermscope
c842078c742a24f6,choice
c84bce775f374185,haswarning
c84dacfacc79b0bf,hiderarityicon
c8512f33535140e4,shotgetname
c85aea3ec4ebb72e,bindingwarning
c85df11a962992f8,issprintinactive
c85e541e04de4e60,primaryprompttext
c861af68e442dda3,crosslaunch_transition_data
c865e71e9a7876f6,closebuttonexpandedwithbuttonhidden
c86a8291d7c8ccbd,iswhisper
c86b6b0f8e673a22,sub_label_text
c86e22a5c35caf41,trapsinput
c87855596a451e0f,update_expander_cache
c879c2878db98f92,getweaponblueprint
c8888c7a29f149e5,getleagueplaycategorydatasource
c89b2c178c7b550e,notificationbackground
c8a2f45a543040ef,jup_reticlerussian01
c8a2f55a543042a2,jup_reticlerussian02
c8aa63dcfcfd7826,mission_index
c8afb8a9954c476c,active_index
c8b0f28c667a8a8e,handlecallingcardshowcasebutton
c8b6ff4d26b77257,getcurrentmenubundle
c8b75cadb0e3ccc0,dartmarkzeromanualtogglewrapper
c8b7ab66de0d1b99,isbrinflation
c8c35e73f2331283,current_theme_index
c8cb9dc59c6138d8,getprimaryweaponref
c8e51c7d9c892aac,leftdark
c8e91eb23d7988c9,clearcaches
c8ec40639ff2fd32,cdlinfo
c8f217b89cf355d1,buttontriggerrightprompt
c8f4444c9f3d3a4c,buttondpaddown
c8f69e7aba89f6bb,dummysticklayoutpreviewlongdescription
c909203160515ff2,frontendmodel
c90b4f7ae5667ab5,_tooltipdata
c90bc2778fe11a61,jup_snscope_hsierra
c91a56109debffe5,pending_list
c928ec158eb944fc,bottompoint
c92918f047b2bfc2,ui_zm_echo_portal_time
c933fbf537242eae,removeallattachments
c93444e28e24d805,reticlecrosshairrcdronegb
c935f1efff421a58,ret_sat_loot_s35mumnight_thermscope
c938d368ac8b5b32,unlinkkeybind
c93a1fe98b1ee278,proasset
c93c06964b6615e1,loadoutidleinfo
c93faf9d21577405,rewardscelebration
c9407cab7418c41c,team_rounds
c94e2bde19b00d4e,ret_cer_long_04_zm_therm
c95626e216bc3048,button_quick_options
c95662b049b80eb3,getprogressionstate
c95bebeaa948d335,focused_base_build
c95f1f162293cd2c,ret_sat_loot_s2scheme_thermscope
c964f00e612c7945,preview_image
c9656469b674a94e,main_text
c96602638528c0d0,dangersecondary
c966a6f3a93a1200,weaponisrestricted
c971856345698d82,ret_sat_long_05_wz_rangefinder
c97580c42c59161f,getmaxteamsize
c9845661244afedf,showcasecallingcards
c99c135d840a6686,menuwidth
c99dc99f25411365,selectoperator
c99e6a15754b68c4,filter_sort
c9a17ae47bf7b8d8,ret_sat_short_09_mp
c9a470e6977811b3,reward_category
c9aada5210bddb6b,issliderwitheditboxactive
c9b03772a962f417,ret_sat_long_04_zm_rangefinder
c9b2d0ce106f0e75,highlightrow
c9c385e47c14b1ef,ret_sat_short_09_wc
c9c893d5b64a9144,rarity_value
c9cebf2f0889e2f2,ch8_season_3_launch
c9cf6d5bf66cc221,missionfail
c9d360f431a7c7dc,members_count
c9d65afcc22dc43f,bundle_ref
c9d7a901f8dc6903,segmentglow
c9dda36be5a7ffee,connectionmeter
c9df4a751ad78194,ui_ob_power_tier_next_level_xp
c9e00ef7796f90b4,sector01
c9e011f7796f95cd,sector02
c9e05a7102859d16,onlinestatusunknown
c9e3bd962587a3e5,aligntargettag
c9e5be3b4bba4e0e,getdvarbool
c9e9e82068fb0a12,binkfallbackimage
c9ef67e47c39b9e0,ret_sat_short_09_zm
c9efb0bfacbceecb,lockvalue
c9f203e8acdc51af,sharedname
c9f45017f59e5999,ret_sat_loot_s4animeco_thermscope
c9f690f569db5bcf,ret_sat_short_08_zm_holorange
c9f869fcc24ac422,bundle_row
c9fc45c2f38d9b28,ui_is_player_at_squad_index_transformed
c9fdb742def5d8e1,oldfloralfoam
ca03566e6698ef81,enumbinding
ca05c9b526fbef5c,iconwarning
ca084495f34768bf,ret_sat_loot_s5retrocab_rangefinder
ca0f366a78490d40,titlecontainer.title
ca105b3b8025868f,update_tokens
ca1158a180b07fd3,attachment_buttons_list
ca1f645ca35eaef5,isenemiesleftuienabled
ca202e2bf6752fd3,informationoverlay
ca2de575cf2a25d0,blockaction
ca30f9448d48152a,emphasis_game
ca3880661eed5bbc,darkpictonblue
ca426115e90b7697,togglefilter
ca43d178999aa3d4,protuneddefaultar
ca4564d1cf91ee2e,kournikova
ca457dfcef7a7c9d,getgamertagforclient
ca45a90fbb804ee6,blackcellaccent
ca46805404a168b2,getconfigref
ca4f7819736975b0,unsnooze
ca5301c88e9a5069,mobileactive
ca54cc6864cd9539,loadout_id
ca5ee84bbc66a584,ret_cer_loot_s2bp6_alt
ca64d17cc8b4fd1c,start_index
ca67854bfe58e81c,ret_sat_med_03_wc_therm
ca6becf748aacc7e,grid_index
ca6c970e23f30bfc,getfocusablecontainer
ca76597667c67048,is_in_boat_race
ca788b5a6e40449e,fieldorders
ca7e8f9a2995d787,dmzmenu
ca82ee54268c1208,hudsecondary
ca8ac3c0825bd09f,isfirstitemfocused
ca952034ccc13605,data_available
ca9936676476bbab,phone_verification
ca9c2c5a9f888be3,togglebuttonaction
caa9e4df44677fea,ob_execute_actions_complete
caad57f7c6341398,crosshairtopzoomed
caaeefa60664b91a,incombatbacker
cab44c4ec1b4708b,rightsegmentbaseb
cab44d4ec1b4723e,rightsegmentbasea
cabac73605d1f983,setweaponmodelfromname
cac28fd589b81900,dropdown_opened
cadc73aeb2678497,groupchatenabled
cae08aa165898568,settogglestate
caecef03afe4418f,pmcmissionprogresssplash
caee8962de337fc2,imagebacker
caf22ae47f8b92bb,statusinfo
caf2749d33fae5c2,isbrtruckwar
caf2c20d937eec02,centerglowzoom
caf79e4359e91cd4,not_find
cafdf669003ce214,gputime
cb03996d59edcc8d,vote_no
cb0881097851f052,mlg_disabled
cb1181e436d02712,audio_test
cb12d46763824e45,setellipsesenabled
cb15f61ac8b82709,tiergroups
cb1cba63793be756,masterybadgecategoryref
cb1d047468712944,ui_lobby_confirm_select
cb1e785fed3a557a,focused_item_weapon_camo
cb1ffdf961eb382a,showrankinfo
cb2020b05d2642b2,lpplayagaincheckmark
cb240c2181328199,doublexpeventnotificationelement
cb282362097d0487,current_type
cb2d7535a8fc68ac,glowbrush
cb32d703a9c8e16d,next_prestige_level
cb377e7dde550c80,major_ability_upgrade
cb46d4de0c3e4acd,issquadfillenabled
cb4c21dc0c924ac9,numbers
cb4f00aeaa2eb6b3,mp_benchmark_mode
cb5182011c83df56,damageoutline
cb51a707731866f2,has_forced_to_event_menu
cb55e51bfb4093a2,validate_top250
cb562866af1fd3d7,ret_sat_loot_s25acid_thermscope
cb58dd22b2569448,player_loadouts
cb5ee8f4c628d204,hide_ispinned
cb60e22a65dd79fd,raredisabled
cb65357315412a87,microphone_state
cb67d820537eb9ef,sorting
cb6c7ddf9d1ffc28,defaultconfig
cb6d994c087ca563,isspectatorswatchingenabled
cb6f949c3b517cef,leaderboardsidetitle
cb7702a8c57243ea,deadhoney
cb7c87f33118ccf6,getloadoutmenu
cb7dd241665931a6,is_current_mission
cb826ef556922ca0,textureunfocused
cb82a700c49b401c,gettextwidth
cb86640256d48fd9,seasonaleventsleaderboard2lobbywidget
cb8c02c43a3e2a69,setperkpackage
cb8d2ea1d559a894,globalpanelpriority
cb9180da2b11d8f5,rightdpadbuttonfe
cb9ef7ed6b33977c,getpartymembers
cba81765c8dd9da6,currencytype
cba90ccf6a4b061f,section_index
cbbc617df0afbbb1,packdesc
cbc3fe1a3b388160,lui_battleRoyale_tutorial_lobby_need_continue
cbc423dd7a22dd79,weaponlocker
cbc6f1161eff29b7,isplayagainenabledmp
cbcacaefd5d77dab,getloadoutmenustate
cbcd2d25940f8ef8,expanded
cbe641548c4bcd6a,implstrategy
cbe850f7a0bba305,stacked_items
cbee812a7a7023a2,isplatecarrierenabled
cbffdb89662fc9ad,openmutestrategyselectpopup
cc040cc12b2bb80b,showgenericline
cc08d1b9bac9a066,ui_iw8_br_aar_contracts_rise
cc0c63a28ddaf520,zombiesperk
cc1205f355618859,instantrewardspremiumchallengeref
cc1f088f07b26e37,weapon_slot_secondary
cc22746118b4627d,popupbacker
cc24e5e28276fdbe,isprivatematchcondition
cc282bdb1ff19301,is_classified
cc293fcdabe1acbf,is_hard_core
cc3646ad6c1c68d7,overshadow
cc40d65ef2c8e196,optionspath
cc434aa96e20b199,ui_select_purchase_deny
cc45169bc5e86df0,bo24
cc48d531a97f8100,metervertbottomright
cc5395f358bf2a0a,objectiveforegrounddefault
cc5ab9df4accae55,setslotindex
cc5d4f3c045a047b,event_templates
cc6fd7343cbb229c,ret_sat_loot_uap_element
cc771ca8a1af3823,peachskin
cc7e6dcd1fe4154a,setusemousewheelrawinput
cc8233a6b6fd62ee,mic_state
cc839b12187faa0e,showcase_slots
cc83c7eccce6dbba,battle_pass_tab_position
cc8e5743d9e61507,idleinfo
cc9035e4e4dc5802,acceptinginvite
cc9cf81f9abc19d9,borderfocus
cc9fd09be7562efa,weapon_type
cca61910d342272b,ob_combat_efficiency
cca887ac48250918,getitemtype
ccaaa6f313c4f27c,setradialwipeprogress
ccad5f98fd808f33,iw9protuned
ccb7f607f6972aef,wintokencost
ccb8b9b501a1e460,scr_dm_aonrules
ccbd34c8af30cc98,defaultmap
ccc43c306b315680,aar_prestige_master
ccc9b1cc9815a83b,getquickplaypromptstring
ccdd94d41e0dd9e4,createaccount
cce979d76ff5d37e,ui_select_back
ccebed35731ca478,ui_match_start_hud_intro_animation
ccf305573e0afc8d,showmasterybutton
ccf7bf7d25cc3625,installcontent
ccf8a0aa1d76e98e,elementcount
ccfa12bb6c45a400,dependencies
cd004ba671d19328,active_perk_bonus_icon
cd0e4e0c22231da3,poilabel
cd20aeb0520be089,getcodegate
cd225c1715d0984d,ui_iw8_plunder_team_lost_bar_stop
cd2a37340aa52e9f,armor_health_ratio
cd2fdc9bc6b02255,boot
cd33b9703d0587b6,bundlelists
cd3775380ce44ab8,ui_spectating_theme_hue_shift
cd397fd26e9be835,getpromotedplaylistdata
cd400c7b55211bc3,importantkeybind
cd47cb6afe6bb120,secondarychallengeimagebuilderlayers
cd4a14ed4939c85e,label_alpha
cd4b10a53f579309,primary_tooltip
cd4df786c914089c,triangleglow
cd561bd5e1868a8d,cdl_koth
cd564aea024cadf5,trit_party
cd56c88fa25b03d3,ret_sat_loot_s15inventor
cd59f33d76a2acff,display_cost
cd5a1d802d703b15,ret_sat_med_09_wz_therm
cd5be636730308d5,weapon_xcam
cd5cd4a0f27bf3e0,unlockfeedviewbundle
cd6845daa3264af3,settinglist
cd75bf595c20bb10,ch7_season_4_launch
cd89505053274465,reward_bink
cd8c0b0c0439368f,roughhit
cd8d4b530b9b8cbc,ret_sat_med_09_wz_fourx01
cd944764a2a4c259,salvagegray
cd9c0d4f86ed10e3,canshowcount
cd9dbc794ec76465,dpadicon
cda049c5f58c48d2,getplayerteamid
cda0758b626fecc6,setshowdecimalsattime
cda17d6ccf087948,lemonyellow
cda3e43fb2d701f8,zmeventplus
cdab11e5f6ebcde6,jackal_hud_ads_off
cdb3897c0ccb879d,cashearned
cdb6d09594252c34,styleguideextradarkenemy
cdbcd54d8db8b79f,reactionimage
cdc086d9333532a7,selected_deploy_type
cdc15908745450d3,alert_boba_is_transformed
cdc7ed7df904477a,ui_aar_mission_team_max
cdcdfcb22f6e2895,is_winner
cdd8077e248aef28,warzonestate
cddbebe212005033,ribbonrank
cde136c8d40c7705,skineast
cde1a165de885f8b,getweaponslot
cde4186e787bc390,obsidian
cde4d9e1b5942f8a,ui_disable_killstreaks
cde9d03e4296212f,widget_content
cdf64fb082e0d494,machineprompt
cdf8c2862d40cdcb,calloutlist
cdfa243f00d9d667,remaining_days
ce0003fbe8e75bb2,innerglow
ce03cac9ac174214,circlebase
ce09894e5906d591,dirtysand
ce1fafe14b348d80,audiotestspeakerssetup
ce2bd8c3023b4c3e,camo_select_focus_index
ce2ef9b3de4f9da5,orangepeel
ce33865e408cff28,fill_color
ce39d6726498ef43,blockedplayers
ce3bce80ed6dd24c,getemblemcolor
ce3d505a33b56fab,setbuttondisabledbydatasource
ce47eb476e8864ef,background_opacity
ce4bd7ad7125fc58,lose
ce4ff21e5583aac9,buttonlayoutprompt
ce510c198771d4b1,zht
ce57e4e5a2bd09d0,topdots
ce5843d01b8dd9ed,mediumgray
ce59ee158305e579,wzfocusednosound
ce614ac710d25ffc,playlist_data_source
ce695236c0ce6e04,prestige_legend
ce6ae9608073c408,eula
ce6fcb82243a7e72,votes
ce74cb801e7bb836,reticlecirclegreen
ce76251c43083e9c,on_item_focused
ce80dc4e5652dd36,issplitscreenmenuinuse
ce834c75ae94f681,socialchatid
ce94d25ee90e0b0e,buttonrightstickup
ce9ddc5194681c26,linetop
ce9dee9322a62197,menuid
ceaf1982dded265e,barside3
ceaf1a82dded2811,barside2
cec10972b7814dd0,maxskilllevel
cec651635c7dd838,warmgold02
cec652635c7dd9eb,warmgold03
cec654635c7ddd51,warmgold01
cecd7808596d64cf,genericoptionsubcategorytitle
ced54d920b4c1884,selected_game_type
cedbbf2e66f3a7e7,arecodpointsenabled
cee55b0a6476c848,bluerice
ceeed53c049288ff,reticlefourxsalpha21
cef449b2ef9e3086,instantrewardsendtime
cf09cb078ca5690d,subwindow
cf0d4e4bc15f5b94,getnotificationbody
cf13bdc9470f9729,iswzleagueplaysrchallengesenabled
cf14e211f39117f0,client_weapon_index
cf16311e3fca3dcf,getutc
cf1f05084912df16,iskeyboardnavigation
cf2443995117220e,tickmarker
cf2468563e4252f2,crossplay_friends_only
cf25eb4e976e74be,blackcelltitle
cf270dd09a4649f9,equippedweaponref
cf2762056f884d59,key_bindings_update
cf28edeab5b39e65,getdefaultproject
cf3b8f0fce4e4c1a,useoptimizedplaylistdatasourceretrieval
cf48b8e7ef1af78d,ret_cer_loot_egaux
cf4f2b3478f28556,targetoptionsbutton
cf626cc50298327c,button_use_prompt
cf6346460c8c2cc2,inactive_sp_shield
cf65d4a9b44dbd71,attachment_list
cf69596a3a83cd71,iscpraid1
cf6a9b5f46e6362d,in_splitscreen
cf6cf9faaf66b064,bundletextover
cf7acc0355b25eb5,socialpopupgenericlist
cf7d522745404e68,newmessage
cf85435ae65d8fae,getreticlename
cf85ccd58b8e7802,drowningevergreen
cf8c1f52ee139440,getvariantdata
cf8e6af865101d74,isusingroundcount
cf8e89b1983e7ec8,isproasset
cf900d6a9c00e353,gunbenchsecondaryoffsets
cf918a32fd744f1d,brightener
cf93aee125c01048,partygeneric
cf957de4abaf11eb,getcategories
cf962ba7cff7619a,tangerinepeel
cf967334766a39a3,tier_skip_purchase_achievement_failed
cf9f1dec8268bf11,ret_sat_loot_s45spirit_thermscope
cf9fa2d43e081a67,reward_card_focused
cfa5972abb6790c0,bindingpreviewbuttonnumenter
cfad3300aecdbff1,pagedbattlepasstiernextrewarditemheader
cfb8d6cae84a1816,cpflyinright
cfbc302295e35922,getchannelscopeddata
cfbcb76549f5745e,killedmessagewrapper
cfbdc24af1592376,onlinestatusaway
cfbfd3529a448c15,fultonbackground
cfc037246c9b3b9c,ui_action_park_arena_index
cfc265c8e3d30db6,is_suicide
cfc365964d5ef1ca,drawerpanellist
cfc38819ea2193ba,getcurrentgametype
cfc432ad5296c458,selected_reward_name
cfcee1df586f618b,baseouter
cfd348f41f0c7f56,challengepaneldescription
cfd38adfcb8bbf5e,playerscoreboardrow
cfd81f376f63accb,operatoroverrideasset
cfdbdc0e468dd06f,mediagallery
cfdf706d835cb081,areingameannouncementsenabled
cfe08ec414d25e23,contractprimary
cfe18b5faea46883,bounty_data
cfe93d5ebf20f5f1,show_focused_keybind
cfeb4c7977b9c2bd,progressionart
cff16c806837ee35,resetsingleoption
cff219dceb8b5ddf,grid_page_pips_created
cff489baa4a71509,ret_sat_med_09_mp_therm
cff4c0cae2baac8f,handletouchbegin
cff61d7d1f7b0d70,toast
cff78922222fa6c1,maskfadeout
cffc45800e7a3e30,dummyconnectionmeter
d00cb5fd50513711,saliencelevel
d016d6c476cc01c0,active_operator
d0190ade8e6ea7e1,igrblue
d01c96fd9413b704,selected_id
d01d025a439f740a,openonexecutionstab
d029a81f82b44291,disabledynamiccrosshairmovement
d032e8a1609989b1,turnanimations
d03db283e907748a,categoryname
d03f377d1a75bde2,showprestiges
d040943b6ba0cc6a,isplayerinvitable
d04c4f3f9e42443c,refresh_loadouts
d04df376b25ebe60,scoreboarddull
d050cd54d2a9d691,addeventtogrid
d051605a566f4d2e,validatestring
d05533c635f6540a,getlootname
d05ad65c930a6ea9,statusoutofrange
d05ba97245e3a0bd,aliasui
d0618fee7e966efd,openageconfirmationpopup
d063589040c0c931,mousedownleft
d068cd0e396154da,skill_level_max
d06c20108055954c,oldtownroad
d071745ae6f150d2,uin_global_panel_tab
d0799c66cbe44637,next_reward_type
d091af7246113a5f,aliases
d09336c3cb96c2c5,can_show_icon
d095e2bcad00aae5,getisweaponkillstreak
d09851d8a844aae2,itembtnbackground
d098e1b0d92c1498,havesprintedrewardsbeenprocessed
d0a375156ba44e26,openpartysettings
d0a54c1358060a4f,button_stickr_leftright_noswap
d0a61f47e1254553,is_focused
d0ba5fed27b9348d,target_entity_num
d0bf70fac18a81c2,core_wz
d0c0f43e34de8f30,button_option_accessibility
d0c69305022a805b,ispresetdependencydisabled
d0c81670e2a33827,scrollbar_previous
d0ce2b4d09d3cf56,salvagebrown
d0d7b18f4414fc6f,gridbuttonover
d0e14cc7b0bba36b,data_provider
d0e6f4296678f8b5,store_status
d0ec0416558528b3,flyoutleft
d0f4e87dbb6cdee3,ret_sat_loot_s4blind
d0f853fae94c4a16,isnvg
d0fad096bf6d65f0,reticlevz01
d0fad396bf6d6b09,reticlevz02
d0fbd2fb74f652f2,openflyout
d0ff3bbe7e5e3ac2,game_status_id
d106c68a472b8eab,popupcanafford
d1132231c4885fb8,basehighlight
d1170805b6aaa4cc,tier_skip_end_index
d118399f11c70f4c,ui_bomb_planted_b
d1183c9f11c7178f,ui_bomb_planted_a
d11b60a725f741b9,isdmzsealion
d11cf42966a68825,store_states
d11ff72db3507d23,featureindex
d1264c22209052ae,sendmessage
d1282678ce4450e7,prefered_mfa
d12f270efccf1ae0,isdrivingvehicle
d134f46637ffa24c,battle_pass_buttons_list
d136b8335874bf69,hidebio
d1376826789a1830,divide
d137e9297de587cf,tryaddnewloadout
d1399c9225b91bc0,communitymission
d13e5211e14d3f15,highblue
d1427a28827c326d,motionreductioncontrol
d1457ace3d7827c6,isusingapexreceiver
d14c04d3e8492bd8,streakname
d14e9a8ad0e18b50,resultsplacement
d153522767feb68d,weaponclassfocus
d15bf3fe7d837c0d,sortseasons
d15c323b5cfd2f60,rejoin
d164ab2864bf68fa,orangered
d166229026a9a8fd,standardnoaction
d1694e60d152a354,channel_id
d16edc5d29bf9a73,setgridmask
d170b0bd57a2f2f7,isbattlepassaarwidgetenabled
d17e145bd5c42917,loadoutsmenu
d188ba0fc768c22a,getonboardinggunfightdata
d18a000bf53361fc,xoffset
d195c6074880ecf7,showpreorder
d19a3c81cb487fc3,poisonapple
d19df7777f866aca,isreward
d19e39804aa53dd8,arecustomgamerulesenabled
d1a03e026a4b52c7,layoutdata
d1a228c8f52da6cc,perkbonus
d1a317f9ef79a30d,removewidget
d1a8bb64dc0f0ac6,watch_state
d1a9fa25d92d5b7f,item_category
d1bb9bbb31399f09,dirtysunset
d1c47d879bfa08dd,showcasepose
d1cae28c4100583c,getismyplayer
d1cd69c52bff6ffd,enemy_time
d1ce8d1d2f4cb2d2,crimsonhighlight
d1e54f9ae3c2f2aa,getperkbonus
d1e71d52adf02b11,usedicon
d1ea4c5eb058fdca,ret_cer_loot_s2cartoon
d1ed265c5eafd44d,current_layout_name
d1ee341d98eda7fb,group_bink
d1f1f125cd9ca94a,ui_keyboard_type
d1f5657ec655d014,javelin
d1f6b6eaa581aa10,triggers
d1f709eec1f909f1,ztronendgame
d1f7a6f44a6617d6,descriptionlabels
d1fad0df964e62e4,ui_sierra100_apex_target_distance
d20ab763d0ef80eb,sidebuttonleft
d212687eec6a0dcf,featuredyellow
d21299c27e86b225,updatetimer
d221be5d1c838379,kill_count_text
d2286e8b5a3efd93,current_screen
d23213bdc6f8c04a,loadout_options
d23b1268ee8d6f5f,totalcompletion
d23b5d5f2a4e2685,isscoreboardloggingenabled
d23d37b42cade1d6,getmessage
d242e886152d20d9,reward_type_icon
d24413d6e61af57d,ui_activity_sideop_index
d246513f8e806d89,systemlinkplaymenu
d24721a564319133,noplayer
d24733aa574d4b09,placements
d253217280d8b903,scoreboardbutton
d25a1c6e19995898,colorpickerprompt
d25f0b8b837358a4,button_convert_visible
d25fd3a571edc93b,contract_bonus
d2617569735b8ad7,ui_veh_show_boost
d26194fd9e289e6c,createchannel
d26d3d3da5e29d76,is_arrow_visible
d270a90433d9d62d,is_prestige_legend
d273733dfe19d57c,menuaccent
d27467a7b6fa8f22,operatoranimations
d2767a4651515a74,reloaddata
d27e45cef37bb8b9,playsoundsetsound
d287e5d967d86a16,sequence_name
d28b8b3a938ac56e,ui_mini_gametype_countdown
d290c8de2132ee00,buttonpromptprogress
d293957bfe745c62,basesparks
d29c5b54e3dd2d47,isbattlepassenabled
d29cd7830f590faa,tier_item_bundle
d29d0b0f2d87ce16,ret_cer_loot_s4dadler
d29dd7907693e975,wipeallmodelsatpath
d2a014cf428d1561,verydarkblue2
d2a394847ad68ef6,hvt_tier
d2a97bd764d18ebf,buttonleftorrighttrigger
d2aa932f89c1c950,bradleyammo
d2b85ebb298edce8,specialization
d2bdbd2f1cea94f5,getgobblegumlist
d2c868c1ab8fe975,is_defeat
d2cc02082bd6ae3c,setprogress
d2cf33b7296566e6,leagueplayiridescent
d2cf9fbd36652b22,showcase_image
d2d373ceeee1d0ef,weapon_camo_list
d2df4e4323c2361f,weapon_full_name
d2e0bd269a2db071,ret_cer_loot_stingray01
d2f08a9fc6fe24b8,ret_sat_long_05_mp
d302583780734063,buttontxt
d305bddbc9e7cb36,deleteloadout
d3081d458e11bf5e,ashwood
d30cd80f31e946ae,lui_scorestreaks_enabled
d30d951bc00b5784,quick_equipped_success
d3128c9fc71b0e84,ret_sat_long_05_wz
d312959fc71b1dcf,ret_sat_long_05_wc
d31e7790d429364e,displaytext
d32bba0647fb8a07,tuliptree
d32ee804061603c7,stringargument
d33689e49e0e3086,ui_location_selection_countdown
d33e779fc74025c0,ret_sat_long_05_zm
d33f0e1d815a3983,event_name
d340ae76df9d8803,lobbylistbacker
d34c0cb4b0b23988,reticlenotchedcircledotgreen
d34c623e28a1c5e7,systemrestart
d34f3c17867e6aeb,sprint_enrollment_period_closed
d353a094a1be0a50,buildandservertext
d3685c5e559ad1b7,default_apex
d370984509770ea6,activegetmapname
d378d3964e76c7e6,enemy900
d37f2e2f8f86c15c,ret_sat_loot_s5smind
d37f514f864bf0d6,kleenex
d383646bcf9db479,members_list
d38708c0adcfec31,rescue_token_balance
d390fafd7eee4aa9,custom_generic_popup
d391d9659a9136ab,validatefeaturedplaylistselection
d39745dc9b1b19e4,targettracker
d39ed53a620d7b4f,rewardimage
d3a661d4b3096fbe,eventselectionprogressdescriptionoverride
d3b25fa27bb6085d,shoulddisableprivatematchplayerdetailviewing
d3cbe5245f16cdb5,ui_talkinggun_soundid
d3cc210876b5b004,warmermedgray
d3d1a8d073c536ff,sumipaper
d3d587375e63d94c,setformat
d3d63d2565cb99f7,battlepasstokenlist
d3d718ba51eff995,ammo_mod_description
d3d7e34780ff8574,mapheader
d3d84c261b5df7e3,isbattlenetorcrossplay
d3d9198735a11c23,hudshowingamesquadcount
d3dacd106ddc0d71,stopmenuvideo
d3de0f5da12156f8,hasquickplay
d3dfbd7e6804baaf,hintcontainer
d3e2c81c3defb4b3,linedown
d3e496e4c601e8f4,sethandlemousetree
d3e86bbc6b535fd0,canuseperk
d3ecbcd9b60a1ec1,ui_killcam_killedby_isdiamond
d3edde58c05d1588,mainmenustore
d3fa87d0b30c98b5,item_type_string
d3fc2b533ab52731,stackcounter
d3fc9dcd2a8e2dfb,ismagmaenabled
d3fd585603f498a6,isbattlemapcompatiblemode
d3ffc1ab54d104db,ret_cer_loot_bank_robber_element
d40d4c108bde2a15,gunscreensatsourdough
d4192c91a0d27328,isleaningoutofvehicle
d41f04175315d3be,bindingpreviewbuttonmouseaction5
d41f05175315d571,bindingpreviewbuttonmouseaction4
d41f06175315d724,bindingpreviewbuttonmouseaction3
d41f07175315d8d7,bindingpreviewbuttonmouseaction2
d41f08175315da8a,bindingpreviewbuttonmouseaction1
d42402216c3ce00f,istoastnotificationbutton
d42578fc404d2885,equipment_ref
d426f27290af6831,extrainfo
d428539320f9520e,error_popmenu
d42e0d32c89d2bb0,hide_ui
d43142db3c6b0656,tabsizesetup
d4353d7c32528379,horizontalspike
d436597ba35f1a39,grid_scroll_end
d4383d25c610f06b,trialbronze
d43a126442b5ab42,modifiers_data
d43bc52cd874bc01,lobby_start_button
d43d6c2ad979ff1e,category_index
d44048da3ffa87df,is_opened
d447526d7dc37f36,bundleisroundbased
d44782721750745e,condition
d4496f8e1899cbf7,webview_goto_by_uri
d44fbfc9868e55cf,reasonsheader
d457c5cf5d8e5a69,frame_rate_limit
d460f26b5bccb63e,bindingpreviewbutton
d464e864cbde8058,popuptimedyesno
d4692c5bafd49616,season6altprimaryhqrow
d46ecf97774286f8,iswarmodegametype
d4719eba79ec7d38,add_button_helper_text
d47e098f24148fb3,pointsicon
d47fe27e5645b5ba,enemyteambacker
d486f6231e49cf42,focused_item_prestige_reward
d4893fe2c180f559,inflation
d48d79392343f26b,keybind_preset_updated
d4912bd7edeee213,defaultpose
d4957c59373762ea,trophyhuntdata
d49b8e336eb8a6e9,hudshowbackpackitemvalueascashratherthanxp
d49e3e7d7e053f74,cancalibratehdr
d49f6ededc4b7e1a,childlinehorz
d4a0dbc559db6d35,glowcenter
d4a1474068cfce98,current_price
d4b77b222c3484e2,is_infinite
d4b9a2c0a7f182a1,cpflyoutright
d4bf478eb26b28c6,ret_sat_med_02_zm_therm
d4c03093b2e31465,memberbackgroundover
d4c660b9073b564a,isweaponitem
d4cd90020eff3d4d,activeaccent
d4d85518faa20da8,gfx
d4d8984975d75206,focused_team
d4eb1cb733d2826e,ret_sat_loot_s2darkbook_thermscope
d4f61ce618c92eb8,openbenchmarklobby
d4f8c3f14a6946ef,numbercount
d4fca97777d96fe9,showbuttonicon
d501780791b8a69d,ui_killstreak_zoom_percentage
d519ca65d358c7ee,eventtime
d51a2d84579cffec,gettokenscount
d51be78de9af6275,title_color
d526d560bd88e622,mutant_injection_progress
d52c44d4cd74a908,show_progress_bar
d52eb0850d51b7e9,rounds_vis
d52f6b5843316c86,perk_package
d52fcbb0f0d8eb96,opennotificationsglobalpanel
d534bee2afa676cd,selected_map
d5388c5950fdd681,battle_pass_purchase
d53f9363e7ad5f76,killstreaks_command
d54171c58b14c494,scorefeedwrapper
d54662d495387ec3,update_vram
d546e37572a9f713,upsell_free_trial_popmenu
d54a3a60d39ba3bc,image_fluff
d54e128a1be73e11,ripeorange
d551511d540914d5,availablerewardsstring
d554a21520aa61e4,currentlayout
d5571fe462bd4669,music_mainmenu_mp
d55de59fd0461c20,storyprojects
d561895b968bc36a,missionactivationspinner
d56837c079e703e6,filter_options
d57016062bcf0f55,lockcolor
d57125d974371b0f,equipmenttype
d57548dda326ca51,scopereticleparallaxer
d5759248d36dc581,exit_progress
d5795cf25afc4371,reticleoutercircleacogwest02
d57acd8fb6fbe471,perform_press_action
d5803aa919a17c12,setscrollbarfixedsizeamount
d5846865f2946c53,piggy
d58d6cbb1db292b0,ret_sat_med_05_mp
d59563a87440b710,ui_self_revive_advanced_acquired
d598403d3f0d1145,rightgradient
d59a6ab713088036,battlepass_tab
d5a1ed9809550e45,setelementcolorfrommodel
d5b580cb4967ebb7,isweeklychallenge
d5bcb47032e88c48,showprogressbar
d5be3b2912a55682,ui_ter_weapon_rarity_zm
d5bfae7955d8e180,ui_zm_current_quest_id
d5ccb9d902a7711f,istabavailable
d5d223cfac200e13,brvipdarkgray
d5d32db0bca71bab,ui_popup_negative_out
d5ddef6d02d76109,isgamemodeselectenabled
d5f2d579088c1396,flax
d60580556b64d05b,leftsegmenthighlight
d6094a4e04d339f7,save_game
d613636c9a296a83,check_entity_system_allocated
d614d394f6f9a18d,getmodelvalue
d617f951bb5d9b82,membercount
d618abff8922ce56,spendclassicweapontoken
d61a2f9bfbcf60c0,gunsmithoffsets
d628984cb3bbcac8,emptytitle
d62ce85a95731747,uislot
d6311fd1ea1b8917,openweeklychallengesmenu
d632f356b74c651b,br_player_position
d636ad88673ae3dd,getoperatorskinname
d650b36d18ade2bd,passworderrormessage
d65780bf655ff6af,actionbutton
d6582626d89429e8,lui_private_tournament_enabled
d65dc12abdb89ec8,flame_icon
d65ee93222237fa9,nationality
d65f306f4044f7f7,party_member_list
d66a4809a7b7aabc,active_duty
d6700e2eea1f299d,enemyteamstatusicon
d671c52949ca09c3,menuheader
d671cb8e2771a171,lobbybuttonlayout
d6728d26a18b7d8f,metervertbottomleft
d680cd915210c2a5,namecontainer
d682c05a0d785031,footercursoricon
d683c355b7bc8b8d,xpflyoutstriperank
d68aad04f7684016,horizontal_line_default
d699650bf3d2e4e0,player_progression
d69c4ce12c9fb3ec,progression_celebration_unlock_banner_stage_complete
d6a25583d193fd2b,listunfocused
d6aa28d70648a83b,desertred
d6ac1c4c2b84602e,isfromstorebundle
d6b92b8c6c433bfb,ui_double_score_active
d6bcdac8b9bb39ff,group_index
d6c244c90bff840e,iscoreprivatematch
d6c48a7c5e01bafb,sat_season_3_w4
d6c48f7c5e01c37a,sat_season_3_w3
d6c4907c5e01c52d,sat_season_3_w2
d6d301cdc5525a28,unlocked_skin_count
d6d60e06fe7052c2,startgamemode
d6d99f371ff675c6,hasforcedtoeventmenu
d6e097ed7dacb67c,show_color
d6e49189a0f4b8b0,saveandquitgame
d6eaf6834dfaafaf,stattype
d6f1ab17ee1fc9a3,weaponstat
d6f1c44f44ef344c,getcamochallengescount
d6f38e7d4d980d7f,menubuttoncheckbox
d6f574826e05d07b,basea
d6f575826e05d22e,baseb
d6f576826e05d3e1,basec
d6f59b826e0612c0,base8
d6f59c826e061473,base9
d6f5a4826e06220b,base1
d6f5a6826e062571,base3
d6f5a7826e062724,base4
d6f5a8826e0628d7,base5
d6f5a9826e062a8a,base6
d6f5aa826e062c3d,base7
d6fab55e6b68d62b,highlightbackground
d7051de44ce319a8,sethuevalue
d70642c044f4c7c1,ret_sat_med_04_mp
d70892c3ded3db51,ui_zm_inventory_quests_vis
d70a934114b3123b,ongamepadbutton
d715151374ec3957,outsideblack
d715e1ba6f3c1b33,ret_sat_loot_s45evilsup
d7260d1426be8f8a,player_infos
d72fe13df8d0d93f,rank_color
d7331d0e076de068,generator_state
d73a22d516655990,mousecursorcontextualmenutitle
d73cfd4c7e22b766,darkgrey
d742d2a940e1cbdd,ratelimitedpopupyesno
d7463fca824ab228,deploy_types
d747e10691735413,getinheritedcontextualmenudata
d74b054c7e2f025a,darkgray
d74e25192aabd8e5,widget_height
d760f6dbb586b2e2,ui_scoreboard_enabled
d76c8974f1665830,socialplayerextrainfos
d77765b6889ecc20,scrollamount
d78b7eeb52f3cfde,killstreakcost
d78c413d3276127c,inertialscrollingtimer_
d78f958b5c64406b,blackdot
d78fb6e35894948d,objectiveforegroundmission
d7971b7dbb0571d6,partycodebutton
d79a2159f0a6313e,setverticalalignment
d79b60309bcbeb76,ispingablelootcardenabled
d79d1b12acfb3491,isdmzmatch
d79d6d76e67c34bc,arestorebundlecollectionsenabled
d7a082297c93b1cc,xanadu
d7a106373256d839,show_skip_prompt
d7b3eff70bfec40d,eventconfig
d7b4132cef33ef67,jadetitle
d7b8a9d7b0fc41ae,processingrewards
d7bd76d8bd72c1ac,should_show_perks
d7c52e4505a87a2f,in_game_state
d7cabcaf9f3f39d6,ammo_in_clip
d7cb1f06799ddd08,requiresmashing
d7cd88ca10db8e8a,target_image
d7cf4ec3c9e558f8,animlist
d7d0b126364024f2,perk_omnvars
d7d7cb27aed216dc,holdtriangle
d7dfc150b414415b,ismeleeweapon
d7e3db6c2c235b1b,gamepadar
d7e5291213139e3c,basecircle
d7e69b556cfdff8c,sa_ui_log_pagefwd_01
d7ec2a63adba9b6c,setheight
d7f23271e23da87d,isintegratedcptacmap
d7f6695d0ef57b64,showbonusreward
d7f8f87220a5dceb,socialshowcase
d7f935130f34bdac,brcodcasterblack
d7f9f56365c17743,cpu_time
d7fe4c5afe1f4377,getangles
d80c679491be0415,ultradark
d80debd34d143ba7,attachment_menu_title
d811ab92fb7509d3,conditional
d815d5a51165ee50,gettokensendtimesinsec
d81996991f775479,childrencount
d81a361ac89a2519,barside
d81b61631ece3651,settings_list
d81cfc802289da65,layoutselectpips
d81fc759f493cf81,playscene
d825d835ed2a8e95,getcolorpresetdata
d828c8460f442dbe,rewardcardconfig
d829028ebf20ea6d,base_bar_right_anchor
d829df81bcaea540,ui_show_subfaction_splash
d832eb8239d3ac5e,armor_percent
d837011a93cf67a1,button_text
d83a6550d77dbd53,grid_focus_right_moved
d8442efaed0b9760,isiw9
d845f1f813f10894,emotes_tab
d8518e07c1c5bc6d,getitemimage
d856439d3e76a255,secondaryaccent400
d85947239de877bb,cac_session_id
d85bc2c4fa0c0636,bulletweaponname
d864fa1a5ab48ac4,player_name_search_resolved
d8669a14c8911959,zombiesstate
d86c0af0b398153b,buffer
d871341cf476d672,getfonttable
d87d57c9c476f0ea,ui_stealth_compass_sight_visibles
d87d5de2c807aa01,ret_sat_loot_s25milspace
d87df0b8b758da04,webview_preview_bundle
d89568faed505116,isios
d8afd92d235379f0,hidereserves
d8b02c4dc28ef37c,centerhighlight
d8b2c0751d12b1c5,gunscreenkdwitch
d8b66f119c5aee07,dpaddowncolor
d8b958808f857a80,isfieldupgradeequipped
d8ba2a0bc8d9fe31,opensocialglobalpanel
d8c92ec748e78a3c,contextualmenucontainer
d8c9d567b226e77b,dummytexturestreamingsysteminfo
d8cb8a755382af5d,openmenuname
d8cc1fd9524a949d,islauncherweapon
d8cdf281093f17f0,quickplaytitle
d8ce842993b93aa4,textover
d8d036682b18960b,gunscreensatsport
d8d1549e85837b10,modthreestats
d8d47379a1d4fc6e,chromaready
d8daf11aec8ce5f8,inverted
d8e4f9222df32ab6,chyronallies
d8e78649dbffe95b,weathervane
d8ec4852d31c0b4a,ret_sat_loot_s45organ_rangefinder
d8ec4c49018f4b6b,open_gobblegum_list
d8eed90af5c879c5,element_id
d8efaba55844b699,my_player
d8f104e78cc6a1f6,sovietred
d907a35b2d5e0842,iscentermapbutton
d9094b87af239cfc,ui_overlay_face_covering
d90a3bd8bb75848d,scenetemplatelist
d90afc0fb3d62f62,viewmodels
d9102bf177257a74,unlocktime
d9111ad5a2234da8,outercircle
d91175b449de1233,armorbreak
d911d13ce26058e7,ui_scrambler_strength
d913773ae47db8d3,ccshadow
d91c3bef076f8580,tags
d91dc009d847410f,istiersaleenabled
d934c347da5a59a7,using_mlg
d93818fc9edd67a5,allcaps
d9425227d0757406,activetab
d9550565068844cb,setdata
d960ec3ae6e56d9d,is_in_use
d966dfc994a4d3bc,getchallengeentry
d96f792dc1a96176,darkredorange
d97046400ea92a7f,ch8_season_6_launch
d9771510bfe10788,is_gunsmith_disabled
d977885c455354ca,settings_menu
d98393ec16057904,swapmenuup
d9870d297e9ed7b9,maxprimaryattachments
d98eb4b71ee91675,is_legacy_tab
d98f3779e5ca8cce,ui_zm_active_relics_list
d9921cc58e631b7d,reticleholotherm01paranormal
d994216e86cb5b94,patternanim
d994e0888d5939ea,moveloop
d99cf7020aaf16ba,swapgobblegum
d99f85a76205dcbd,grannysmith
d9a3259cadfae3af,border_color
d9a3ee88c11beb5e,textbox1
d9a758a10ac820fd,iscodcaster
d9b6efaab43765a4,is_squad_leader
d9b6f1c844d614b9,ui_killstreak_weapon_2_reloadtime
d9b95b54255dcec1,tab_disable_blur
d9bb0242171312d7,enableemotes
d9bcbc712744e027,using
d9c6922557618920,getrankicon
d9ca2f987aa5b3bf,setoptionvalue
d9ccee9193328449,arenaredlight
d9cd1521a933477f,button_option_reset
d9de3672d0435b31,emptylisttext
d9e086d4c9707de2,ret_sat_long_03_mp
d9ee8aad13c0d246,ret_cer_loot_s2thai_alt
d9f0c2dc2210d87f,lui_ingame_AAR_new_scoreboard_enabled
d9f17d3e082da6b4,getmenuslot
d9f6ebd1eff864db,jupreticleouteracogclassic
d9f776e2588479f0,icon_color
da03584903c5e32a,unlockedselectedimage
da03b8acf027b995,spacer
da0bff3c89a460c5,favorite_loadout_index
da144dfb348160fd,codhqtitleimage
da1836fe1de67417,roundscount
da2d491e46c21bf2,getter
da31d89fbfecd48e,duperewardbackground
da322a7bb3bda8c3,rowlist
da380978203595ae,ret_sat_short_09_zm_holorange
da3a26d16db2e5c6,squad_widget
da3c3c65c40416c9,formatanimstatefinishevent
da3d20f1e41bc8ac,bundlegetimage
da3e6e5eadfcbc60,operation_name
da414bb34ddadd3e,presetdata
da456d3d0c912500,currentlayoutindex
da46040416901440,focus_index
da507c890807a088,ui_mule_weapon_rarity_zm
da5a4cf69f4e4e20,isshowcase
da5fa0634c46db5a,buttonenabled
da617339d32284ce,editmode
da6283039e38e271,isweapon
da682a04a8020443,operator_skin_reward
da6e336e7718d465,color_bright
da6fdb6af5b7c3a8,midradiation
da7450b2f5616bd0,getpartycount
da783aaf0271869f,isplaylistlp
daace18ce258fdea,ui_score_streak_selected_slot
dab1ba9ee5caf4f9,revalidateanimationstate
dab3df0b52e055c7,currencyprice
dab46f21c6a9177d,socialcreatorname
dabd3ed3644761eb,starttimedvar
dabf62829e0ce4c6,ui_show_objectives_force
dac14529224e13fe,isinfrontend
dacefb4ac5293320,base_item_name
dada068c20497a72,styleguidefeatured02
daebceca6842e4a5,texturestreamingsysteminfo
daf5cb2553e8b626,operationdetailspopup
dafc3a78d5efaace,toastholder
db06535e3ee32a80,isvoicemoderationwarningenabled
db065dc300fa6330,has_funds
db0837cc2bcc9bd6,ui_veh_health_percent
db09c951ff7f4948,team_player_count
db0d25accd08cf11,unit_string
db14872f8977d467,leaderboardside
db1ae1e27a6a45b0,getweapondataref
db1b4ce8f89dcff8,button_vote_no
db1d45d7399cd9d7,vibrantteal
db2052a625a69803,poweruplistbundle
db25f56ed59f9e20,defaultpromptbutton
db261c29b0fe9d39,defaultcrosslaunchdata
db2681fa14746938,selected_event_index
db2ad75398f1bcbd,uiorder
db2bdc715036bc57,ui_scorelimit
db2dd1f8955ec39a,redalert
db3db22dc53bdf1c,ret_sat_loot_s15soupedup_thermscope
db41c822993448d2,getnumchildren
db453942a3a8852c,isbrsquadmatebuybackenabled
db519403491cbf68,evenstripe
db540a69fd7191c7,isbattlenetlanonly
db5dd3043c55c14c,sandstormhighlight
db69ec640cd14788,gethideinbr
db6d56e65a89558d,forshowcase
db7202f4e1d538a5,tostring
db723f43d106721a,reservecount
db73b6dc379fd3dd,blackcellbase
db848515d155d427,ismatchstarted
db88e9a7c7d5350c,ret_cer_med_10_zm_alt
db8d54f57470dde6,menudark
db99ce0589d44703,brlootblue
db9e452dd435d92d,minileaderboard
dba29507a05a9faa,tokengrid
dba3686b8b63eccd,primarydescription
dba49c568b038bfc,isonlinerejoinenabled
dbaac112fa7d913d,fetching_text
dbac84da989292bb,raretertiary
dbaf863b3c379470,isbrsrwidgethidden
dbb151e471088e62,showmultiplayerchallenges
dbbbb37bc3c1a2cf,socialreportmenu
dbc08a3deee630a2,trainingcourse
dbc220b2d867b42c,gamepad_sticks
dbcf1dd5a1d8d125,ismyparty
dbd486a154eda8bf,medium_tile
dbd905f48646fbff,fetching_failed
dbdb228e0c31ede4,flamestier1
dbdbce6d2fd93e9f,backerkbm
dbe922613c654e43,unlockcriteriaseparator
dbe9508d4409f16b,current_project_filter
dbebcece0f986640,gunsmithammoinformation
dbef440f7f8131fa,canunequip
dbf4c73fed5c4967,warning_text
dbf63b8c1766e03c,updatefocus
dbf9b36761b27e63,dot1
dbf9b46761b28016,dot2
dbf9b56761b281c9,dot3
dbf9b66761b2837c,dot4
dbf9b76761b2852f,dot5
dbf9b86761b286e2,dot6
dbf9b96761b28895,dot7
dbf9f56761b2ee89,dots
dbfce9e82dde0123,visibility_level
dbfef3b17c0cbf46,tracker_status
dbffbd73c93dd344,isready
dc06cafb0efa7549,label_color
dc0a31e82e5bad84,loadout_item_display_name
dc0db75e8ed09565,stat_attachment
dc13a008a80d588d,brlobbywinstreak
dc2d849aac1e7b3b,ret_sat_loot_s15daisy_thermscope
dc32465dd219ec4e,lineleft
dc3371ec32286fa4,petanimationgroups
dc33fd382a9704c4,ui_veh_warning
dc372224df6ab3d9,reticleholorange01scifi
dc39f961e63b80b7,rarity_data
dc3f541543e61cd9,unarmedturnanimations
dc41eea19f3f81dd,new_points
dc43cc156c5daeab,ret_cer_long_05_zm_therm
dc4d5e9810d26f7e,getcurrentanimname
dc4f894c7ea4f16c,blackcell_tab
dc5c3321b7466017,recents
dc60d4695ff7ed49,tabsgrid
dc6696ecf6a198b6,trigger_action
dc6b3aa074949f3c,can_view_from_sender
dc6d0e7164182de6,verydarkcyan
dc70792c6fbdbaa9,ret_cer_loot_stingray01_alt
dc74456562ae7805,triangle
dc74cda0f97bf30f,ret_sat_loot_s2breach
dc7a719240b6c8c9,ret_sat_loot_s5dshake
dc7e4506d0d30f78,ret_sat_med_09_zm_fourx01
dc868918feb4bc88,fps
dc8d292cef467e6a,kbmbuttonup
dc8dc510d7cac517,ret_cer_loot_s55beach
dc91d1eae6124f9c,reward_name
dc95b67d76025a42,getplaylistchallengetype
dc988b261183cc9d,dropdownoff
dca247a50c14722b,maire
dca9ca9069ddde7b,closebuttonhidden
dcb26818fed9bf60,fob
dcb3d14379a27841,darkdeluge
dcb81c78e6522689,damage_feedback_kill
dcb850c5dcafa61e,intelheader
dcbf60dda4b5bbce,r_splitscreenexpandfull
dcc25baca1e8a320,bundlehideinui
dcc586c136435846,button_dpad_vertical
dcc68b18feeaa3e3,fee
dcceea3648e1282a,ui_aar_circle_text_type
dcdaa2fcb4963f94,is_tracked
dce0dc3d5ba5d4c9,usingrequisitionsmode
dce2a642b17c111a,cprelichit
dce2af03fa4e881f,tilebuttonborder
dce904bfad49055d,ui_valkyrie_rocket_signal_strength
dceb5d1476a2f3bc,ui_skybreak_show_radar_ping
dcef33093d885d2e,teamswiped
dcfb1f00ed1c0ff5,hudshowsplitormergeicon
dd026b83d7cf1880,point1
dd026d83d7cf1be6,point3
dd026e83d7cf1d99,point2
dd027083d7cf20ff,point4
dd090e2ac5cb2e8b,ui_br_objective_index
dd0a738d8846cca9,buttongradient
dd0a8d4e584a67e6,saved_pro_content
dd0be52eabcd58ce,isfriendly
dd19c05f76787151,shadowbody
dd1a75b992b1fd93,compassdegree
dd1b642d55f1786e,number_state
dd1ee55e401166a8,selectedreason
dd2144433bf74074,alert_ammo_50cal_full
dd23b3a7c645f637,arenareddark
dd26532af9966153,getonboardingperkupdatedata
dd2965d7f34a913c,ui_focused_gobblegum_slot_index
dd2ce33c31fc34de,notificationsettingsalerttab
dd2f1b596d8354a8,performactiononpress
dd35cefff8d2d6d7,canpreview
dd38731e46ddc4c9,nepal
dd3d28dd8825e3c7,updatecountdown
dd3d34aae2c091e8,tooltipwidgetbackground
dd4106d625b1b132,mod_bar_alpha
dd41f7a5472aafc3,bindingpreviewbuttonwindows
dd50847b0d391c00,is_warzone_item
dd5c3694753a5be2,has_respawn_token
dd5f6da7a3f159c5,charmslist
dd62fa474add1fc7,offwhite
dd67fc3e62311c1c,ret_cer_loot_s5leather_rangefinder
dd725d0be56ad774,redirecttobattleroyale
dd7c13c8c932b4e5,jup_twofivex06
dd812e0f252b8ccc,tier_config
dd831bb9ccbb05de,ret_sat_loot_roadgate
dd8dd20b82ff7057,hassatchel
dd8e961e9b9cc4b9,expandedglow
dd9206e93ae90e21,base_weapon
dd97c74b0af6611d,discounttext
dd9f97adadf928ae,check_waiting_for_flush
ddadf4ad8f4a3c56,gamemastertiles
ddc16a149cdad808,lpbrcareermenu
ddc1f7838e9f0e4e,globalplayerprogression
ddd891cd4c117dac,multiplayerstate
dddac25c71e30d0f,hassatcheltype
dddc5da09abf5567,ui_veh_ammo_type
dde05bfe7cba4608,playdemo
dde6465fdfb402b2,settogglewarningstate
ddf3cf956c6b0bf9,attribute_tags
ddf67ba69d0b9d52,swagdot
ddf73ef54768d3eb,ret_sat_med_02_mp
de057ec5e130e56a,flclayout
de0c9cdaa7ebf1ee,isquestitem
de0fc8f743471a39,seasonvariant
de12622d386aba15,equipbylootid
de1505bc301ed5a1,redirectlinklist
de18ad7670b5c693,is_shooting
de1c8a7a6d416000,option_menu_name
de1cd8694cc1ee86,removeattachmentpopupbuttonlist
de253e0b867539d4,ui_hitmarker_audio_events
de256640fee5995e,explosivesecondary
de258bcfbac48554,supermeterglow
de2612b657ec0ab0,ui_iw8_aar_progress_circle
de27e9c09ac672d4,selected_color
de2951fefc6b134f,coralglow
de2ab9d5f5684755,weapon_display_level
de2dda02ca42158e,ui_winners_circle_event
de31869b1d11160a,ret_cer_loot_s3swolf_rangefinder
de32a4d25718d1c9,isblackcellowned
de343b80e9004f35,getselectscene
de371147d655744f,intelbody
de392dfaf6499280,getcurrentseasonaleventdata
de40a000d77d05d4,ret_sat_loot_testingf_thermscope
de4164114fcc8d25,cost_data
de4217cc72f4d0cf,scenario
de49106e33c6e546,changeindicator
de4bbe2db16b1609,profile_get_user_name
de5f19b89925c032,playlist_filter_mode_name
de68b1fdc22ebaad,attachmentstate
de6a48164b6bc1c4,fadeoutmessage
de6aa27dc0c5f747,perk_system
de6aa7bd679e9757,handlelobbynavigation
de6d2c085c64417a,prestige_overview
de72b9ca5ae389c1,wolverines
de73f241e24349d2,resurgenceconfig
de75794c36b9c5a8,applypreviouslayout
de79a4064fcb43aa,getwinchallengedatabylootid
de89f38bdf94f02e,pipbackground
de9195e12b87dcf1,presence_platform_studio
de93a7450d3ba103,_wait
de96a5802a269e17,searching
de9b6a1901845556,setup_button_data_completed
dea236f482ad1a0b,closewithicons
dea45b81fc6ad643,death_hint
dea6a4020ba63cd7,is_button_visible
dea7331e50d90e5b,list_selected_item
deab69b367d9e197,ui_iw8_aar_killstreak_unlock
deaeefa02a81bdb6,weaponmodel
deb291817e4bdc3c,flyswatter
deb57eccac5e2b64,groupparent
dec28287b088cfff,currenttabindex
dec3479bd0b6ca6f,bink
dec97c6623c3bc8e,shouldhidecqtrackerwhenzerostreak
ded1e4708c764654,bonusperklight
ded348e633621845,shoulddisplayfreegametrialupsellwidget
ded4add7da95bf40,mainyellow
ded643c54be39ffc,text_channel_recovered
dee0d2e2b489620b,shortinput
deefd6717d633e03,team16
deefd7717d633fb6,team15
deefd8717d634169,team14
deefd9717d63431c,team13
deefda717d6344cf,team12
deefdb717d634682,team11
def028d31c580356,gamemodeprompt
def8659c2e24a749,twilightblue
defa9c1ff0e3fdcf,isoptionsmenuorsubmenutop
defbfba3dc2ac4cd,weapon_button_index
defd84311161c56b,is_game_host
df01504d5eb8601e,palette_accent_primary
df085ce995a3c466,instantfocus
df0ed011e7a2c72e,collapsed
df1b8ce5f4c91582,battlepasscompletetext
df1cde2673e41ae2,weaponmeterworse
df1f32f9bd069871,rank_string
df290ce3a79c3430,lui_magma_enabled
df2db5362ea1b601,brcontractsenabled
df2fc90d351f5bba,stickerbook_data
df3163e6e004eee5,minimap_radar_backing
df31a266e85e6ce6,battle_pass_page_list
df38879af614707b,changed
df39ca8cde4a5595,limitedtimevariant
df42dcaa791ca720,hideobjective
df553fc0a5cd0acc,last_zone
df5c89c5fa5fbd19,maxeffects
df5e845aba27a205,boss_weapon
df66284a4eb3c1dc,gettabletimage
df6cb833df63efae,isrugbygametype
df6ee45d993a183e,loottypeicon
df700bf36ec981a9,leaderboardeventid
df7940ae85e7bdf2,perk_list
df7cc16ce6587cd5,warmmedgray
df7d3db5773fc92a,hastaxiboats
df83c936e764a24f,cachestatus
df84f511bca7ec11,rightpoint
df877fdefbfdcff8,canleavelobby
df895ac511978bb0,overridecolor
df9051841bab10eb,game_mode_updated
df96c08086b77a2d,previewreticle
dfa23c3569610260,getweaponlocation
dfa242b86a1ed80a,ui_popup_intro_shell
dfa5f251680eedeb,bnetgreen
dfa7d8712f423bdf,statusfill_unavailable
dfa8b19df84ecf8b,lockedbacker
dfb890fa554dcd7c,darkgreen
dfbb1c11e0e647d7,leaveprivatepartyconfirmpopup
dfc844146918822b,backgrounddisabledfocus
dfc8f49e59c5379b,vgreenpositive
dfcbbd6578fe3716,baseanimation
dfd1d26bec1e3562,stats_name
dfd2a387d78b949d,socialfeedbg
dfd4076d9abf6398,online_crossplay_friends_enabled
dfd5befa7e18119a,platform_id
dfd5d0e6bea1d5be,frontendname
dfd992eac99f0c37,ftue_icon_color
dfdbd891bc0e5339,distance_alpha
dfdcbc5166d159ce,ret_cer_loot_s55queen
dff1cc6c3a0a6128,tacmaptexthighlight
dffa1da452f9c835,hideallelements
e00492e9f0d1dd78,issdgametype
e005890dd747fe6d,pear
e006b62943f33c9a,itemscollected
e0126f25096b7bbc,CDL_restriction_enabled
e0171cae1bee4842,ui_round_end_player_party_skill_assessment
e023361b6db6c4f6,updateequipprompt
e023bb6cdbeac63e,centerdamp
e027484b4b6b0875,xcamalt
e02c3e2f78aeab6a,messagesent
e02cef354da0522a,currency_current_amounts
e031211b74fbfcfd,mission_tools
e0345ae41b146941,play_menu_ref
e03b0a3efc46de55,activationtype
e042789d45245ca4,itembtnname_idle
e043459d71c2b464,entrytransmissions
e04c7b11fbbf0680,timetostring
e04e965f8b0fd1ae,ret_cer_loot_s2bp6_rangefinder
e057a67564e2a34e,notblocked
e057b0449abdedb8,loadoutanimations
e058299659ab4971,weapon_rarities
e05b3615db3d5b51,ret_cer_loot_s2icenlava
e07082d274ad15c9,spicymustard
e076af8b7f428b8d,locationselectoractive
e07a14a149a9458b,ret_cer_loot_stingray01_rangefinder
e082d6328c66ad0b,shadowlight
e08a40f0f6141500,internal
e08ccc0ba0969bd0,team_icon_large
e08f925d1248bda1,dropdownon
e09a1c08c245b608,ui_exit_progress
e0a5062a941edd4c,store_tiles
e0a793a66f443616,getgriddatasource
e0acdf11cfa604a3,hasfunction
e0b2a639ef416f63,is_default
e0b3fc37cad1142b,pick10point_inactive
e0b47503fbff95c1,getattachmentslotsblocked
e0c13b5969a61e68,fadeenabled
e0c2f74c45cec9f1,isattachmentrestricted
e0c54ee148d126a0,blackholesun
e0d1a6f74924213c,blueprintblue
e0d647e714de8d0f,visible_friends
e0d922aaafd0dbb7,fultonwarning
e0da4f965751d6da,button_data
e0db9387b52eab10,quickplaybackgroundbink
e0e298921e8e5b9e,viewpitch
e0f3356b2b6dfc8a,ui_iw8_aar_equipment_rankup
e104b9bd67049f2b,is_self_reviving
e106c085a682a8c3,has_indentation
e10a2476ccd558f5,getonboardingelderprogressiondata
e10c25cc8a50f249,reticle04greendot
e11534c708eb80f9,presence_platform_xbox_one
e1178be7126ed953,ret_sat_loot_s3darkevil
e1182cc86cbcfa3b,next_rewards
e11be33847de2759,jungledepth
e11d23aa9fd1adb9,usebottomvignette
e11d3548cbdf2b8f,event_splash
e11e668d5d0edf0c,trophylootid
e120327ff510ca5f,notfocused
e123d5162c84f497,osprimary
e12792bb2f9f7fd9,unlockedimage
e1282aadbd4482cf,weaponhaslockedattachmentswarning
e134796449767f49,pinstate
e1374ce2521ef4ec,update_calling_card_favorites
e14ec899fcdc838f,current_playlist_id
e154565112194520,iskillconfirmedgametype
e15aae447783f7fc,getfinalrewardloot
e15d98df5f61904b,dlog_recordevent
e160fdd7854df5a1,lui_battlepass_tier_sale_price
e1684caf686347a4,progressionindex
e169e6310657d0d3,refresh_texture_download_caches_size
e16cde1d54a6b541,bronzebody
e175bee8bf48f66b,iw9callback
e176429e9b20a286,baseloop
e17a40de516cac7b,emptysettings
e17f2650022bed0f,styleguiderarityuncommon
e192a9262c84b87e,quick_nav
e19a24abb5961ecd,reticleminireddotgotagochild
e19cb2a7697b9ba0,hidebonuseffectdmz
e19ec7d571176e5f,current_weapon
e1ab4ab540cac9f1,aaringamereward
e1af78b408a424e4,femaleanim
e1b9d447ba25d12a,ch7_season_6_launch
e1be0141af2dd6f8,battlepassstatusmenutablabel
e1c7e0815dcdbc58,more_header
e1c9605ba4294ca2,kbm_only
e1d369f102f83c78,isfreetoplay
e1ddcbb22bc71ed7,online_data
e1e5431e2bf7fc8c,gunscreenrankedwinswz
e1edb376b65a5799,limitedtimewarningvariant
e1f17e9697d77479,activationtypedescription
e1f74960b0724502,lineseparator
e1fab6d9a30481f8,dvarexists
e1fbc3f212f1554f,loadoutslot
e204f84c507454c8,is_deafened
e20ad0b59e69e3b5,loadout_icon
e2112547416ef2cc,combat_radial_vis
e216dfcf86479cf8,challengetrackingreference
e21d859c3fe2c3ce,ret_sat_loot_s45slim
e222f3c23bf318f8,brsequence
e22f73457c735dba,settimedbuttondisabled
e22fa7043b1eb61c,state_text
e2332eed167fb5c7,hidecompass
e249caec2481628f,is_reward_preview_visible
e24c9256d9291b7c,preview_items
e24d8346ff9d35dc,getheldweapon
e25383c9f45f234c,iw9tacticalbuild_stalker
e259a767622f0d19,reticledmscopevz03centerthor
e2662bf7286b4649,showcontinuebutton
e26eb37acb4a93a2,mparmory
e274754ca9e6781c,ispolish
e27afd5395331102,usingresourceforevent
e27c41a7de057002,drawerpopup
e27c6254582ecc18,isbuystationweaponattachmenthighlightdisabled
e27ec874408c0d5e,isincrementalobjectivesupdatedisabled
e28c3d3eeb17e63b,aarrewardcardheaderbackground
e29772d15cd69663,operator_button_list
e29aee48605b5a3e,updatefavoriteprompt
e29fcbcc3ac8ce5d,perkbonusenabled
e2a023917a182f01,getbaseweaponname
e2a2b0622479b293,shotplay
e2a5dabf3a9cdaea,leftline
e2a6a854d1e15b89,interactionprompt
e2a7e5133e37a010,iscorepublicmatch
e2b29e4ac825f824,istwotwogulagenabled
e2b53803d2a7cb22,verminbrown
e2b7ba671cb04fca,project_filter_index
e2bbf4bd4245b05e,borderleft
e2bdcb0972af5ea2,setscrollbarkbmstyle
e2c0635963b8217b,codhqgenericbuttonbackground
e2c37ddf6500cd8a,render_damage_indicators
e2cae37b32073cdb,is_team_based
e2cf6bf3cbc09a04,isclasschoiceallowed
e2d18c93840a6180,secondarytabfocus
e2d742501777d259,notificationpinprioritylevel
e2da95fc65125f4c,usepercentbonus
e2dbb794c1a9481a,prestige_master_level
e2de5b57e33cfd69,darkyellow
e2e0fd069620b0d7,rarity_color_secondary
e2e4e7fad7c254d3,_direction
e2e816bce9ad0daa,in_hand
e2ed2e8239f8dd08,framegeneration
e2f5cba551544016,ui_reviving_progress
e2f6a39e4ddd6656,spectatenextplayer
e2f8ecb9bb70430a,equipment_tertiary
e2f9f94df6f92292,isdemobuildordevbuildoraredevfeaturesenabled
e2fb79a0544a1086,notificationsheader
e2fc152ad96a4329,mod_bar_left_anchor
e2fc3593354bba12,skipfocusableelement
e2fdd93a54620b4e,buttonupdisabledactive
e305870890baa2a1,masteryreward
e30dfa2449c341b3,isbrquarrytutorialmap
e3144bd6788f810f,in_frontend
e3157bfd2278b39d,custom_tune
e31a6cb8ee62b47e,ultimateperklight
e31bc6e346e6be47,active_playlist_category
e31f8bb97a858e52,sprint_active_period_started
e32143f82d8af076,showdescription
e3237442fda0a664,sa_ui_log_pageback_01
e325ceb51e789490,modelscale
e328c5f57c2d16c8,scorecost
e332b4f1a08df1ed,ui_iw8_aar_progress_circle_stop
e341b6ae282c7009,alert_management
e3433aa5c1dcae37,hasplatformname
e34393fff8e9dc09,gridscrollbarexpandright
e3476f5c2f9a953e,roundstitle
e347ab085bc66d8f,weapon_build_title
e34ebf5c6935874b,duplicategobblegumpack
e34f3a8aa2d8e5ff,ui_cruise_package_controls
e354301a2e7f3aad,previousstate
e3577a38569077ab,emote_count
e36692c35f65cede,ret_sat_loot_robotk
e36b5721e5aeec41,next_screen
e36c2c07f935190d,max_members
e36d68d895c37da8,iskeyboardinput
e386eaf2fe30c107,camo_button_list
e3899141a7fd9f4d,activenotenrolled
e38e16d9fbf3fc43,loot_table_name
e38edf2741ba1d35,bindingpreviewbuttonrightarrow
e395a99068f59de5,bindingpreviewmouse
e39901a11359cbcb,demostate
e39bc5ef085570e5,fliroff
e39c2385fc4cf924,current_page
e3a418d7d5783274,pap_camos
e3a6946cfbe95397,uploadstats
e3ac4248ecd298ad,isblueprintequipped
e3ac524839f8906f,setweaponbuildindex
e3acefdf9c141c81,category_text
e3ad6c50b8e09d5d,current_map_image
e3bd453fd76f7e0f,rangefinderbattery
e3bd9b8842bb9b51,horizontalright
e3c02f2d6e54f12f,splashalternativecolor1dark
e3caa0526254e613,getperkstreakstatus
e3cb5630796b9ce8,matchchat
e3d38ca58d733098,ret_cer_loot_s2carnival_rangefinder
e3d716c17ff52f94,bannerimage
e3d8a2810eee1319,update_button_layout_visual
e3dba19c434dcc8d,srbrackets
e3e1de8fb569be55,tertiary_command_text
e3e3fffc565ab5e2,operator_changed
e3e419beda803480,isdropzonegametype
e3e5f53e15ea79ba,modfourstats
e3ecabea100e56f1,mousepressandhold
e3f46ec174912b1e,obplay
e407441f201727e6,tabdescription
e40802a840a458f7,prestige_level_string
e4094cba898b84ab,total_skin_count
e409bb355a1a352e,extraperks
e40e3c45371b2f09,glowmain
e4157da6dbd17168,showhudhealthbar
e41e042306c7dd3d,onboardingmissionlobbyquitpopup
e421bf3b586e454f,itembtnglow
e421f7cd8120e08d,gainfocusbyelement
e42e0c2563a2219f,arguments
e431f0c8aeeaeb79,purchaseitem
e43733d8852d130b,rankbackground
e43c38bb056f5045,ui_zm_current_quest_status_notify
e43e1d9365a4f25b,issquadwidgetexpansionenabled
e442f19369d534d0,allowblueprintswithrestriction
e445c7e4f1fa8814,loadoutmenu
e44e965591eeade7,applyable
e451ae93da010e2e,sendfriendinvite
e451cbcb445211de,lui_trials_enabled
e45a6cb70023886a,webviewunavailablegamestartpopup
e45cc5c595c60a4e,on_close_action
e45e3bf48c371980,equipment_list
e45e5551718731b0,opengobblegumpacksmenu
e460521f54b5335b,isintegratedtacmapenabled
e460fd58a9b4dc24,uprow
e46265b0713ecfe7,cpdesc
e465a45fce8a5089,nomemberstitle
e469f0a1dc6b00ac,getitemcountrarity
e46d0385ea365b37,collectible_mission_index
e4763697376f223d,session_state
e47be2427b894c00,movedown
e48254b223306fad,watermarkmask
e4842e9902d0d222,copied_to_clipboard
e484cd53838aed2e,hasrespawntoken
e48c3b2eb6514028,updatebuiltwidget
e490f8c04ca5d690,is_amp
e49451c36a2b176c,archive_replay_change_camera
e4a3d55895ca6172,quest_omnvars
e4a4d7d43d3f9bb4,refresh_grid_child
e4b0402130ceecfe,hdrblackpointguide
e4b1675038bf6f73,openaddfriendsaction
e4b3218b3b88ee95,tab_mouse_select
e4b6bda855c6fdd1,battlepasscomplete
e4b985bf4ce8d847,starreddot
e4bd89d085cdf883,current_progression_type
e4beb9287a53fa26,maxfavoritesreachedpopup
e4bff6ffa2bc5f1a,isfrombattlepass
e4c306ca953e5f04,gainchildfocus
e4c31035bf87bfeb,extentrsharp
e4d4f5e78fa17c20,preview_data
e4dda5834ae6447b,damageoutlinedefault
e4e3daf8d6ebc531,glowtick
e4e8c34fffca432b,diamond_camo_tracker
e4eacd371f7999bc,setnowrap
e4f64366c05a1159,hvtalert
e4f81643b0ea8ac3,status_all
e4fe5427e6c8310f,reward_xp
e5041bf862a2c184,gdutimeout
e50bf8b372c49a82,reticleoutercirclehybridrange01
e50de4f568fe1294,aarmasterychallengecompletedescription
e50e1e9839cb4b74,archive_replay_pause
e50e353bb3879634,loadingscreen_list
e50f84baa4e203ef,reticleholobcell
e51368c21b66183d,procontent
e51383fa06e365ac,focused_item_index_operator_skin
e514f7522717bb1c,updatechannels
e51ce383d30a9c18,verydarkred
e51e8021f7ad7ee6,ret_sat_loot_s3rich100
e5261cc329a0d6ee,sendbroadcastbutton
e53992a759390a62,bronzetext
e53da8b8d40023dc,damage_feedback_icon_notify
e53f5ce7503a4580,ret_sat_loot_dotgreen_thermscope
e54265bfbeca2300,dirtyturquoise
e5452daafa223855,istryagunregion
e54885e1da765e00,sethandletouchtree
e54a324485dfde52,forcenotifydatamodel
e55033d4f00d5684,isspmapparty
e55205d0dca3b055,ret_sat_loot_s3bamboo
e55232b65747bc06,enemiesdowned
e5537d98b8426f1b,ispcandnotsingleplayer
e553802a05bafded,lobbychat
e556c060f85eccde,paneltext
e5587f4834af7a04,codhq_white
e55d2c87fb15dc54,customize_menu_buttons
e55d7805da008136,doaction
e55e14785b786bc6,layout_focused_index
e567063a7acf87ec,holdbutton
e5712432014165f1,vehicle_icon
e579c306c1170cbc,gamepadbutton
e57cc41fe0a19869,expander_expand_or_collapse
e57e8ff1b0e1e5f9,aretrialsenabled
e595e4d61034ce8c,victory_challenges
e5991a3fde854bd1,ui_iw8_br_aar_cash_stop
e59a4f7ea0e2c761,hidedescription
e59edf4aa63ee0ff,getsavebuttonimage
e5a11ff57cf6f60f,accent_color
e5a640315367bba7,enabledioramaupdateposition
e5b11040f75a5262,titlebg
e5b11e68abdc7beb,arenagreendark
e5b241546f3cb4f9,isopen
e5be6dbeb612a881,quit_popmenu
e5c04dd0c2f1f097,codpointsimage
e5c9e69918a4bfed,unlockcriteriachallenge
e5daaa6b5f18483a,tuninglayout
e5dbcb74bdbdc47f,bindingpreviewbuttonmore
e5ddf2324bd5ebb0,plate_index
e5deadf2292aaad4,operatorskinbutton
e5e0e0eaf9da4594,purchase_command
e5e811dd8cf535b9,by_level
e5e873df664b3e18,hudprimary
e5ecb6300c6a1785,leagueplayrules
e5ee8ecf6526487c,display_player_healthbars
e5f090504efffe51,selected_relics_overview
e5f2049e83c49bfd,ret_sat_loot_uap_holorange
e5f4da55182fbb5b,matchstatusinfobrwrapper
e5f78e14de6af65a,gasmaskdata
e5f87ff66db27a63,applybutton
e5fbef731b4c7620,reticleoutercirclesmalllines
e5fec779ad0e8e74,issonyeu
e5ff8e7d17264b20,pro_content_item
e6083a634e502ec9,update_color_blind_colors
e60d566b35fa221a,use_platform_icon
e60fb379ad1cdfab,issonyna
e6142d1b63831a8c,is_current_weapon
e617f1a26a039ffe,genericeditboxoption
e620f12a9023465d,highlightprimaryaction
e624e763717b1e41,subtabbackgroundfocused
e634d779116d46d8,getweaponfrominstance
e634f5f43f4726b5,ret_cer_loot_s3bdog_rangefinder
e6394ee974f41c34,ret_sat_loot_s25guild
e63a96777e2c49fd,percent_rank
e63b81776e3c1506,shouldcreatekeybindlinkbutton
e63cba274eb9b095,gameplayshoulderswapduringadsonly
e6588d6fd97c2a4c,isgamepadinput
e65b851cda6c1c3e,premiumpurchaseinfotext
e65e9a96eb2ff62b,ui_gametype
e6644c9781fe45d0,setposition
e666c5a6aa11a33d,displaynotificationclusteredunreadcount
e66b6e11065bbed9,grid_scroll_begin
e66b9ecf3e09446b,dummydailydownloadlimit
e66d008eefb5d29f,reticleholo04pink
e66ef69fccfc21d2,resetfilter
e670ff96fd930c46,pointscategories
e674283877012b75,ret_cer_loot_transparent
e674987666a8f72d,getunlockrank
e685c4728ce50ece,shoulddisablesquadui
e688a4f128fde5d1,iconglow
e6a9a2a622a4a35e,ui_activity_sideop_progress
e6b3517ee2732ab3,ossecondary
e6be1c25512c9806,ui_hide_weapon_info
e6c0a09b00f19b42,logotag
e6c9a28b6b34cf30,save_game_type
e6ca79d122d0e4aa,player_armor_state
e6d0b97b68b338d6,getprimaryicon
e6d1ef81b45e8417,fontstyle_msubheaderbold
e6d7708229e5adb9,trit_enemy
e6db34db39696b4a,title_black_ops_5
e6dc93bcb7a77d0d,reticlefiltercategory
e6ddecde7aa18528,getbuttonref
e6e0596d19b5534f,ui_killstreak_weapon
e6e183377e0c37f4,statname
e6eb47a10616b920,spikeleft
e6ebc5047a9b4548,current_subpage
e6f2f643254964ed,brlootpurple
e6f3b919051c4375,amd
e6f4057a1b6d1c3e,brlootgreen
e6fa9df167439871,dvarchecktimer
e6fc6560db020dd0,time_gate_expired
e704de988dac5446,is_down
e7091611dce4f290,eula_accepted
e70d417494383960,torsoimagelarge
e716c9e7bafe3bb8,getcurrentstealthstate
e71b4ab796045598,intelscriptable
e71bc2dc86884b91,tabref
e71fb2190541727b,abs
e7207fad9cee4361,categorytabs
e723cc761de7b161,scr_player_laststand
e724a4cbe5575057,relative_cost
e725889e425123a3,collapsestate
e7290a23c23e5239,whisperbutton
e72b6769d299f357,ispillagegametype
e72ccd22af0baa7b,showprogressionbutton
e732a96cdf0e06a0,cl_noprint
e734eac0170c7b22,loadingscreen.id
e73e2c9677745d8d,flow_manager
e749068f1268d42e,weapon_display_name
e753dccc7d55ef1e,other_categories
e7540e3f50defe35,default_tab_index
e75611cd9a49e3a8,pulse_image
e757cabf5d9dd4b1,isinventoryperkpackagetooltipenabled
e75b0c65770adc92,leagueplay_ae_data_updated
e75c7d13f7ab0415,attachmentequipped
e75ec9e99652809e,preorder
e761b97cc8063b65,getcosmeticattachment
e762b6829f44bfd2,is_filled
e76428512a95229f,isstealthpipsenabled
e76efe71d2d320fd,loadoutsecondaryaction
e772d06cbca3a64f,bindingerrorbg
e7763f23d8ec7b09,buttonselect
e7794022142a8313,lobby_member_data
e77b5b2a61c8b952,max_party_size
e782288bb3538a58,mudred
e783177af00c41cb,crimsonnonhighlightoverride
e785cae3460dfa92,deut_ally
e789835305209161,is_blackcell
e79132ff69ec7ca3,ui_grenade_tagged_notify
e7979c6e156fcc97,screenfade
e7a2b284f879d24c,generic_yesno_popup
e7a30133072e6100,doublexp
e7b61837b09010e4,mapspecial
e7b84b2ba1bfaf5c,reticle_fvats2
e7ba9a5fd78fb481,meatshieldhintmemcontainerwrapper
e7bb3000eaaba5e1,globalpanelplayer
e7c0c7694ff1bbf9,isscoreboardassistsdisabled
e7c5a65c5f1f8fae,hacking_state
e7c9ddeb2de78078,ret_cer_loot_anime_mecha
e7cf60b4137c00d5,wz2callback
e7d645183d363672,name_showcase
e7d6f599850e4b5c,button_active
e7db8d5150eab48e,store_inprogress_popup
e7e3b60f1a12a67b,isplaylist
e7e7e9a9e41f0781,overridedvarvalue
e7ece2f154bc75b0,mantisgreen
e7eefe998522ec88,button_action
e7f2452082d5a7be,registeractionable
e7f258b99e5d9b4c,triggervirtualkeyboardcallback
e7f5fa9443045c08,purchasegift
e7f63b49242f00b9,crosslaunch_type
e7fb22b8abb0a11d,notifystring
e80290f6c9ea3f40,primarybuttonstring
e8037574e4e24850,restricted_attachment_count
e80456517a7ff488,getcallingcardimage
e80fca5afe5ad294,cl_paused
e81098097a168a01,not_in_frontend
e810e6c761d9d571,show_widget
e8170524e950409a,feed_items
e81e1cc316d94022,generickeybindinnerbutton
e81f4221b15ecbf4,ui_show_killstreak_targeted_warning
e82d938853e2b789,getdefaultskin
e83a566ce6691069,isfloordownbutton
e842be1ddbb2219b,saleend
e84a9a00cd6f271a,extraction_timer
e84bac6857883273,is_completed
e84bc259e8ae0101,ret_sat_loot_spider_thermscope
e84ca7d4fbe856a7,voicechat
e8500d061a1ad7bb,datasourcename
e855b5611b40d8c6,gift_received_popup
e859b8b6d5b176b1,actived
e86730c29909fdb6,super_ref
e86928aa81952250,ui_iw8_plunder_team_lost_bar
e87110ab7e271cc6,bindingpreviewbuttondash
e8745eabb19948ac,hpsuffix
e8762967ee235a90,styleconfig
e87db93c1bcd710b,enableloadingscreenbinkdmz
e87f61fdc1366298,game_status_text
e8972e4162c2e9b1,hasbptokenreward
e89d4123c99422f3,legacyimage
e8a7027ab497f59a,description_misc
e8b1b3c0586428db,iconhq
e8b24bb7da95a6c5,buttontextbg
e8bd807c000dc8a0,glowcallout
e8bfcbc8b6f1ee48,chinese
e8c286f9fd2886b6,positive800
e8c7dd15761f41d3,player_emblem
e8c9a2c058789dd9,iconon
e8ca2204630c86ce,global_player_splash_opacity
e8d1ab20766859ba,getactions
e8d29198dc31f4ef,death_time
e8d353f7f6b19a08,playloopsound
e8d80469aa54f156,brperkshudwidgetwrapper
e8d8971e4e50aed8,getref
e8dbfec8585fff92,mustardstain
e8dc2d9a5e59a19c,azureblue
e8dce81a76251c53,hidetracktab
e8e13bd7a524c5bf,widget_header
e8e6720f45078f4e,restoreduckaudio
e8ef84ed1aef43eb,mandrilsnout
e8f4cc2f691ebcee,season_ranked_up
e8f57eb23ce9d778,perkstreak3
e8f57fb23ce9d92b,perkstreak2
e8f580b23ce9dade,perkstreak1
e8f5beb23cea4438,perkstreaks
e8fd1363e8c0f300,gamestore
e8fe3dcbf1e733d6,is_hidden
e90622de7ceadefc,isteamassimilationenabled
e90859b93a2fe216,getaccessibilityvalue
e90b634586b926f0,animatesequenceontextbacking
e90f2e3147bfbfef,player_in_infil
e9109f3a1db8b627,has_bounty
e910f53a9931f05e,camos
e91dd4a811e78303,button_del
e9248fff25bb3e41,paddingtop
e925261ef5ab7c6f,reticledmscopevz01_darkritual
e9280c3a3213964d,ret_cer_med_06_wz
e9284feedfda25e9,total completion
e932193a321c00e9,ret_cer_med_06_zm
e93aa1448835a9a4,fpsku
e93bf0f29daf98bc,ui_activity_scriptable_index
e93d90b9683dc6e3,seasoncountdown
e93f1d93aed5f472,streak_challenges
e93f3ceb5e889b29,ui_dmz_disguise_sixth_sense_glow
e94c9202eafb0c84,jasper
e9546cd03961dd01,buystationitemname
e95eeda7d2ec13ed,ui_store_cards_flip
e960b8e9adb741b0,isheader
e962edf9ba532e85,reticlexmike109
e963963b548d0a67,renderresolution
e972011c3046dc32,openbindingpreview
e972063a3251c495,ret_cer_med_06_mp
e9760970d150646c,buttons_swap
e97a5a2f306b1141,underkill
e982ddc5519e40bc,alert_already_has_killstreak
e983919c211b9e49,rarity_border
e98b1c8b7e681adf,zmgrief
e98ffb42c6c1dd82,canwishlist
e9907af319756296,dotglows
e990a47a601091a2,updateloopingsounds
e9917da022261cb0,panelsubheader
e998ac989dbce337,archive_replay_record
e99adc40fe41c71b,issprinting
e9a16fc459fe88de,issocialmenuenabled
e9a8ed4721b8f407,votingtime
e9ad383e2ad4fb66,_onreset
e9b0503d921828b9,not_searching
e9b4779ab6fb3156,hideallvignette
e9be0b073ce1d539,ret_sat_loot_polarb
e9c2860bba6cb090,crosslaunchingjoiningsession
e9c5a4432cb0866d,selected_phone_number
e9c8930aa3b72d6e,ret_cer_long_04_wz_therm
e9cb17df93422102,isseasonactive
e9d02d1c06c792e5,none_value
e9d5a2634d05d434,skill_backing_color
e9db5153593d7a82,trophyhuntrewards
e9ddfb5ac521cf9a,overrideselectanimations
e9e21b0dee44c969,uiscreenfade
e9e599e3fa2d2582,trialsilver
e9e70438ec980d02,sat_season_3_mid_w6
e9e70538ec980eb5,sat_season_3_mid_w7
e9e70638ec981068,sat_season_3_mid_w8
e9ef3f149b369b27,is_extended_mode
e9f543026dd45d02,bundle.menuslot
e9fca189cb81a18c,ui_mpmenu_quickplay_updown
e9fda23affa5ada0,ret_sat_loot_general_thermscope
ea0c983857ad0790,rarityborder
ea0ef22a81c4c703,item_type
ea15c55c9cbe508f,getviewmodel
ea184a9ffe83a832,ui_ob_power_tier
ea19a091cc2b2be3,setoperatorexecution
ea205cb8a22d1172,base_weapon_bundle
ea20f66ef28d32e2,is_kill
ea23b020b94e1a18,iscapturablegametype
ea25a13151c77ae5,isallowedtospectate
ea26191e1cae855a,broom
ea291db9283fa56d,animatedglow
ea2b8dc0efa39b97,soundbarfillfastend
ea2e42c47152eff7,unlockcriteriabattlepass
ea3b27b5816996cd,glowmasksheen
ea3b9eea63084579,datasourcestostring
ea3ea7015f914d03,skirmishrespawnonplayerbutton
ea3f6b93e0c014a5,modeobjective
ea42f648deda6c26,loadoutbtntxt_hover
ea4a75f33476a6b7,militarycamos
ea4f419cc129e9e6,minimumsliderbound
ea4f60d2f816b468,battlepass_owned
ea59f5b425610fa6,wraith
ea5de40218d6da57,jup_reticle_irons
ea5f9bfa1bed8208,isweaponpart
ea69584544147874,current_widget_index
ea6cd8faf790ce7b,iskra
ea761c6a8762506a,ret_sat_rangefinder_element
ea76288eee3dc808,ui_overcap_a
ea762a8eee3dcd8a,ui_overcap_c
ea762b8eee3dd04b,ui_overcap_b
ea76d6a1ff6d75aa,removeduckaudiotemporarily
ea785f2a87e77dfe,lockedbase
ea7a289fa89b06bf,max_slots
ea7b5355ba6bd84b,docked
ea7d74732b5b5981,ret_cer_long_04_mp_rangefinder
ea7f12dfea955a66,is_banned
ea7f341850f306e9,rewardcontainer
ea81c9a19805c833,getplayerprestigelevel
ea8805f74e39a71b,radiationgreen
ea89f9ca22488907,setfonttracking
ea9052e452b7dcfc,dropdowndarkener
ea9198cb256e8fbd,specialchallengedescription
ea946d93e89a47f2,bundlegetchyron
ea9be538a6a27968,ismatchmakingbrleagueplay
eaa106eb9b64e3e0,distance_text
eaa3b4faf7bfd3bf,iskbm
eaa4d4ddb9348262,buttongrey
eaa948becfd288a2,rightteamwin
eaa9e51860cee191,battle_pass_page
eab2399f966f33c2,event_time_remaining
eab277bc20419233,issquadmeatshieldvictim
eab2e9ddb940e36d,buttongrid
eab76fd45c8441c9,microphone
eabd4989f765e63b,fill_temp_hot
eabddd55fb6c92f6,has_init
eabe5759d523a7d5,loot_type_display_name
eabed74cef7dba90,iscutscenecontrolsenabled
eac88675768546a6,finishsubtitle
eac8a3237454316e,findemblemgivenlootid
eacae77b9ee3a25a,mini_leaderboard
eacff4e51f2552ad,pausedisabled
ead2d129a16f118c,featurednotificationtype
ead9965fefe1f293,customdefault
eae4839b5c48ffb9,favoritebutton
eae4d8c174005829,isglobalplayerinfoenabledinfullscreenwebview
eaeac96188e541aa,ui_store_confirm_purchase_window_open
eaeca0d6b9629afb,resettaboptions
eaee61fb64fa56ef,peachfuzz
eaf03cf2dcbe0a70,focused_reward
eaf0d9c00f9805b6,scr_game_allowkillstreaks
eaf0e54da7a4b3ce,woodtitle
eaf1f13938bb2164,killsstreak
eaf34ed5540349cd,reticlethermalsnpr
eaf5c8e001975bed,tracker_icon
eaf88e725dba94b2,theme
eafbab119d92a873,gunscreensatelegantclock
eb0737ac1bd8fba4,rightnumberone
eb087e87e4b2bcca,rewardunlockedcelebrationtext
eb0a116e5f750bf9,iscommscramblerenabled
eb19f19f3703996e,grid_condensing
eb1e4d34b14b2fdc,digital_billboards
eb1f36bd0531ece5,getcamocategoryselectmenuref
eb2f3bd056c8a15a,openurl
eb2f993c8d2a9329,background_color
eb335e974ac05091,ability_ready
eb344580dc5332b5,ui_armor_show
eb408066a3a391f2,mpscoreboardgrid
eb4134f76a1a64aa,ui_hack_index
eb4188d61f150eb7,midaccent
eb4548c059262da7,highwaygrey
eb49e963054964dc,rewardstext
eb4a4c1cf968eb92,isprivatematchtournament
eb4fc1bbcec9d9b2,unitstring
eb55e6e9afb2e809,toggleplayermute
eb5bf28a81ccc17e,presenceonly
eb5cc1dacf78d268,animationid
eb60e2a2a643e7ab,boost_active
eb64aed92423694c,numberswitch
eb677597daf2a6aa,state_color
eb7310ab3f409001,popupyesnocancel
eb73ef0c000ce3cf,vhuddefault
eb78af9decc3827c,selectedrelicslist
eb7c9c2becadc969,mutestrategymuteallbutsociallyconnected
eb7dbee689dda8ea,ret_cer_loot_s2saintpat
eb7fb49bfbf6a17e,goblin
eb81a5136c5503e4,execnow
eb852ee15cc8f1bd,infobackground
eb8536398b840350,ret_sat_loot_s45slim_rangefinder
eb86904abc21b9e9,selfchat
eb8cd127b22437c5,bodyshot
eba5d33fec211f5c,customize_time_spent_ms
eba8abc7d086fb30,isgwtdmgametype
ebb268f3f69fac4c,codhq_force_hide_games
ebb7618baaf84b7e,trialid
ebc6c2e44a825211,swapmenudown
ebce10b2cc557406,perk_bundle
ebd323c9097c9828,auto_navigation_state_changed
ebd589817e51c4cf,popup_buttons
ebdaac03dbb860f2,ret_sat_short_05_zm_holorange
ebdaf86117f49de7,zone
ebe5735a48aa5dac,player_actions
ebe677af1e60722d,always_visible
ebe8e5775b28aa6b,update_layout
ebf7f9a320387594,list_filter
ec02b0b964f1ed6c,onvoicechattoggled
ec0922539b1da267,inactivetab
ec1ccdf88c25b583,win_challenge
ec1d1c9d2b11c9bb,sixthsense
ec210a99418b2fac,isdowned
ec23e88d38da9775,spacer_height
ec252901c89dcbcb,r_preloadShadersFrontendSkip
ec32fc7668ff1513,getblueprints
ec346d45c69da3f2,getclassname
ec35e91809eeac79,consumable_equipment
ec3b335bb0b2f752,eventid
ec3eed95ba80ed4a,isxboxlive
ec3f237e027ed2c8,packdata
ec49652b44b9a4e4,padding_bottom
ec4fc6e961044525,cashplacement
ec530206761f29e6,restoremenu
ec6046646a40e794,ui_buy_crate_close_window
ec634aece1aab0b8,ret_cer_long_03_mp
ec676d2eb3bf9480,prestigelist
ec67a4832242ef7e,update_hit_markers
ec6ad5341e93dfb3,iswegame
ec6c1b7787fadee4,alienchaos
ec7e7f13c181b1aa,party_member
ec80f724d60330d0,parent_active
ec84df23f258a914,tabtextfocused
ec854cece1c79a84,ret_cer_long_03_wz
ec866726c9d76f06,can_equip
ec8bfa4dca78cfb4,chargeup
ec8e8dbd73a6fa8f,is_in_boot_flow
ec931aee27b04e6e,active_alert
ec9791b236a7183f,reward_level
ec991ce692d7b69c,outercirclesharp
ecaaef9e5ea52efc,lobby_scene
ecb137ece1ecb1c0,ret_cer_long_03_zm
ecb586f646780ee7,showbonuseffectgeneric
ecbae3b17b489d66,weaponprice
ecbd0521d577bdd6,cosmetic_attachment
ecbe2d87d9912f44,mp_active_reload_pos
ecbe93e70a27a396,resourcename
ecc08f7f733d7e1e,attestations
ecc443bd2511c52d,last_played
eccafadc50285a35,globalplayerinfostates
eccb79fddb412740,linkkey
eccf1e6ef030a4fe,ret_sat_loot_s1mechaeagle_thermscope
ecd04a2da4b210cf,onreset
ecd412eb461289ed,getstationarynotelist
ecd50c3c98cde349,execeast
ecdec549ff45700c,getexecutionlootid
ece74d68fcfdca2e,is_challenge_locked
ecf1c9dcef5fd191,getrechargespeed
ecf6fd176d811e5f,getmutestrategylabel
ed05cf8062f3db1d,attachmentsgrid
ed0bdbfea40c1d31,setadjustsizetocontent
ed2163bebf52775d,return_to_hq
ed2744213a753a57,ballisticreticlecalcdropmils
ed38c1aa0c9637a0,battlepass_confirm_starting_advantage
ed3c445cf4a33a73,getfieldupgrade
ed3dbdaa7c51db6d,blueplaza
ed3f2cf504e46935,gunscreencercucumber
ed3ffaa8027d2b99,finalfocus
ed43eeaebef0b94f,basemessage
ed45eddc6069c73a,midwestfield
ed4a71e34e488e86,scr_wztrain_enable
ed4e95f65d92dc42,righttriggercolor
ed4eb56ac6354e67,ret_cer_loot_s6record_rangefinder
ed4f0b42bae52377,has_image_backing
ed552ccccd40383e,_sliderarea
ed572b69fff8d4a6,__stateconditions
ed5bc1226a78c2ce,viewbundlelabel
ed60b14378e29055,ui_lem_catalogpurchase_notify
ed62c8e957f1d540,fontstyle_lheaderbold
ed68909ffe4c6dd9,game_icon
ed6a54f9bcddfc6c,getprogressionlevel
ed6bd66e8b17372a,button_
ed7077bee5f314c9,mouseup
ed79c16022710d9d,textbox11
ed7a1d0daaf48c24,sabre
ed7d23ee59275b41,ui_iw8_br_aar_contracts_start
ed9449c12fef6670,skipprompt
ed9887c00cf2b985,getweaponnamewithdefaultattachments
ed9c4114573fdabb,broadcasttextchatentry
eda07e5ab872e4b3,isknockoutgametype
edc1b99a9f35df61,lootpreviewbackground
edcf57b772a4327b,shadowbodylight
edd276139f81c254,bracketbackercompleted
edd355e3ac6f5642,buildnumber
ede18f94b815a481,inkillcam
ede4bdd1e4e1a17e,random_favorite_button_image
ede4da577c2d5d11,isinkillcam
ede85807724f7f32,rtt_widget
ede998c7cd8ed3ef,sendchannelinvite
edeb798095716aae,bnetfile
edede6d9944e5bb2,laughing
ee01f92a72a28db0,ui_iw8_br_aar_combat_stop
ee0a4696d229f582,br_sat
ee1150eed2409862,challengeprogresstext
ee166267391632bc,hordashright
ee16f8009483bdd3,bundle_id
ee190fa4e46f4fe3,emptyimage
ee1963b4a3fee174,thininnervert1
ee1966b4a3fee68d,thininnervert2
ee1e8fed08b06df7,getfriendscount
ee20bee3cb317dec,silverbody
ee27bb0fa1197476,selected_weapon_data
ee2a80387b184f9b,getdescription
ee2c01c9229521a8,teagreen
ee2de4908bf95ba6,argumenttype
ee2edb19f8103fe3,ret_sat_loot_s25teddbus_thermscope
ee30b3a8b67021b8,restrictionon
ee35e734fbaf4f45,isendgametakeoversplashdvarset
ee3a345b79346444,ui_remote_nuke_sequence
ee41cbe8306452d5,ret_sat_loot_s2scheme
ee4af11d0da52de7,health_color
ee59b5ad45a96f42,stash
ee5f6d7b48b44de8,settings
ee6ee8ec75181aad,shadowtitle
ee70bab6b6941aa2,importsettingsdownloadtimer
ee72ea976e281ad0,current_state
ee795299d56041f3,reticledmscopevz01
ee795399d56043a6,reticledmscopevz02
ee795499d5604559,reticledmscopevz03
ee7c25dd2ce5a2b7,initdatasources
ee85d8460170e9e7,getpackapunchbundle
ee87c2e427bfcd6d,customizewindowoption
ee8b85fa32547f59,isgamesetupenabled
ee8ebdba7faf0536,textdisabled
ee904ee312285097,getfullimage
ee93d371cc21732d,uidynamicimage
ee97bf853988240d,paddingbottom
eea33d9255d6c6ee,ret_sat_med_07_zm_fourx01
eea52ec4a57815e9,triggered_in_frontend
eeaa99ae5814d8ec,dismissnotification
eeb4045df91a7bcb,bottomsegment
eeb45dca94e7f9e7,subchallenges
eec0f3970fd233a8,isgroundwaraigametype
eec0fd4ba0fe155e,is_open
eec14000993a36c6,deepsea
eec3cf9552ebb719,quickequipenabled
eec9da532415fb60,sidecar
eed23599bb8b5035,isdirectionalinput
eed2f5ae11f0d161,rewards_claimed
eed431a43dc3544e,isdmzgunsmithenabled
eed5a829a176d2c4,collectible_title
eeda25f4b0f2d3c0,setfontleading
eedb6c426e023c69,player_list
eedeaf5d400b0a58,commonlight
eee137d339951e3b,deploy_data
eee44298081843a4,getrarity
eee6d8699e21b2e5,isattachmentequipped
eeef1fb352e9a3a5,searchcategory
eef05b59163fc23e,locname
eef8c556b7552fe8,isoicgametype
ef04f9e54e621cdc,epiclight
ef07b05cb0fdf0a4,bnetblue
ef0c21448dafdd21,oceanblue
ef0f37c6065a94f5,resetkeybindsdialog
ef13dee295542180,globalpanelnotifications
ef190c2bb168dd06,isdmztaskhackerphoneenabled
ef1cdf3098bad7da,input_method_changed
ef1cf0c680356dc4,satreticleoutercirclesharp
ef237da69bb64ef6,ui_mapname
ef255ca0e8ac9cf1,ui_cranked_timer_is_shown
ef2a2613a65ffad2,turret_active
ef2b060da1eb740b,sprays_tab
ef2d32a496ddc4a0,isdominationorarmsracegametype
ef350629f197fc32,show_preview_prompt
ef388ee416591776,ishelpmenuenabled
ef44a5b0fd6a224a,frontendloottablename
ef4675cbc30df1f4,legendarytertiary
ef590104a65cd74c,gotobattlepasstab
ef5ac466a677d8f3,getcallingcard
ef61a187051af183,text_chat_enabled
ef63ecfa4e239aeb,primary_string
ef66d48eacecfc0d,reticlethermaloutercircle
ef6d789e24063963,highlightblue
ef6f69a771b8377a,loadout_menu_title
ef6f7c0c242b5b38,generic_no_button_popup
ef72ec4ea94402b5,keepbuystationopenafterpurchase
ef77ed05936cdd0b,tiersalevariantendsoon
ef7a5c19dff368f0,availableinstore
ef80a4344607329c,orionorange
ef857baa8683e5af,feature_ban_global_streamer_mode
ef8884783be78ba6,charges
ef88f56f725e18f9,tileequippablebutton
ef8d6c617d1d07fe,getonboardingmissionchallengesdata
ef907e6092cceff8,eyer
ef908c6092cd07c2,eyel
ef9cced4d3c97087,side_arrows_setup_finish
ef9ced3d0f3f50f3,pack_index
efa786ccc4be4587,comprojecttype
efaab7528daa6d27,isinspect
efadb87253830a33,hordashleft
efb0650c0dd444a1,seafoamblue
efb4e939c9d882ee,gamemode_name
efb6c2be587b9193,weaponclasslist
efb9ec84c920b38c,playcinematic
efbb1518292e054e,hide_equipment
efbcc0c156134cba,input_mode_active
efc405c012a219c7,operator_ref
efc98d2e2cd32486,menuhighlight
efcac0792522b7b0,tabletgreen
efdc62b25dc4603a,wwdrillgunscreen
efdd0889e5e0732c,benchmark
efe61b941851c275,crimsondot
eff12e60a10e9300,image0copy3
eff12f60a10e94b3,image0copy2
eff13460a10e9d32,image0copy5
eff13560a10e9ee5,image0copy4
eff6d1dcc3c66210,issupersprinting
eff707d0c2cb95cb,premiumpurchasechallengereference
f001e554c2db7a19,camoprogresstext
f0092a0ce5592e01,yellowdark
f00e6ccb68cd4e1f,editbuttonlayout
f014f56f34839957,ret_cer_med_08_zm
f0191e5b858048d2,setrequiredfocustype
f0213e26ee6c61c7,color_highlight
f0247bc8bf587f2d,xptotal
f025c1fa00fb5601,positive900
f02659c3311d00c8,openemotemenu
f03095742e24526d,uncommonlight
f034ea6e554a4dbc,ui_iw8_payback_victory_counter
f037fec2e139e59d,minijugg
f03d3442d326de58,bindinglabel
f0410c6f34a8fb57,ret_cer_med_08_wz
f04151e6b3d5d6aa,friendly_time
f045f64885748560,infiltration
f04ef000a373499b,overridechallengeid
f0509366c1905c2b,flame_streak
f05338b482e9441d,isbrffamatch
f053b1cc3d799b02,weapon_render_icon
f06093d047200548,getscriptbundle
f0613db9d326899c,isattestationmandatory
f063026f34c5d0bf,ret_cer_med_08_mp
f0653e1149e56c48,getonboardingbountygamemode
f06dd52668d04d18,active_scene
f06e6070f68f0b0d,getdefaultpose
f07060c06d91e13c,progressdetails
f073f7ca2f206dad,sticklayout_updatedvisual
f075a68d74ff5fe2,custom_icon
f07604ecb67f2b99,color_picker_selected
f078e7b37ce3582d,bombweapon
f08147be9049f759,tu_alpha
f082604fc4d9be25,dpadleft
f09c47d0bea23be2,ui_killcam_killedby_progress
f0a04283e1231dad,switchgrid
f0a25b5e1e2208ef,highlightcircle
f0a88e67d5b4eff8,getmodelist
f0aa4118c7788642,bnetorange
f0abcb3dfc9fe7a6,base_name
f0ad1020d458a0e5,ret_sat_med_08_mp_fourx01
f0adaa62c3408e5f,tagscontainer.instoretag
f0af92c10b801688,reticleholotherm01
f0af95c10b801ba1,reticleholotherm02
f0afac2d7743a20e,camo_list
f0b2cc441f7e53ac,power_earned
f0b32ba58ca8946c,filterprestigecallingcarddata
f0b50cda91575149,playerdetailsavailability
f0be9153f1d5dd76,color_state
f0bf8a645315dc51,isvalidperk
f0c0f8991d565982,ret_cer_long_03_wz_rangefinder
f0c76a4a0f9b2bed,selected_channel_type
f0c7f5d2567d3d1a,getplaylistname
f0cff3bcb66f6a28,current_variant_id
f0d612d3da76b9f6,cloudysky
f0d7df2cfe8edd9c,primaryweaponstats
f0d83181d7e216ee,map_date
f0d881ce63fea6a3,ui_select_confirm
f0e459384a982889,equipped_item_index
f0e709b41aafd72e,isgunscreenvo
f0ee8f0c784b2b71,isteamchoiceallowed
f0ee9c08116d5ce9,rankrewards
f0f014a715b9bb2d,threedigits
f0ffaaa8814fc017,ret_cer_long_02_zm_rangefinder
f0ffd51f31a8a008,relatedsettingscommonwidget
f102d9b79ed21f91,splashalternativecolor1light
f1057e76ee4bd469,ui_killcam_killedby_weapon_prestige
f105f924fab6a7da,objectivemlgbackground
f109f5984850ca68,rankrewardlist
f11825b514d7f095,weapon_group_name
f125ee3f315b204b,global_panel
f1267ba51da61d44,sound_id
f12acd8fe7305592,ret_cer_med_05_mp_alt
f12b13dc6a0420b6,glowsparks
f12c92a0f0637061,getstickername
f1340468b707ed0e,visibletogamemodes
f134aa530494b041,getonboardingkillstreaksdata
f135b556733361cb,has_prestiged
f13db1b0d062bdba,gunscreenemblems02
f140f89bee294878,secondarykey
f14367692811f7b9,rewardsconfig
f1451ed9b34b538a,mapitemcolor_1_brcircle
f1478c7f46e7f1d0,button_pressed
f1487b6a4919ec72,controllerremoved_inputswap_popup
f154a15e104f1969,time_gate_set
f15669782d7b2922,format_string
f159207979642cd2,transitiontype
f161bee26c50d530,ui_gobblegum_expand_list
f16340ee409e892f,is_store
f16894d40bb51430,getresources
f17fd26cef234186,current_seat
f184d5b9107d8cfc,settingsbutton
f185ca70932d8a84,isbrsandbox
f189878a77eef0ef,colorarmor
f19120fccff9f8e5,datadata
f1918becb341fe50,cl_voice
f196e2d8cfe0dcab,togglepauseplay
f19da8e2212d9a26,is_acquired
f1a1277efae1b3a2,motioncontrolhorizontalline
f1a6f35d4bc8aa58,ret_sat_loot_s45spirit_rangefinder
f1aaa2d7c0c2b6e1,challenges_fetched
f1ab8697f66cd04b,totalteamcount
f1b830f9c70a096b,rangefinderdistancezoomed
f1be6f71c0c55672,setfiltervalue
f1c2b0f762a24ab6,refchanged
f1c6eb93b9d59221,isnewbarracksidentityenabled
f1d26b79c632ef44,world_event_activate
f1d758ee29c897d4,data_2
f1d759ee29c89987,data_3
f1d75bee29c89ced,data_1
f1df822e714dd82a,init_free_bytes
f1f1e545cba9415c,isbrthirdpersontoggleenabled
f1fb7560222e9d5a,selected_map_index
f205eed210732eb6,equipperkpackagecommand
f20adda9b96b2af5,vintage
f21169b214ed53a4,getmaxcharges
f223e446fe663941,opennexttitlevaultupsellbundlepreview
f22592dbf09948ed,shouldstoreswitchpurchasepreviewbuttons
f24121e20e6a1c8b,ensure_line_visible
f242396c99fd484a,lp_data
f24418b3ab8ba404,messenger
f245ca68c6a36b7f,calloutbackground
f246cdc904d773cc,update_suspension_time
f24d53929c505321,grid_focus_left_blocked
f2525c1d35dd4ae1,ui_show_armor_global
f255150524049801,isplunderorisriskgametype
f25854d05a69be98,opentop
f259044014dd1e82,isseasontimerenabled
f266999b176befb3,finalmid
f268391a1c4fb0e8,deut_party
f269184b30a49159,subtitle_text
f2741b69f4a69c47,bindingpreviewbuttonless
f2756d80fc009e18,waitingfortransientspopmenu
f27707a860fd3c45,pointscontainer
f27b15a6439e287b,sticklayout_up
f2808523ba8ed0dd,ostertiary
f282efbb69df486b,isonlinematch
f28410c8bf3025c0,achievement_id
f288263252c9f5bf,limitedtimebundlebg
f28acf3678e9eb33,base_weapons_list
f2912524b9e28cee,selected_relics_list
f292d299770de9bc,freebundlevariant
f2981b12935cc490,hvt_status
f29aa36e99ba7fa4,openattestationwizardpopup
f2a0deec092314ad,refreshtimesince
f2a38d910b5b348b,chat
f2abcffda994d06d,topglow
f2ae840de469b16e,getlayoutname
f2b5eb19def72812,buttonslist
f2b6943ead1c4641,rewardname
f2bb27cc4b7f37ed,generic_edit_box_complete
f2c2f4b683b220cf,globalpanelsubheader
f2c6bcc99bc6ac7a,cautiondark
f2c77a2e054fbbaf,diamond2
f2c77b2e054fbd62,diamond1
f2c7b430569515b2,mapchallengedata
f2c7f6ee8cd0e162,doubleactionkbm
f2d324591261c085,horzlinecopy4
f2da54cf5d6b7f02,isdevelopmentbuild
f2e3c0e18568da9f,isgrindgametype
f2ee58330049a234,systemevent
f2f268c30dfe5cda,teamchat
f2f2c20443a73eac,previewimage
f2f330cebcb24df9,rotation_center
f2fa986d80343616,bradleytimefill
f2fc05703779c013,current_sprint_end_time
f2fdbb858c80beb4,resolvechallengedata
f300d90d8c7e047f,secondaryloop
f301964872b3565c,getsplashcategoryinfoforsplash
f305035960497db8,ui_scoreboard_enabled
f30b028aa4328fbb,map_garnet
f3128149278f6519,tripletile
f312e20281345fbe,blackcell_owned
f32287e2565c2a79,ishorizontal
f328e496ab3fb2f2,ui_store_window_appear
f32d20bc127f2085,launchbattlepass
f32e17f7469a51d0,ret_cer_med_10_mp
f3308b080be17240,current_category_index
f33489b1ca50e27d,aaringamebattlepass
f33bf52ec092fd20,keycolormidnormal
f33de65bb0d333a7,shotget
f34ae785c23dc85f,archive_replay_skip_backward
f3534721e41d09e2,ret_cer_long_05_mp
f35d88983c35947b,goldbody
f35ea041e4c2043b,reticleshscope01
f35ea141e4c205ee,reticleshscope02
f35efaeaf80a596c,updatedmzgunrack
f3652cc910a69d8f,buttonrighttrigger
f372243b86158e92,edit_squad_name
f3726a6875949e05,getskinlootid
f374f4a3270f75c9,ret_sat_loot_robotk_thermscope
f37920c66ff26d93,playmission
f379e816a88b4aaa,clearmask
f37c34f746dca468,ret_cer_med_10_zm
f38624b63b75a890,settingslist
f38629f746e4e63c,ret_cer_med_10_wz
f389f5d8baa44dbb,reticledmscope01
f3913c437cf3031a,cp_russian_console
f391a9a6ef0c830d,moderngreen
f3930683e132dea4,confirmedidleinfo
f393b9bccd85caf2,tile_background
f3943c21e4548e26,ret_cer_long_05_zm
f39555f704e8f7bd,activegetdescription
f39951854c37495f,ret_sat_threex01_def
f39b18a58fabe8ee,findindex
f39e4521e45cf1f6,ret_cer_long_05_wz
f3a62a622ffae8ef,shouldshowgamepassfeatures
f3ab57fd9268cdcf,executionhintmemcontainerwrapper
f3ac3879334ffa35,statename
f3b43325edb1b879,basicweapon
f3c3775d0db42a04,interact_weapon
f3c5e08ca89dfde8,isplaylistmenurefob
f3c740c9cbdf5fb5,partymember
f3c89b2ead3a3310,iscamohub
f3ca7e3bac7041f3,description_param
f3cb432a241a7ea3,scr_arena_arenaloadouts
f3cd05e495cee6b5,tierlist
f3de95a70072c9b7,codcasterteam1substitute
f3dea268782615cd,isoperator
f3df7b9d6139eafe,display_type
f3e5f49242dcc07c,brplayer3color
f3e68521832051ac,ret_sat_loot_dotyellow_holorange
f3e798cce2c60ac6,event_complete_finished
f3e80b678b30616b,operator_image
f3e97813843affc0,ui_super_black_hat_hacking_data
f3ec914b314b6ec4,isbattletracksenabled
f3f53f4d84af5cfc,setref
f3f9acde59840964,isusinganymodel
f3fc35b7bffc92b6,camo_button_size
f4046b4c461f8ffb,snaponscrollbarmousedrag
f405dcf496f06d5d,gunbenchworldevent
f4064ad33cec1af6,scenetemplates
f40cc33ef2e8a584,weapon_abilities
f41d662a65d11a66,swapiconon
f424ac8336729e92,chevron_image
f42566a2b62787fa,mlg_
f4259956c2b434b6,activation_type
f426c76e43c1a10c,ret_sat_scope_polis
f42ba08aef2288e6,eyesglow
f43270eadc23c629,ret_sat_short_08_mp
f43df46c89757813,ret_sat_short_04_zm_holorange
f4401cb089ebf698,show_spectate_hud
f44266e49fc2f993,notcompletedbackground
f442977e5658117a,warninghard
f44741c51c5d56be,binding_key
f448b89257fbc098,ret_rex_golf94
f44a9b26baf6d713,iw9leagueplay
f44b8c7710932946,ui_deadsilence_overlay
f44f3fc7d5fa040a,sortcallingcards
f45bb38c89cc1e6e,commontertiary
f45c78422bcef52f,globalpanelsocial
f46aa2d71242668d,isphoenixenabled
f47e38232800261f,eventcompletedoverridecolor
f47ee190d79e84a6,ddosed
f48426251ac7f6e8,ingamelp
f4882707460ecfc9,titleimageposition
f489e08bab055fd3,borderright
f49ece70883a8da2,focustexture
f4a10cb35fe55b61,textfocusalt
f4a1422922aef6bf,one_item
f4b4bb57c6a5c83b,start_countdown
f4b59216780365fb,editweaponbuild
f4bdc3936faf56a5,month
f4c8f013edcac594,isnotbrandnottrial
f4cf472210a21e51,world_model
f4d1a48d34c3b5cf,isdefaultvalue
f4d30088534a1af4,import
f4d6ee6dd2631c08,has_items
f4d8af4a30316893,ingameandbrloadoutselect
f4e66dfb205897bf,getoperationname
f4e88de0ea2a2f57,findplayercardgivenref
f4ea57a35aee8d90,selectedweaponclass
f4ea6af1cb2bed97,fadeinmessage
f4ee028b435bf024,bodymodelhighres
f4ef5fac16f08d55,initbanner
f4f6d1b168ca7cd7,tokenimage
f4f7ac6719b2842a,ret_cer_loot_s35ssword_rangefinder
f4f9aff4af00721e,season_text
f50f3ba6761179f5,primary_fire_type_string
f5107c4f243b8e96,profileselect
f51092bad17698e4,relicscene
f510bface3556842,random_all
f518fc403ec8607d,base_weapon_blueprint
f5260b5ff37ede19,profile_index
f52730d56714aa41,is_auto_message
f52748a6b7739f22,ret_sat_loot_dotblue_fourx01
f527d61ddd19715f,maincontainer
f528210d636515ac,stoprecording
f528629586250f39,carribeanseablue
f52ab4f6571f8592,tagcolor
f532a8f540b7b48e,brhudplayerinfilcontrollerdisplaywrapper
f53394da00b96a62,editstate
f5351e255527b188,ret_cer_snprscopear_def
f535d8f00465a6d6,getonboardingresurgenceonboardingdata
f537757abb21e794,preview_widget
f5379bdf089de9f6,iw9offwhite
f53e25b42b6ad81f,training_course_current_station_type
f5435617c28ac166,accountregistrationenabled
f54d79ae45816e3e,challengedata
f55059f08145897e,rarity_color
f550a4f1bfde3c05,resetkeyaction
f5568d676fe30156,dlgl
f557c25ee5a9beb0,gunscreencerfemmefatale
f56a8f2d2a57a677,title_modern_warfare_warzone
f56f0231bb1b793d,mode_tag
f5710082a50f592b,timerstarted
f571bee517b7b3f1,reticleoutercircleacogeast
f572c693d4e13e0d,leaderboards
f5767ecdd8988416,gunsmithlayout
f57b8ca3d85dfe01,reticlesniperhdromeovzreset
f58c353b28e8d85a,ftuesubheadertextcolor
f58f0273eea38a54,ui_gameplay_telemetry_weap_most_kills
f59e87e7489edc65,iw9header
f5a6154244b81a7a,ui_ob_skill_reward_reason
f5a9b95cd6364e5d,cherokee
f5b1714421b98768,respawntext
f5b228860c52ab01,salvagecount
f5b74a2194305632,issubgamemodemainmenuinmenustack
f5bba39eaaeb1df6,tile_index
f5bea88f32b92b6e,logicalstates
f5c04a3346768100,has_requested_buyback
f5c5a88c55195db5,failed_attestation
f5c9d6aaf1784332,getstickercategory
f5ca6a7b6e035891,isarmorylocked
f5cb669cc8c3ddbe,mediumbackground
f5d4cd1fc171b669,championsquestchallenges
f5d649e259078a35,getvehicletrackbundles
f5e166cd706af630,childrenchallenges
f5e304190ce49e0e,cas
f5e618190ce6f5e1,cfg
f5eaac3d4bc32f77,vehicletrackbundles
f5ee05ad994388b6,usesmousecursor
f5eff2e6be935d22,has_armor_satchel
f5f2575d589eaf6b,bindingpreviewbuttonf12
f5f2585d589eb11e,bindingpreviewbuttonf11
f5f2595d589eb2d1,bindingpreviewbuttonf10
f5facb190cf8cf14,ch2
f60083eb4a8c02ac,imagecodcaster
f60b64c03b5e0990,redrockclay
f60c639eca30cb1c,getmapdisplayname
f61265f2ca88df7c,ui_pac_sentry_mode
f615a9f4f4df9856,genericduallabelbutton
f616dcfde89c0e8e,countdown_state
f61df4d82fc8858e,lavender
f6280f16f7f142d3,gamemodekeytostring
f6289a28185197f3,reticleoutercircleacogeast02
f62b145554d2d5a5,mp_cer
f6342b7ddeeda5f4,isusingmodel
f63f03866bff3259,operator_model_debounce_timer
f642d765d0b24177,vyellowhighlight
f644a60653a3bb46,duplicateweapon
f645a6b2b13046cd,issceneactive
f6506d97b8a1d9c1,defaultcolor
f6535f954a602091,debugscenarioidentifier
f653f88b3bf0bd4d,gun_game_list
f65a526429fc7173,gameplaypmcmissionsenable
f65b7e794c5f079c,isarmoryenabled
f6650a2faeaa8159,focused_item_weapon
f668ba9db1f357b5,malibu
f671c1bf36195cc4,portrait_image
f6745e3936b0a526,cheddar
f67b082408ea7404,owned_game_status
f67b6a27694a3868,analyticsvalue
f67da5aeb1a2fc77,widegradientmatch
f68565660c77a26e,sediment
f68a96fd3eda2fde,lobby_flag
f6902d3329d348b6,scrollbar_pip_is_default
f6998b509b1762c2,ret_sat_loot_s3onsen
f699de49d91016b7,active_end_time
f69d8e43fbb2f970,largebutton
f69f4266955cdddf,getlargeicon
f6a2494cfcc4c387,armoryunlockdetails
f6a4bbf063e6b985,scr_br_playtest_tool_phoenix
f6a7383060998fc5,rightdark
f6ac9ae5643e3a87,zm_rb_echo
f6afed672413f8db,attemptopencampaignmenu
f6b052178e27c583,isfieldupgradeblocked
f6b0db1e42bb4df8,disable_proximity_voice
f6b48d9e94902d5d,wetsand
f6b58ab1b4951c21,fontstyle_lbodytext
f6b62727dc4f49ec,isweeklychallengeenabled
f6b8e4eb80f8cd93,cognition
f6ba95805eea7bbc,gulagvariationtype
f6bde97a61c8b11e,getchallengedetails
f6bf6aaf98b8a22a,isvideofinished
f6cd5dd3816e0eb4,epicdark
f6d16c93c4339544,moondust
f6d33848df2dcd8c,globalpanel
f6ded5e1f17200d0,menu_state
f6e130ad77c56bc0,item_base_name
f6e66be0dc477423,aretabletsfilteredout
f6e67116f239c443,getduration
f6fa1689a697b403,deployment_select
f7002890e8d53ad4,displaytime
f700bcc9f0500d51,agentrarity
f7033ace312de240,gamemodetag
f7033fce312deabf,gamemodetab
f705c4f91a457d6f,unlocked_rewards
f70b0b34b2a526e8,button_quick_binding_preview
f71db84c2f0a7cba,showalert
f720419c4e473feb,slider_edit_box_complete
f722f56788c744e9,attachmentisrestricted
f723af7316aae5c2,scenariogrouplist
f7246ddb0ed9556d,getonboardingdmzintroductiondata
f72cfa06eb223485,short_mode
f733008a4c6bdf47,getdefaultemblemref
f735f30927534715,reticlehybridrange01
f73d00bc07356970,primarykey
f73e39383a4a4138,reticleint
f74ae4f6f8ead5af,partystrip
f74b13232e7a29fd,firetypelist
f752c652afcdf98b,specialistbonus
f7558a022e130513,mute_strategy_selected_event
f773965ecea7deb3,modernmidgreen
f77414ad90bb8899,ismyvoiceparty
f775f782af85d70f,savestyleconfig
f77a1ec53bd776db,xblive_privatematch_solo
f77b8877ac83bf30,islpleaderboard
f77ff565c50389f7,tab_changed
f794c357286ac798,reticlehybridwest02
f797d5621d23d78a,check_scene_transition
f79a3dc4498dea12,selectanimations
f79ab0bb63ac330e,borderprogression
f79c61e0f344a3f7,popupfencegamemodeerror
f79ef51f15619445,tier_skip_start_index
f7a02ec1b7d9713e,baseoutline
f7ac30f06d15c353,frontendscenetype
f7ad9d18379abf70,ui_aar_post_match_scoreboard
f7af2865378f6bff,armorydetails
f7c109868881e0ed,consolidateinventoryprompts
f7c231324ae264da,istournamentfullsize
f7c423d46bff0ee8,criticalkill
f7c56a7b2da36d36,command_selected
f7c5853c3f18aed3,codaccountregisterqrcodepopup
f7d1402ff8905624,reticledmscopevz01_darkritual_heptachild
f7dd2dfd99ebec04,container.title
f7dd45cadbcfac26,selected_camo_category
f7e45f2786a94020,typestring
f7e9504a774503d1,focused_item_camo
f7f9d80bbed1dd65,removebackground
f7fbaa08ec7a0852,primarybgbounce
f7fbb894a8d4b53c,aliasoverrides
f800d76aa63fdfef,killstreakproref
f802a0b8e27c421e,players_list
f8056c1f581cd602,iswarzoneprivatematchlobbyenabled
f808345be8f5f041,returntohub
f81f70ad674f98b5,position_index
f82177ee6deec2ab,secondary_command_text
f8227f29fbef5ac6,getemblemfromref
f82e0d825149fa4d,emptytext
f83656df57ef1cf4,ui_activity_sideop_state
f83986e28c1f9186,isfloorwidgetenabled
f83b5d3df3501e9d,bronzetitle
f843837fbdfa39ee,head_hits
f843bc998e5f6b32,leagueplaydiamond
f8444d0fa575e093,mobility_course_bonus_malus_timer
f84765e55d8a7fdd,wraithgray
f850b08765ad48a9,storerowtagbonuseffectgenericbacker
f857955bd881bee0,next_reward_state
f85db8740609e409,max_columns
f86ae0dacd5d4d68,launchchunknewphasepopup
f86b85fa6ea4c572,iswz2
f86f805fc3f9ee93,seasonaleventstopleaderboard2playerentry
f874fc23265d176f,pipmessagewarning
f87a321e4ca7b046,padpromptlabel
f87b59042c250b6c,clusteredbyaggregate
f881997b689790d7,equipmentskins
f884d4c5670f6ff8,bonusitems
f88eda79bc7e61f7,silvertext
f89580c503b608f9,getbuystationitemcost
f898b926f28a3acc,ui_ob_operator_prestige
f8a0da0cbbcb26e0,ed_ratio
f8a140034a3c9864,teamchanneltimer
f8a14671df3ef130,createpresetwarningbanner
f8a349a30270c13e,current_game_type
f8a70887ea85338e,gettrophylootid
f8ac0ce11f636267,scrollbar_mouse_up
f8aeb2f5281ce361,standardgamepadtwoaction
f8b07c350f21652a,ui_aar_circle_hit_mission
f8b14606bb54fa69,attachmentempty
f8b4d458fa7ea028,startmatch
f8b9a23fd1ddc98c,display_best_placement
f8bb3e32e97b0deb,dmzrarity
f8c14ab93de61edd,ketchup
f8c3d3f49629e440,reticlesniper04
f8c3d4f49629e5f3,reticlesniper05
f8c3d5f49629e7a6,reticlesniper06
f8c3d6f49629e959,reticlesniper07
f8c3d8f49629ecbf,reticlesniper01
f8c3d9f49629ee72,reticlesniper02
f8c3daf49629f025,reticlesniper03
f8c3de1c9b23971e,ret_sat_loot_s2primis
f8c3dff49629f8a4,reticlesniper08
f8c3e0f49629fa57,reticlesniper09
f8c75cf4962d02e2,reticlesniper11
f8c75df4962d0495,reticlesniper10
f8df5f934dfe37cc,shareloadoutbutton
f8efb0298d3d2d4d,ret_cer_loot_s4milsas
f8f277701994b022,all_operator_icons_streamer
f8f635f7c7815f7a,blueprint_ref
f8f7b19d22c04d15,joinable_by_friends
f8f96152eb63a4e9,mandarin
f8fb71e520f0839d,weapon_blueprint
f901df034024f450,attachment8
f9035f1c20cd75dc,ignore_list
f9176c009f8ed806,deepred
f918f3f5e5ecbea1,removelink
f91a5b00127e4cc4,bundleisclasschoiceallowed
f9243410cd9f5190,sprout
f9249f46dd6c5f2c,themepips
f9253f5e0faecc7d,ui_cranked_meter_is_shown
f9320b352895e496,getdefaultmap
f933116cfcb590b4,ui_rcd_controls
f95c58d212c057bd,eventended
f95cd61266c0bb98,menu_state_updated
f95e302d8002f301,getequipmentdetails
f95ea1c2346dc742,unassigned
f966304ef3d8c760,isspecial
f969ddfa055fc345,highapps
f97296360bb624d5,colorrough
f97ed616d1ba3c7c,new_player_data
f9839c12c147e44b,ret_sat_loot_dotgreen_holorange
f984b15da88608ac,getoperators
f9977f62d67fb096,setscopedproperty
f99c1517bed232bf,menubuttoncheckboxnew
f9a62e9ae3ed6bf1,bracket_image
f9ab3968844ae3d2,sprinttimer
f9ade3c7c663258a,issquadbasedgametype
f9be624f5c211301,uncommontertiary
f9c1a4ae936eb993,tiersalevariant
f9ca75a371f265ed,bundletype
f9cf8455291e3f62,chat_message_sent
f9d3a3910f026b5e,circ
f9d532869474dbf8,getfieldupgradename
f9dd09adf5ded563,dampener
f9de7f46be4e02af,is_nightmare
f9df6fe4cd2e2e74,unlockcriterialist
f9e27729c5f9285b,title_blocked_players
f9e3e2f34a1e2601,keycoloraccessible
f9ec17e29aa04e70,trit_player2
f9ec18e29aa05023,trit_player3
f9ec1ae29aa05389,trit_player1
f9ec1de29aa058a2,trit_player4
f9efb6b35b527211,gunscreentalkingdog
f9f00aea45e0b730,bradleyaccent
fa02574bbcde67c8,brplundergreen
fa07340924826e27,challenges_updated
fa09efc709864ad6,active_challenge_index
fa0f4d8577a1da33,online_store_sales_items
fa14dfa3193d0916,getassets
fa14fe07a24b0c84,rankname
fa16354e87ddf3e6,mastery_badge_icon
fa175e5443fd7ed8,equippedperktic
fa23daef19afc4df,teal
fa2776fa5c1221e4,scrollbar_all_visible
fa2a62da6d759996,wbutton
fa2ba8cf83289fa0,isavailableinstore
fa2ec6493edf48dd,ret_sat_loot_kingdeath_thermscope
fa3312fb07b7d92f,powers
fa370964d294f0c0,smallbackgrounddata
fa382b5ee33d575a,inventory_updateitem
fa3ad2301683ab6a,selected_reason_index
fa3ade603cf5539d,globalpanelnavbutton
fa3e022f4b237d34,openfiringrangemenu
fa43e98652c1f3b2,issingleplayerorcoremultiplayer
fa4744962d07e994,icon_glow_color
fa4b7639fb304226,ui_show_compass
fa4bd2c0bf972258,current_item
fa4d5a2891f4d2a8,post_game_state
fa4f58c1d34977b5,spikeright
fa5ea880df20ecf1,getfilter
fa7206a020fc7451,goldenivory
fa73b0bfa9a31286,reasonsgrid
fa74dd01bd744717,friendlyteambacker
fa75782df2316981,seteventdata
fa80949966236ccb,is_widget_visible
fa8d60acf3ca7d81,lpdisabled
fa930cecf57e9b50,validateperks
fa94fae58b992fc4,dog_tag_image
fa9a10878126e007,ret_cer_loot_s6milk_alt
faa4ad3f8f8217cc,cpufps
faa88cb4757477d2,getintelscriptable
fab065bc8e490a9d,storeflyouttitle
fab26c7373f735d5,getindexforref
fab61214fd095277,gamemodecomplete
fabce2599490e9db,hidevignette
fabece9ff929a58c,ret_sat_loot_s25star_thermscope
fac1c3966f685112,dynamiclistentry
fac7b51bb8ab0367,isvaluable
fac8b3b69fdbda62,weaponlevelupnotificationwrapper
fac9242d98a23ee8,killstreakref
facb8ed0a9dc0692,updatecurrentstyle
fad31e4bf004f77a,misc_alpha
fad8a65fb257d7bc,ui_m_c_target_num
fadc82067d576d3a,weeklychallengesdetails
fadedd3cf336939c,ui_veh_occupant_0
fae0c85eb26b5e5f,reticle2
fae97f2813e6dfb1,iscommoninventoryenabled
fae994dda28da6f9,ret_sat_loot_s2emascot_thermscope
faf70465682c4aa5,scriptedwidgetpromptwithlabel
faf7dd2e9578d256,ispleaforhelpenabled
faf84d28d84b3794,socialrecentssmalltab
fafd054fec9b88be,operator_tab_type
fafd105aa4069d11,operatorinfotile
faffbd0995afe906,layout_pips
fb04190fb5b26344,hiderewardstext
fb07e0d23452be84,splash_ref
fb1e6efd5d4f4f21,birthplace
fb227169299736e0,ismousewheeleventkey
fb2be11d1c0d9204,selected_focused_item
fb2f45ca274b3282,categorydisplayname
fb336ec20f262777,gethighestdifficultyforlevel
fb34e58803cef0ea,friendly40
fb3661a691dd7155,fourxhelima
fb384b8803d1d413,friendly50
fb3bd18803d4ed9c,friendly20
fb3de9fea7d4f132,ui_killstreak_weapon_3_ammo
fb3e35c94a4f37a4,invitebutton
fb3ed78803d72da5,friendly30
fb3f7544f75c8a6f,debugprint
fb3f85657c84d9ff,ret_sat_loot_s5pinball
fb425d8803da472e,friendly00
fb45e38803dd60b7,friendly10
fb470a49831a5dcb,squareimage
fb48854f2c262213,inprivatepartyandnothost
fb4bfcfcb420f039,baseglow
fb539f7243dbb831,grid
fb53c99ededaaaac,hasactivestorymission
fb545f59c40fcbb1,thunder
fb5cba4ca0c96e23,interact_weapon_loot
fb5d1594b83ac6c5,offblack
fb607ec083c22afb,displayindex
fb6378690c911837,leagueplaylobbylayoutblueprint
fb68d6972fb5b1da,outropopup
fb69abbbe10ca200,generic_screens
fb6a29a6cd7af7cd,is_sprint_active
fb6cab225cc951a9,mousecursorcontextualmenuseparator
fb6faa7243f4459a,gray
fb77a1a2d4f41322,getbuttoninputs
fb79e2e68ccfaf51,aspectratioscaleadjustment
fb7d383e3c215cd3,arrowmiddle
fb90e38b7e41b110,wcbosshealthbarimmuneoverlay
fb94020f0da2209c,brightgreen
fb9952adf4020770,slot_label
fb9bd2b47f6922de,ui_ski_toggle_state
fb9c38f6ca4050c4,input_context_changed
fba7df7a0ac5f32a,showarrows
fbac00cd74db9680,ret_cer_loot_s2bp6
fbac07cd74dba265,ret_cer_loot_s2bp1
fbac0845b4a0bb32,client_number
fbac0ecd74dbae4a,ret_cer_loot_s2bp8
fbb88b6d473dab02,secondary_weapon_stats
fbbf84fbdc361caf,lui_enableBundleUpsellWidget
fbbfc986a3a9bada,getextrarecordtype
fbceab9e157f5c95,cranked
fbd29b064e660497,ret_sat_loot_s5micro_rangefinder
fbd536f54ddb2d39,ui_lem_catalogtimeout
fbd7b2d826a175b5,stat_value_color
fbd9ae06ea84649b,cp25_endgame
fbdfe109eca65b73,classification_ref
fbe177e864951dba,isdoublexpactive
fbe4144f8f13897a,offsetdata
fbf0b22d501fc972,original
fbf3b75adc5704f7,hit_list
fbf50efd666694a9,fieldcaptain
fbfd107cb6c02032,basezoomed
fc068d8fc69de671,ui_activity_charges
fc072df54dab407e,phonecode
fc0b6cd1fbc201ad,categorystrings
fc0e360cecc208cf,leaderboard_side_title
fc11ea5bc6253ca0,requiresholding
fc1b2a6f0dc25693,bindingpreviewbuttonslash
fc1b997af44becce,dummychangemodeprompt
fc20eb6fc0cb959e,changed_binding_preview_context
fc2132d8176687e0,grid_focus_right_blocked
fc2749975c75b3e1,expand
fc274c56e530940b,brcashlostwrapper
fc32cdbf6a655be8,completed_menu
fc39efaa78d25ea9,radiatingred
fc46d8d2da6522fb,showprivatematchgl
fc4a7982e674b997,trophies
fc4b48974e5a0a6d,keystring
fc59bf1b427cd195,statsdivider
fc5edae23b4a64f9,poislabelcolor
fc60604e25db3a53,finalrewardname
fc6a8640dd54c9e3,camojade
fc758bc59da56a8b,bracket_color
fc7872050e260e38,vlightgray
fc7c578cfc7f84e8,health_equipment
fc7e51cf1d4cb29d,cl_pregame
fc8a2d636c9e59ed,is_battlepass
fc8b852adf1120f5,shoulddisplayupsellpopup
fc8ecb608ec12779,arecontractsenabled
fc91f367bae2f4fb,tier_progress_normalized
fc926433523eb66e,ui_cranked_player_killed
fc96a5c3fb5d3de1,crosslaunchdataref
fca086ecbfe06b84,getemblemicon
fca80bc02299baaf,isaccessibility
fcb02140d6d7e95f,selected_pack_index
fcb102fefbc9cba2,ret_sat_loot_chickenlover_holorange
fcb1fc5da47110e8,ret_sat_loot_chickenlover_alt
fcb5483aff8fe33d,faction_icon
fcba39494b1b0f3f,weapon_prestige_color
fcbcf315de9b8ac6,inlobby
fcc925108540c891,is_reset
fcc9ed830fb0f934,splashalert
fccfe2a0dcaaa853,ret_cer_varizoom02_def
fcd5324f8f00a9e3,bundle.equipmenttype
fcdb73fa0ea13ab3,autumn
fce2b05bcd5a28a2,buystationsellenabled
fce7255857c173f1,isdefendermode
fce7b339c33a67d4,currency_start_ids
fced78bbf8606e79,hide_progress
fcefac2b081c545a,place_text
fcf2468f8fb77fc2,usescrollbar
fcf847876f400fb6,ret_sat_med_09_wc_therm
fcf8d6a910ac98f3,equipped_item_operator
fcff0c156de6deb6,alert_has_lethal_equipment
fd0329687344602d,lookupusereventid
fd0ac1a445e45101,thirdplace
fd0fed8c9846965a,ret_cer_loot_forge_dragon_alt
fd0ff11cb535ef93,arenalimelight
fd1ca268331fd904,sufficient_space
fd1f181ca5fa7a6a,game_status
fd21b686c0048c8c,playerdetailsavailabilitydropdown
fd2c5507b8878c70,bundleupselllogoposition
fd355debd95a9e06,ret_cer_loot_s5gberet_alt
fd432ac32c7c2d76,test_menus
fd484b78f533f3c1,loadout_weapon_slot_count
fd4d7f82a2e62f58,onlinestatusappearoffline
fd577febc0bf61c2,contesteddark
fd5c2f33a76ea684,barracks_tab_buttons
fd613f6f20415bd4,reticle17hybrida
fd61416f20415f3a,reticle17hybridc
fd61426f204160ed,reticle17hybridb
fd62e775a3830436,compasswrapper
fd62f3978b0e8f07,hintscontainerwrapper
fd64c3a717f3d1ce,timerended
fd65b31f3b1b9fb1,next_page_index
fd686c5b4ba6ed7c,game_background
fd6985e25d917f9d,status_icon_color
fd6a54f205924385,downdpadbuttonfe
fd6faebf40678017,getoperatorweapon
fd74fbac710a2b67,ui_score_streak
fd7b27e77975b763,amplitudes
fd7b5282667df544,ui_start_countdown
fd7ec6679ae2fe9e,prestige_challenge
fd802c7dbd167898,hudboundsideleft
fd81d2a12a0806a9,ret_sat_med_08_zm_fourx01
fd8523d78b2ae2f8,dummyoptionsgraphicssliderbar
fd85bc1902d526b6,killstreak5
fd85bd1902d52869,killstreak4
fd87351b03a03f5a,selected_playlist_ids
fd8b62cf6f56cdf8,not_owned
fd957fe07a5c1a15,brmissiontablet
fd95e36cf5082264,marigold
fd98b9636ae21c64,stickerdata
fd9943b687489f15,select_all
fd99b0e06513686d,brightpink
fd9e9a0718f5b854,expander_collapse
fda84e4e1f88f398,reticleoutercirclesharppostlite
fdbc60de52bf5400,next_prestige_icon
fdbe406863d631e4,notification_ref
fdbfd80156598fd3,on_exit_next_row_trigger
fdc92731e992ad37,showcase_bink
fdcaf21f7a06d58d,musical_zones
fdcfc88a0f17ab1e,iszmturned
fddc732d08e31bb5,killstreak_id
fddcaa226dad001f,fill_oxg
fde504efb678755d,damage_feedback_hardobject_notify
fdf4cb7ce5d2903c,getplayercardlistbundle
fdf510d726807308,enemy30
fdf625ee494f0b98,isusingtacopslayer
fdf896d726838c91,enemy20
fdfc1cd72686a61a,enemy10
fdfce7e865712518,ishqgametype
fdff82d726898943,enemy00
fe00a63969c7b2a7,cornyellow
fe07d3451bdb6934,teamlist
fe0b35f6fefccb89,gradientmask
fe1956ea4a1054a6,ui_iw8_aar_weapon_rankup
fe1fc108118ec4d0,poiname
fe282396c3a4c54b,getpartystatus
fe2c876276a9a5a7,ui_objective_text
fe2edee817fe83fa,getunlockstring
fe2f0fa5b50123f7,playercard_cache_updated
fe31e2aebec69e00,ui_cash_squad_index_
fe378914969bb7ee,reward_icon
fe3795d8088d5acd,horizontalalignement
fe3900ed8ffea3f1,getfunctionalname
fe3fa25d31bcd24f,isindropdown
fe4bab97f94a4bc3,titleoffsetforprompt
fe51cf590243c359,codhq_title_image
fe5757b9e6a44460,gunscreenghosttracker
fe59893bf1113778,settimetostart1secevents
fe620c8f2facc8d9,ret_sat_med_01_zm_therm
fe6fa735a9a2adee,tertiaryweaponstats
fe7095a562a88934,vibrantred
fe7381ede5327e4a,hud_icon
fe830a5f0d7a7dec,squadmate
fe86048461df3bed,resethold
fe8828174aad12ee,xptext
fe8a9b97ab93ded7,glowlines
fe9133ac86371836,archive_replay_skip_event_backward
fe9bf8079cc87fcb,linevertrightcenter
fe9ccf0306ea37dd,titletextcolor
fe9fbfd4908d8150,damage_feedback_entity
fea20c264d6ba20e,thininnerhorcopy0
fea20d264d6ba3c1,thininnerhorcopy1
fea705c267533e75,item_class_name
feadf92c2e0d6809,getmainmenu
feaeb206dff26f76,iw9numbers
feaf90faf9326900,mpeventplus
feb9b9df74135e9b,perkstreak
fec33baa36a2f957,ui_sp_minimap
fec3f58a987ecb0c,blocked_type
fec7d49c20195a9e,gettabdata
feceb1486b5c728b,showpremiumupsellmenu
feddd5fc76a7f1a6,hasseenchildchallengeunlocked
feded6ecbfee7012,headeronly
fee02e7c6694afbf,focused_base_weapon
fee276c80cc58d20,altone
feea1a7a7cbc2aa2,getstickerselectmenuref
feea5551692d39ef,negative700
feed62ef01360d39,settings_search
feeecd55440ac3f3,themes
fef03befb19fd09a,isspectatingomnvarorplayer
fef579a469140902,playerstate_client_changed
fefd385764be1928,ui_bomb_timer_endtime_b
fefd3b5764be216b,ui_bomb_timer_endtime_a
fefd439a45b67804,flyoutleftnarrow
ff08adf0c6b689fb,ret_sat_med_02_mp_fourx01
ff0a1e2acad54e99,subfunction
ff0a5d2d37b1fb14,challengemenueventbuttonbackgrounds
ff0c6b87e4367e18,mp_active_reload_neg
ff1cc5201fa3579d,ent_num
ff20cc2defb92a7b,buttonrightstick
ff279544f021cef4,gunscreensatcommunityevents1
ff2f90dfc3a59417,getfilteredcardsdata
ff30478656b6dcd8,playlist_filter_buttons
ff321b96ccd94c27,tag_stowed_thigh
ff356084c31b0edd,score_text
ff362fe3d72c8238,tooltip_desc
ff3dca8778262c03,validateequippedcustomization
ff418112a0a28c42,should_show
ff436f21f148ddc6,reward_challenge_text
ff4582688ef3de38,ret_cer_med_03_wz_alt
ff4622b72592fa50,reticlefourx03
ff4628b725930482,reticlefourx05
ff54aff16189fe97,tip_list
ff58fc9ba706f529,blur_mask
ff5b19f84daea428,ret_sat_loot_s15daisy
ff6395ab317598ca,ui_iw8_plunder_added_bar
ff6d346f97131c32,randomoperator
ff6e04aa38a2a1b2,squad_upgrade
ff7319ba466717a1,brownout
ff78a840db38a332,active_status
ff7c8b4f27b81202,incombat
ff7ed18f06dfebcb,interact_prompt_vis
ff810a2394439ca1,focused_icon_index
ff8117b42fb7240b,bindingpreviewbuttondownarrow
ff8ed898f9887ac0,greenlight
ff980389c227daaa,lootquickequip
ff98146b5262ca36,winchallengepixelgrid
ff983e9388de6753,loadoutselect
ffa579e5fa2ec586,gobblegum_instant_refresh_event
ffa64e0ca6ccc17f,dynamic_background_updated
ffa6ab0f299ac105,isingamenewaarscoreboardenabled
ffa7481a8f303880,is_talking
ffac689bc7eb6620,orangecoral
ffac7943703cf80f,editclantag
ffb1b8b69715573e,itembtnframe_idle
ffb41ea2f9f1abc6,prestige_reward_focused_item
ffb6ac719722c0e6,blueprint_default
ffb943229ce76c0a,update_fast_file
ffc30d5f773fd570,team_based
ffc315cd15bac89e,getintrovideo
ffcd95db10b429cf,can_show_progress
ffce00890b83477e,keyboardsecondary
ffcf332aa8ac9b0f,playmenuvideo
ffd233b91493aa24,updateaggregatevalue
ffd264fa727ae140,isvip
ffd3f41c3f77b347,speed_throw
ffd60394ddeb1817,selected_xuid
ffd8048578ae8e08,quickequip
ffd87cb6088ddbb3,progress_percentage
ffd99b99626ea282,incentive
ffe09d2f4ffc243c,gun_screens_type
ffe73305482d2241,weaponhasaltmode
ffe8c61a487a11bd,hitmarkertick
ffeb96405e468c93,circleh2
ffec891db2467b36,obreadyup
ffeee3c5d556c88b,gamedvrdisable
fff8987fcbc215e2,rewardxp
fffb6f4463222ceb,getarmormetadata
fffcfa2bf37cdbd4,reddotmagnifiedhybridgreen
