Hash60	Path
d547e206fe50aac	luashared/cod.lua
45b49bac1e40bdb	luashared/csvutils.lua
ce97395350d8678	ui/achievementsmanager.lua
ad4bafec41776a0	ui/aspectratiofadeframelayer.lua
7792abaa78c1891	ui/asyncpageddataprovider.lua
36c50a0176f3bdb	ui/asyncpageddataproviderwithfilter.lua
b6b08f4908e5915	ui/benchmarklayer.lua
8fa3eac7420b776	ui/brpopups.lua
d50ff963bd3817d	ui/brtransitionmanager.lua
42a8af0ccccb280	ui/buildandservertext.lua
8a37d59e0489076	ui/buttonhelpertext.lua
e1709db8d4b2b55	ui/buttonhelpertexttooltip.lua
84a16dbf9cc30de	ui/codcaster/codcasterconditions.lua
d32d7a4dc8bf675	ui/codedependence.lua
a35fac483296bdf	ui/conditions.lua
06c9e01d8a65125	ui/datasources.lua
cbe3c839fbbcfba	ui/default.lua
966e89a3b763bf7	ui/esportsdatasources.lua
8a29b97a4a93211	ui/eventcatcher.lua
f4804b243c4ea1e	ui/fademanager.lua
34b30935ee23ff1	ui/fencestatuslayer.lua
4f15f6e7cc16c25	ui/fencing.lua
315674bb82215b4	ui/flowmanager.lua
8693fdbabac4086	ui/focusmanager.lua
0278167cbacea15	ui/fonts.lua
dd61271dbab5c5a	ui/friendswidget.lua
f97dd6f2d36ce38	ui/frontend/codaccountpopups.lua
73c99698be0689c	ui/frontend/commonpopups.lua
1bdceb73480968e	ui/frontend/frontendpresencemanager.lua
04d3e5e55eb7759	ui/frontend/frontendscopereticlemanager.lua
0023425187b13ac	ui/frontend/gunsmithpopups.lua
0eb4e6c493fe5dd	ui/frontend/imageprogressbar.lua
6936fef104e0295	ui/frontend/la_juliet_reload_down_bar_velocity_ar_condor.lua
cf7e72141e717a1	ui/frontend/lobbystatuslayer.lua
12e56a8788c32fd	ui/frontend/luiweaponmodel.lua
1edd1f3e7b26f88	ui/frontend/mp/emblemeditorpopups.lua
61ecab7b5432d2c	ui/frontend/mp/frontendcameramover.lua
53abed89ea4c0b2	ui/frontend/mp/lobbystatus.lua
502c2a07033a3c1	ui/frontend/mpplayerpopups.lua
173236a9c79ce30	ui/frontend/mppopups.lua
e7cc92a1460bbdf	ui/frontend/persistentbackground.lua
9cfb3502877772e	ui/frontend/rejoinmanager.lua
9d90b691830fefa	ui/frontend/splashscreens.lua
1ef9fdff8e8f5b9	ui/frontend/splitscreenpopups.lua
dd4ff229d7af962	ui/frontend/tournamentpopups.lua
9c10369451860bc	ui/frontend/worldmapelement.lua
6c2f30846a3e4f4	ui/frontendmanager.lua
83c29bd91b88669	ui/frontendtooltipbannermanager.lua
958cae1a019408d	ui/generated/datasources/_root.lua
7c621f192341f4b	ui/generated/datasources/account.lua
115312d5901aeb8	ui/generated/datasources/achievements.lua
d9b1e8542f095c4	ui/generated/datasources/alwaysloaded.lua
675f2aafd10514a	ui/generated/datasources/cg.lua
1db44a2730f2028	ui/generated/datasources/cod_hq.lua
d54424649f217d1	ui/generated/datasources/color_customization.lua
438a9f7cb49ec5f	ui/generated/datasources/currency.lua
ce29bc8bfe18ff2	ui/generated/datasources/cursor.lua
318b7ba66742619	ui/generated/datasources/customization.lua
04fad6ebbfe1193	ui/generated/datasources/dev.lua
54b33774a9c7bdf	ui/generated/datasources/dmz.lua
d7d7dfb26a49148	ui/generated/datasources/frontend.lua
69f1004f81119af	ui/generated/datasources/generic_widgets.lua
ad21d0dbe31cab3	ui/generated/datasources/global.lua
cb6a136fdecc4c7	ui/generated/datasources/hud_editor.lua
17198c647a671d2	ui/generated/datasources/in_game.lua
583cec29d765db8	ui/generated/datasources/input.lua
3c8dafbb05660f4	ui/generated/datasources/instance_inventory.lua
f4b9095b11d1c70	ui/generated/datasources/lp.lua
c9f022538cdf37e	ui/generated/datasources/luielems.lua
0ac7ddc7d722785	ui/generated/datasources/mp.lua
924e4b273f6f59e	ui/generated/datasources/netstats.lua
18f17ea75ef0e0b	ui/generated/datasources/notification.lua
9f8498f7f9164cd	ui/generated/datasources/ob.lua
90a70fbdeca4d23	ui/generated/datasources/progression.lua
6bb02179f19a2ed	ui/generated/datasources/settings.lua
886eaa7d872d207	ui/generated/datasources/social.lua
b48edbd7ffd74af	ui/generated/datasources/sp.lua
5685f52d7e026a9	ui/generated/datasources/store.lua
4fe1cc1b6074fbb	ui/generated/datasources/telemetry.lua
f648601246a305d	ui/generated/datasources/wz.lua
2ef07ce3780dca1	ui/generated/datasources/zm.lua
2047dfe59b2d312	ui/generated/luielems/augmentselectionluielem.lua
b0f6301cab459d1	ui/generated/luielems/ingame/anchoredhint.lua
54ab0aecbab6488	ui/generated/luielems/ingame/mp/br/minimapborder.lua
eaf94690c493ff3	ui/generated/luielems/ingame/mp/cardwidget/cardpurchasemenu.lua
61e811d3b1e0b52	ui/generated/luielems/ingame/mp/prop/prophuntcontrols.lua
d7d4e2881f21745	ui/generated/luielems/ingame/mp/squadvote/squadvote.lua
b3fd16c7431c656	ui/generated/luielems/ingame/zm/boatracing/zmboatracingmaincountdown.lua
22512b0ad1aef55	ui/generated/luielems/ingame/zm/boatracing/zmboatracingmainui.lua
be0d43355ffe595	ui/generated/luielems/ingame/zm/boatracing/zmboatracingstartcountdown.lua
7486e42878801ff	ui/generated/luielems/ingame/zm/menus/zmarsenalmenu.lua
8a3d8c6e89aed3f	ui/generated/luielems/ingame/zm/menus/zmcraftingtablemenu.lua
b634c9f82d821c6	ui/generated/luielems/ingame/zm/menus/zmperkchoicemenu.lua
901f519c5c43dd1	ui/generated/luielems/ingame/zm/menus/zmweaponupgrademenu.lua
7b37190c0256881	ui/generated/luielems/ingame/zm/zmbosshealthbar.lua
fde3228e947d322	ui/generated/luielems/ingame/zm/zmdialoguespeaker.lua
b0aad02231b85e0	ui/generated/luielems/ingame/zm/zmquestcontinueplayingscreen.lua
c956d9209b4bd8f	ui/generated/luielems/ingame/zm/zmsquadvote.lua
cc50928b4b249ab	ui/generated/luielems/ingame/zm/zmvote.lua
58348c762216104	ui/generated/luielems/zm/aethericboost.lua
f0867f925f9969b	ui/generated/luielems/zm/descriptionhud.lua
455134c347fc33e	ui/generated/luielems/zm/dyingwishlastchance.lua
78dea2570a3c868	ui/generated/luielems/zm/grief/griefchallengewidget.lua
3d2b857997c47de	ui/generated/luielems/zm/grief/griefstreaks.lua
ebba6ace726f866	ui/generated/luielems/zm/interaction/interactionholding.lua
93e3e022f61a359	ui/generated/luielems/zm/objectivecompletehud.lua
af49babf54b9f12	ui/generated/menus/augmentselectionmenu.lua
2f2797e0ee52798	ui/generated/menus/benchmarkreportmenu.lua
a6540e1880c86dd	ui/generated/menus/bindingpreview.lua
b529dc39a5b4cae	ui/generated/menus/bootaccessibilitysetting.lua
6fd5bb7d0897e8e	ui/generated/menus/brkeypad.lua
89110616a535277	ui/generated/menus/brprelobbymainmenu.lua
0375a1def596ea1	ui/generated/menus/brpubliclobby.lua
502f8d079226aba	ui/generated/menus/campaignmenuoffline.lua
dc2d8dc7d9a606a	ui/generated/menus/choicemenu.lua
7e9a3e9f41f3b22	ui/generated/menus/cinematicfullscreen.lua
879e16098fa4d91	ui/generated/menus/codeconduct.lua
e8680efd9098b90	ui/generated/menus/codeconductmore.lua
06156ace1224751	ui/generated/menus/contextualtipmenu.lua
195e5f5ad9d95a9	ui/generated/menus/createperkpackagemenu.lua
b0830cd8a7dba1b	ui/generated/menus/creditsmenu.lua
b17feacc07ea334	ui/generated/menus/crosslaunchingcountdownpopup.lua
23cf82f77538b0f	ui/generated/menus/fencedialog.lua
928f7e382431f3d	ui/generated/menus/firingrangemenu.lua
11cbb4d4f05e337	ui/generated/menus/firingrangepausemenu.lua
4780ab9d1f22761	ui/generated/menus/firingrangetargetsettingsmenu.lua
62b2191259c3fc4	ui/generated/menus/frontend/achievementpurchasepopupbase.lua
c07ffa37003c2f3	ui/generated/menus/frontend/armory/armorylandingscreen.lua
24daddebded81c4	ui/generated/menus/frontend/barracks/barrackschallenges.lua
f183202e3c4d3f0	ui/generated/menus/frontend/barracks/barrackschallengesdailycontainer.lua
057c0ead7dc05ef	ui/generated/menus/frontend/barracks/barrackschallengesweeklytabs.lua
bb7fc363e21c151	ui/generated/menus/frontend/barracks/barrackscustomize.lua
774edd1355f8c38	ui/generated/menus/frontend/barracks/barracksrecords.lua
0b2dcab88b668d5	ui/generated/menus/frontend/barracks/challengemenu.lua
bd28f0706f75656	ui/generated/menus/frontend/barracks/challengemenumissions.lua
4567ca57ef868f0	ui/generated/menus/frontend/barracks/combatrecord.lua
98cdbb358b80e23	ui/generated/menus/frontend/barracks/commendationsmenu.lua
23e679268c552db	ui/generated/menus/frontend/barracks/darkops.lua
25c974fcd944e3a	ui/generated/menus/frontend/barracks/previousgamesstats.lua
ee49fa0dd22f8ef	ui/generated/menus/frontend/barracks/progressionmenu.lua
a3efa956fafe987	ui/generated/menus/frontend/barracks/progressionselectmenu.lua
10da6234a2b2fa3	ui/generated/menus/frontend/barracks/statsmenu.lua
484fe5670d33af1	ui/generated/menus/frontend/barracks/unlocksmenu.lua
cefd0ea4d12de0d	ui/generated/menus/frontend/br/brprivatematchcreationflow.lua
0c0eea22d9488d9	ui/generated/menus/frontend/campaignmissionselect.lua
bf8a2d68f9e233f	ui/generated/menus/frontend/challenges/camochallengesmenu.lua
dc2f18f2fe72338	ui/generated/menus/frontend/challenges/classifiedchallengepopup.lua
f70db3336ac1672	ui/generated/menus/frontend/challenges/dmzchallengeselect.lua
170135c201a5afe	ui/generated/menus/frontend/challenges/dmzmapchallengeselect.lua
0ae1802ce0b24c5	ui/generated/menus/frontend/challenges/masterchallengesmenu.lua
88d2d725fc011db	ui/generated/menus/frontend/challenges/weaponcamochallengeselect.lua
eee1708af3f2454	ui/generated/menus/frontend/challengesdailypopup.lua
d6d9d822056e7ea	ui/generated/menus/frontend/challengesmenu.lua
f0e52b2bc74eef2	ui/generated/menus/frontend/challengesselectmenu.lua
09f45efaff4fe97	ui/generated/menus/frontend/churnpopup.lua
9e0cb3801d8ad2b	ui/generated/menus/frontend/codaccount/accountinfoconfirmationpopup.lua
82cb56ad7d8a87d	ui/generated/menus/frontend/codaccount/accountinformationrequiredscreen.lua
f5c3933c21513df	ui/generated/menus/frontend/codaccount/ageconfirmationpopup.lua
83d44aad655078c	ui/generated/menus/frontend/codaccount/agewarningpopup.lua
647f9034fb63f0f	ui/generated/menus/frontend/codaccount/codaccountauthenticationadv.lua
3fdfbaf04570e97	ui/generated/menus/frontend/codaccount/codaccountforcerenamepopup.lua
36ca0d10d9326c5	ui/generated/menus/frontend/codaccount/codaccountgreeting.lua
0af1ab0ba8de94b	ui/generated/menus/frontend/codaccount/codaccountregister.lua
8f6958d67a80bc2	ui/generated/menus/frontend/codaccount/codaccountsummary.lua
05185aa5bce0276	ui/generated/menus/frontend/codaccount/emailverificationscreen.lua
8fc3a2609bdaef2	ui/generated/menus/frontend/codaccount/logoninterruptaccountdeactivatedscreen.lua
797341066229a4a	ui/generated/menus/frontend/codaccount/logoninterruptgenericscreen.lua
252ae72a786544a	ui/generated/menus/frontend/codaccount/logoninterruptparentalconsentscreen.lua
e015077e10c0871	ui/generated/menus/frontend/codaccount/logoninterruptwireframe.lua
8d15e723cfcc4d1	ui/generated/menus/frontend/codcaster/codcasterteamidentity.lua
6ef52223b7b981a	ui/generated/menus/frontend/codcaster/codcasterteamsettings.lua
9e91b999cb21b4b	ui/generated/menus/frontend/codhq/codhqnewgamepurchased.lua
60f31baa7f775e1	ui/generated/menus/frontend/codhq/codhqpanelbase.lua
f0f53e819f9c088	ui/generated/menus/frontend/codhq/codhqwzinstallpopup.lua
f6c12e53d1f1203	ui/generated/menus/frontend/codhq/crosslaunchtransition.lua
38cf4bbae61c513	ui/generated/menus/frontend/codhq/gamepurchasemenu.lua
498b702cc892c22	ui/generated/menus/frontend/codhq/motdmenu.lua
38144a3c192efd1	ui/generated/menus/frontend/combatrecord/combatrecordlanding.lua
4a0aa4b78928aa9	ui/generated/menus/frontend/combatrecord/combatrecordloadoutstats.lua
0e1c36aeda06aa9	ui/generated/menus/frontend/combatrecord/combatrecordmaps.lua
04ff993c3b330a6	ui/generated/menus/frontend/combatrecord/combatrecordrecentmatches.lua
05c5000e5479a3a	ui/generated/menus/frontend/creatorcodepopup.lua
d52a0559cf31c3a	ui/generated/menus/frontend/customize/callingcardequipoptionspopupmenu.lua
bf3dbdb1bb1f3ff	ui/generated/menus/frontend/customize/callingcardselect.lua
ed8f7aa7ac35bea	ui/generated/menus/frontend/customize/callingcardshowcaseselect.lua
992dbb5ae25d231	ui/generated/menus/frontend/customize/customizeselectmenu.lua
46688376fdace36	ui/generated/menus/frontend/customize/emblemselectmenu.lua
d44735bc380faab	ui/generated/menus/frontend/customize/emotecustomizemenu.lua
cf98c409a77b83a	ui/generated/menus/frontend/customize/emoteselectionmenu.lua
1760abe42f8e747	ui/generated/menus/frontend/customize/infilselect.lua
b78b1655754c90f	ui/generated/menus/frontend/customize/leveliconselectbase.lua
16d8177ebccafdf	ui/generated/menus/frontend/customize/musicpackselect.lua
d0f65e4df895b6b	ui/generated/menus/frontend/customize/profileselectmenu.lua
291ac87c442dbae	ui/generated/menus/frontend/customize/stickerbookchallengesmenu.lua
72c6e29bdb3ae56	ui/generated/menus/frontend/customizetabmenu.lua
bfeb64a2cd694a6	ui/generated/menus/frontend/dailyloginreward/dailyloginrewardentry.lua
04edfcf48aeb4bc	ui/generated/menus/frontend/dailyloginreward/dailyloginrewardpopup.lua
b36f8f73c97408c	ui/generated/menus/frontend/depot/futuretitleupsellpopup.lua
889096a144d6341	ui/generated/menus/frontend/dmzgearinformation.lua
b7b0ef789647ffc	ui/generated/menus/frontend/eulapopup.lua
d77ca3824d73adf	ui/generated/menus/frontend/firstbootsetupcomplete.lua
47c8ec30f1ed857	ui/generated/menus/frontend/gameinstallmanager.lua
0e90021c1241bef	ui/generated/menus/frontend/gamemodeselect/gamemainmenu.lua
78d5abfb54d0e3d	ui/generated/menus/frontend/gameuninstallpopup.lua
3fe3cfb26aba3fe	ui/generated/menus/frontend/genericconfirmpopup.lua
e35af0542b69244	ui/generated/menus/frontend/gifting/giftcelebrationpopup.lua
a4d84a5ced60cf1	ui/generated/menus/frontend/gifting/giftingmenu.lua
ff0c2c7e7a8f6e9	ui/generated/menus/frontend/gifting/giftreceivedpopup.lua
2c05e3054531987	ui/generated/menus/frontend/hudcustomization/hudcustomizationmenu.lua
f8357544467a864	ui/generated/menus/frontend/koreanratingpopup.lua
dc44b9cfdde7154	ui/generated/menus/frontend/loadscreenmenu.lua
fa85cbfe43c384e	ui/generated/menus/frontend/lobby/inspectlobby.lua
6dcc2a28d9ffd7f	ui/generated/menus/frontend/lobby/lobbyplayerdetailspopup.lua
af664e9a8d91c6f	ui/generated/menus/frontend/lobby/lobbyplaylistselectmenu.lua
104f4bb38e0f8fe	ui/generated/menus/frontend/lobbyrejoinconfirmpopup.lua
3fbad8462e226a6	ui/generated/menus/frontend/lobbyrejoinpopup.lua
f61973ee24f475d	ui/generated/menus/frontend/lootpurchasingpopup.lua
d48c4a786dd90bd	ui/generated/menus/frontend/magmadailypopup.lua
9e0729e11c316d1	ui/generated/menus/frontend/magmaupsellpopup.lua
d6db66cc39487b6	ui/generated/menus/frontend/mainmenukeyarttransition.lua
007bd9ff9c6c195	ui/generated/menus/frontend/matchmakingreadyup.lua
a71c088ee314e64	ui/generated/menus/frontend/missioncommand.lua
c900d5ae10ee181	ui/generated/menus/frontend/mp/aar/aarcontainer.lua
1aee7ddac6e4c19	ui/generated/menus/frontend/mp/aar/aarcontracts.lua
2daf95a2c47cb6f	ui/generated/menus/frontend/mp/aar/aarffascoreboard.lua
df7ddaee37ecd45	ui/generated/menus/frontend/mp/aar/aarteamscoreboard.lua
06dbce815b70c0a	ui/generated/menus/frontend/mp/benchmarklobby.lua
2b92b9a303a503b	ui/generated/menus/frontend/mp/brgamemodes.lua
0aafc2615523bcd	ui/generated/menus/frontend/mp/brmainmenu.lua
e13d4959d94d6f2	ui/generated/menus/frontend/mp/brplaylistmenu.lua
ee6a9d96f71feca	ui/generated/menus/frontend/mp/cas/addweaponbuildpopup.lua
da22a53259a70a5	ui/generated/menus/frontend/mp/cas/streakreplacepopup.lua
5ae754514a86d17	ui/generated/menus/frontend/mp/cas/streakselect.lua
a083f936adc03da	ui/generated/menus/frontend/mp/cas/streakskinselect.lua
0cae131a084eb01	ui/generated/menus/frontend/mp/cas/weaponlocker.lua
fe9a2d325f84e0a	ui/generated/menus/frontend/mp/cas/weaponmastery.lua
66faeb301be846c	ui/generated/menus/frontend/mp/customgamewaitmenu.lua
5d0d1921afb3aa9	ui/generated/menus/frontend/mp/dmz/dmzinventoryoverview.lua
e32a9c623b8d1c5	ui/generated/menus/frontend/mp/dmz/dmzkeyselect.lua
bc9888c03f6bba7	ui/generated/menus/frontend/mp/dmz/dmznotes.lua
cf3d37b4d671faf	ui/generated/menus/frontend/mp/dmz/dmzstashpopup.lua
50b89a812dfc013	ui/generated/menus/frontend/mp/dmz/dmzwalletpopup.lua
39d8e1d7523d174	ui/generated/menus/frontend/mp/dmzmainmenu.lua
732f290a8e082c4	ui/generated/menus/frontend/mp/elderprogression.lua
f975fde17dc86cc	ui/generated/menus/frontend/mp/fullscreenwarningpopup.lua
21e22ee274bf77a	ui/generated/menus/frontend/mp/gamemodeinspect.lua
7ec7149108326eb	ui/generated/menus/frontend/mp/gamemodes.lua
b5430bc4e97818a	ui/generated/menus/frontend/mp/gamesetup.lua
84a564308247b8c	ui/generated/menus/frontend/mp/gamesetupbots.lua
6166b2cb0d3f0bf	ui/generated/menus/frontend/mp/gamesetupoptionsmenu.lua
c8516ed3d1f6fb6	ui/generated/menus/frontend/mp/genericeditboxpopupmenu.lua
e13b1b640de25dc	ui/generated/menus/frontend/mp/lobby/lobbywarzonetutorial.lua
a725867e4d5a9e4	ui/generated/menus/frontend/mp/maps.lua
2a61273cdec846c	ui/generated/menus/frontend/mp/mpmainmenu.lua
8037ecc1dec9d9d	ui/generated/menus/frontend/mp/mppubliclobby.lua
8fb6f2c0eb71f67	ui/generated/menus/frontend/mp/outbreak/obacquisitiondestroypopup.lua
0b57188db94cc1c	ui/generated/menus/frontend/mp/outbreak/obactselect.lua
be23a1bee7de905	ui/generated/menus/frontend/mp/outbreak/obbackpackmenu.lua
21e523ffcbd6135	ui/generated/menus/frontend/mp/outbreak/obexfilstreakmenu.lua
2adf04a2f15fdf2	ui/generated/menus/frontend/mp/outbreak/obmissionselect.lua
2cc0ac7e31ea098	ui/generated/menus/frontend/mp/outbreak/obmissionsoverview.lua
a2e787705050a90	ui/generated/menus/frontend/mp/outbreak/obpartymatchmakinglobby.lua
718524845de99b5	ui/generated/menus/frontend/mp/partymatchmakinglobby.lua
d5105f112b4eadc	ui/generated/menus/frontend/mp/playlistfiltermenu.lua
39956a36d7f53c2	ui/generated/menus/frontend/mp/playlistmenu.lua
1adb922da896968	ui/generated/menus/frontend/mp/pmc/dmzbase.lua
64989efe00dca10	ui/generated/menus/frontend/mp/pmc/pmcmissionselect.lua
82d5c1964833274	ui/generated/menus/frontend/mp/pmc/pmcreplacepopup.lua
96c7ffa95f2a10a	ui/generated/menus/frontend/mp/pmc/pmcselect.lua
ad9200a9095b1e8	ui/generated/menus/frontend/mp/privatematchgamecodejoin.lua
dc8717f0824036d	ui/generated/menus/frontend/mp/privatematchlobby.lua
8bc5b7e2870cd55	ui/generated/menus/frontend/mp/recipecreatepopup.lua
04b2c52eedcd68d	ui/generated/menus/frontend/mp/recipedeletemenu.lua
2816bfe4419c01d	ui/generated/menus/frontend/mp/removeplayersmatchmakingpopup.lua
64da9c8684dd3e5	ui/generated/menus/frontend/mp/tournament/tournamentmatchpreview.lua
6cbd7af5f2bebab	ui/generated/menus/frontend/mp/tournament/tournamentpostmatchpreview.lua
3cc1ea7cf3807b4	ui/generated/menus/frontend/mp/tournament/tournamentprematchpreview.lua
1ce644aa7001a84	ui/generated/menus/frontend/mp/trainingcourselobby.lua
01d0cf415961562	ui/generated/menus/frontend/mp/warzoneprivatematchgamecodejoin.lua
bff4feea4cb8167	ui/generated/menus/frontend/mp/warzoneprivatematchlobby.lua
cc9236d0bbbd688	ui/generated/menus/frontend/mp/warzoneprivatematchlobbychangerolemenu.lua
388c927664c22ae	ui/generated/menus/frontend/mp/warzoneprivatematchsquadmenu.lua
08d695e1203b270	ui/generated/menus/frontend/mp/warzoneprivatematchsquadselectcontainer.lua
8c238667fdfe729	ui/generated/menus/frontend/mybundleselect.lua
9a25999dd3a7873	ui/generated/menus/frontend/operatorselectscreen.lua
e4935185472638f	ui/generated/menus/frontend/pagedbattlepass/battlepasspurchasemenu.lua
1c4f57c0b51309a	ui/generated/menus/frontend/pagedbattlepass/pagedbattlepassautospendpopupfullscreen.lua
4572de2b47acd79	ui/generated/menus/frontend/pagedbattlepass/pagedbattlepassftuemenu.lua
67c64d0ff661864	ui/generated/menus/frontend/pagedbattlepass/pagedbattlepasslastchanceupsellmenu.lua
c3f2a6934ec0b67	ui/generated/menus/frontend/pagedbattlepass/pagedbattlepasspurchasecelebration.lua
7892ef5e909b57a	ui/generated/menus/frontend/pagedbattlepass/pagedbattlepasspurchaseconfirmationpopup.lua
064a1ee54e7a7ce	ui/generated/menus/frontend/pagedbattlepass/pagedbattlepasspurchasemenu.lua
2c1a25179db8737	ui/generated/menus/frontend/pagedbattlepass/pagedbattlepassseasonintropopup.lua
e5d203986a29ba3	ui/generated/menus/frontend/pagedbattlepass/pagedbattlepasstokenpurchasemenu.lua
002ad1cc74c5d4e	ui/generated/menus/frontend/prelobbymainmenu.lua
0c0c839416a81c0	ui/generated/menus/frontend/prestige/aarenterprestigeftue.lua
248b952035ef96c	ui/generated/menus/frontend/prestige/enterprestigeflowpopup.lua
35c68778cce8746	ui/generated/menus/frontend/prestige/enterprestigeftue.lua
66b99407d64e9e6	ui/generated/menus/frontend/prestige/howprestigeworkspopup.lua
f6194ee520e827e	ui/generated/menus/frontend/prestige/postenterprestigeflowpopup.lua
0d7028e91c80e52	ui/generated/menus/frontend/prestige/postprestigereloadconfirmationpopup.lua
614beb2ec9ed0e5	ui/generated/menus/frontend/prestige/prestigerewardsoverview.lua
014451e7a7ad2d2	ui/generated/menus/frontend/seasonalevent/eventpluspremiumpurchasecelebrationpopup.lua
cfe9678b14ef037	ui/generated/menus/frontend/seasonalevent/seasonaleventcinematicpopup.lua
af7cbc4ad0d90b6	ui/generated/menus/frontend/seasonalevent/seasonaleventdetailspopup.lua
d97306a72a7ff95	ui/generated/menus/frontend/seasonalevent/seasonaleventpremiumupsellmenu.lua
10946ed894a8c97	ui/generated/menus/frontend/seasonalevent/seasonaleventquickplayselection.lua
0608fce9f8f25ba	ui/generated/menus/frontend/seasonalevent/seasonaleventseventmenu.lua
7e35f8b6a616185	ui/generated/menus/frontend/seasonalevent/seasonaleventspreviewmasteryreward.lua
f84e095d525f7d2	ui/generated/menus/frontend/seasonalevent/seasonaleventstierskippurchaseoverviewpopup.lua
6543f3f5e0f89e4	ui/generated/menus/frontend/seasonalevent/seasonaleventtierskippurchasecelebrationpopup.lua
ccc61b48ef79d77	ui/generated/menus/frontend/sharedloadoutsavepopup.lua
781c60236b5c20c	ui/generated/menus/frontend/smsverificationmenu.lua
02eba601fbc3fa1	ui/generated/menus/frontend/social/flyinpopup.lua
e889818efa37645	ui/generated/menus/frontend/social/phoenixtoolmenu.lua
eec9bf2e698a417	ui/generated/menus/frontend/spearlyaccessupsellmenu.lua
a8c90aea85a1f28	ui/generated/menus/frontend/store.lua
d7bbc4951ff9b1c	ui/generated/menus/frontend/storebundlepreview.lua
a4b717ae9255550	ui/generated/menus/frontend/storeconfirmpurchasekorealegalpupup.lua
3e5029f6a521bf3	ui/generated/menus/frontend/storeconfirmpurchasepopup.lua
ba6d06f4a108b3e	ui/generated/menus/frontend/storefullscreencinematic.lua
be54d072d9b5a3b	ui/generated/menus/frontend/storegameupsellpopup.lua
bfcdd1ee38741db	ui/generated/menus/frontend/storepreviewitempopup.lua
d122279a09b37d4	ui/generated/menus/frontend/theaterhubmenu.lua
ac54860cff5bc0d	ui/generated/menus/frontend/weapons/breakblueprintconfirmpopup.lua
7df07c76a17ed17	ui/generated/menus/frontend/weapons/weaponarmory.lua
664289b0f1a3c1f	ui/generated/menus/frontend/weapons/weaponarmorytabs.lua
61f833106440f28	ui/generated/menus/frontend/weapons/weaponbaseselect.lua
1bb51165e61f999	ui/generated/menus/frontend/weapons/weapontabs.lua
798de0327046d50	ui/generated/menus/frontend/weapons/weapontabsbase.lua
7169c8b14e896e2	ui/generated/menus/frontend/webview/eulawebpopup.lua
415ef0237aee994	ui/generated/menus/frontend/webview/fullscreenwebviewbase.lua
60e3f72701a5e27	ui/generated/menus/frontend/webview/fullscreenwebviewentry.lua
777d91ce603b33d	ui/generated/menus/frontend/webview/fullscreenwebviewpopup.lua
16d31457cad5a20	ui/generated/menus/frontend/wishlistselect.lua
8233f7a41c0c434	ui/generated/menus/frontend/zm/gobblegumeditcustompackmenu.lua
c0c2c2fb728fce2	ui/generated/menus/frontend/zm/gobblegumpacksmenu.lua
50adc82c2338b47	ui/generated/menus/frontend/zm/wonderweaponblueprintselect.lua
bc9c89be22ff844	ui/generated/menus/frontend/zm/wonderweaponitemspreview.lua
89f731ea5c3b2ba	ui/generated/menus/fullscreencountdown.lua
f414bae6ab3753f	ui/generated/menus/fullscreenpopup.lua
9fbf4fc9e30b5ec	ui/generated/menus/fullscreenpopupframe.lua
ce7ad4a4dff6006	ui/generated/menus/fullscreenwebview.lua
598166eb340590a	ui/generated/menus/genericimagepopupwidget.lua
5f0896fa2efca4b	ui/generated/menus/genericpopupwidget.lua
5d80e9f47893320	ui/generated/menus/globalpanelbase.lua
cefab89d94359c5	ui/generated/menus/globalpaneloptionssearch.lua
f2dd1233dc400e6	ui/generated/menus/hudeditor.lua
7f4924a83a96dfa	ui/generated/menus/imagefullscreen.lua
13ec701ae9416f0	ui/generated/menus/ingame/ingamegunsmith.lua
19c1f0fc800e758	ui/generated/menus/ingame/mp/benchmarkcontainer.lua
8bba7a55bafcad9	ui/generated/menus/ltminfopanel.lua
325bb346401fe4c	ui/generated/menus/mainmenu.lua
f99bd8e03f24dc3	ui/generated/menus/mainmenuoffline.lua
9a5522acb726c32	ui/generated/menus/medalscollection.lua
ff52c596132ce0b	ui/generated/menus/multiplerewardpreviewpopup.lua
dbbbf0726c57d33	ui/generated/menus/onboardingfeaturepopup.lua
4cb8be5ed832d7f	ui/generated/menus/onboardingpopup.lua
ef06618ab9f2772	ui/generated/menus/optionsmenuingamepreview.lua
0994a2d11796105	ui/generated/menus/optionsmenulayout.lua
c3d613d03e9d799	ui/generated/menus/patchnotes.lua
8381af862c7eba4	ui/generated/menus/pcachievementsmenu.lua
0e7e4a44a5d15fd	ui/generated/menus/perkpackageselectmenu.lua
2690f289403689d	ui/generated/menus/playersurveypopup.lua
d0a6590a6cb986a	ui/generated/menus/privacychoices.lua
baaf5319399ffee	ui/generated/menus/solooperatorselectmenu.lua
fe2af4efef5fabb	ui/generated/menus/trainingcoursetriptychs.lua
95d3c3b7160bec2	ui/generated/menus/uiscreenfade.lua
afb2e7e63e552c0	ui/generated/menus/uitestcommonelements.lua
a30af90973feca7	ui/generated/menus/waitpopup.lua
e11f89cf9ce632b	ui/generated/menus/warzoneonboardingendchoicepopup.lua
80eb0baf471fa6b	ui/generated/menus/webviewloadingdialog.lua
89ad1cd404ce445	ui/generated/menus/wzftuexpdetailmenu.lua
e3f4f4a4e09b414	ui/generated/requires/alwaysloaded.lua
67a040feb215bb8	ui/generated/requires/frontend.lua
d1d59e6aa4cfca0	ui/generated/requires/frontend/mp.lua
eab506413517d32	ui/generated/requires/frontend/sp.lua
e226119493234a5	ui/generated/requires/ingame.lua
cf5250031b63c42	ui/generated/requires/ingame/br.lua
4146a4ec3da2de4	ui/generated/requires/ingame/codcaster.lua
529ae6c28d9bdcf	ui/generated/requires/ingame/mp.lua
7e000c6359cc507	ui/generated/requires/ingame/zm.lua
55baa73516f5410	ui/generated/swatches/swatches.lua
fbcbc6e8a950409	ui/generated/widgets/aarchampionsquestrewarditem.lua
be4b13baa36b717	ui/generated/widgets/aarprogressionindicator.lua
2b1998e59cf554c	ui/generated/widgets/aarprogressionrewardlines.lua
ea4307fd37057b0	ui/generated/widgets/aarrewardtier.lua
1ce81d02bb03761	ui/generated/widgets/accordionpanelbackground.lua
097c94367754b70	ui/generated/widgets/accordionpanelheader.lua
316af5ec9cfe07b	ui/generated/widgets/acquisitionstashwarning.lua
22c4e98f647fdf5	ui/generated/widgets/activearmorybundlepreviewoverlay.lua
d736fe3377c18ef	ui/generated/widgets/activearmoryoverlay.lua
f9ab444a7eb1a94	ui/generated/widgets/activearmorypromo.lua
aae3e72e0ad6f4f	ui/generated/widgets/activearmorytag.lua
39f5559734c75d4	ui/generated/widgets/activityphone.lua
fe7b96b4b1c557a	ui/generated/widgets/activityphoneinterrogate.lua
51bf62973199d9c	ui/generated/widgets/alwaysloaded/globalhint.lua
a766db909e134fd	ui/generated/widgets/alwaysloaded/labelbase.lua
2d351309ecd5494	ui/generated/widgets/alwaysloaded/legaltextwidget.lua
b946c623003741f	ui/generated/widgets/alwaysloaded/tagmembercount.lua
773f511ccbc2d90	ui/generated/widgets/alwaysloaded/talkersentry.lua
29a67c7a49bdfb6	ui/generated/widgets/alwaysloaded/talkerslayout.lua
8fe5a9769ef345c	ui/generated/widgets/alwaysloaded/talkerslist.lua
a9f2abcf72982c9	ui/generated/widgets/alwaysloaded/textlabel.lua
e9cde7269a76a1b	ui/generated/widgets/alwaysloaded/textwithbackplatebase.lua
8c7cbd298abae02	ui/generated/widgets/alwaysloaded/timerlabelwithicon.lua
e2b8c51b062740a	ui/generated/widgets/armoredtruckstatus.lua
2ebe53cf377be88	ui/generated/widgets/armoredtruckupgrade.lua
f776f725cbcd0bb	ui/generated/widgets/aspectratiofadeframe.lua
ce25fe8c3939ea1	ui/generated/widgets/atlasimage.lua
ee7e22e33342af8	ui/generated/widgets/attachmentslot.lua
64d95368fa70b9f	ui/generated/widgets/attachmentslotcontainer.lua
0e2a5a40c09f35b	ui/generated/widgets/augmentsgenericheader.lua
927f27d3f64e9f7	ui/generated/widgets/bannergradient.lua
0f89b2b7a2e430b	ui/generated/widgets/basetextchatentry.lua
98cf35a479670d8	ui/generated/widgets/battlebuddybonus.lua
55ec27620bc8ef5	ui/generated/widgets/battlepass/blackcellxpboost.lua
50411a3fbd36a5a	ui/generated/widgets/battlepass/blackcellxpboostbattlepass.lua
e16d34c205c4fc1	ui/generated/widgets/battlepass/blackcellxpboostbattlepassflyoutperseason.lua
85077893b6bfc70	ui/generated/widgets/battlepass/blackcellxpboostsmall.lua
cf07ccb1d0362c5	ui/generated/widgets/battlepass/blackcellxpboosttokenmenu.lua
50de96063abe8ff	ui/generated/widgets/benchmarkglobalresults.lua
93f7537a163d904	ui/generated/widgets/benchmarkglobalresultsvalue.lua
67753aee189b52c	ui/generated/widgets/benchmarkgraph.lua
6f376741aa1104e	ui/generated/widgets/benchmarkhardwareconfiguration.lua
47b7571e29c28e5	ui/generated/widgets/benchmarkhardwareconfigurationcontainer.lua
b0bee8dd8216a32	ui/generated/widgets/benchmarkimpactedsettings.lua
fc6a4facae93aa9	ui/generated/widgets/benchmarkimpactedsettingscontainer.lua
e61f3eb90116f0f	ui/generated/widgets/benchmarksectiontitle.lua
524a839c99e78f8	ui/generated/widgets/benchmarkstartbutton.lua
c1540bb6a9ddf38	ui/generated/widgets/benchmarksummary.lua
7a4f25f403ed322	ui/generated/widgets/benchmarkusefulinfo.lua
58a3a99b9bee7b4	ui/generated/widgets/benchmarkzonedetails.lua
22124cc706d957e	ui/generated/widgets/benchmarkzonedetailsresults.lua
0c2f90b56a527d3	ui/generated/widgets/benchmarkzonedetailstab.lua
ae3930d2c14c685	ui/generated/widgets/bestplayrtt.lua
f15b27e65dd29b0	ui/generated/widgets/bindingpreviewactionssection.lua
86a63545763d636	ui/generated/widgets/bindingpreviewbutton.lua
816011d5eeff2b4	ui/generated/widgets/bindingpreviewlayout.lua
a81c4d1f6e2c895	ui/generated/widgets/bindingpreviewmouse.lua
b58a3892928d32d	ui/generated/widgets/bindingpreviewtext.lua
1d111a49fa0cc62	ui/generated/widgets/binkprompts.lua
3f0fc4b26154d5d	ui/generated/widgets/binocularsoverlay.lua
ea1302438dcef1e	ui/generated/widgets/biometricscanneritem.lua
3cb91245dbda9e9	ui/generated/widgets/biometricscannerscreen.lua
35912f2a1b09e6a	ui/generated/widgets/blackcellchallengenotification.lua
2fc1d2e7ac4c12f	ui/generated/widgets/blockedplayerspanel.lua
27f9605ca394c9d	ui/generated/widgets/borderdegraded.lua
309438e5a559624	ui/generated/widgets/borderlessfillbar.lua
84dd0ef4341d041	ui/generated/widgets/bowlingreticle.lua
25699be8363f21b	ui/generated/widgets/br/brenemyteamcasharrowmarker.lua
a44bb5799b625e7	ui/generated/widgets/br/brteamcasharrowmarker.lua
7b436a4e4717cae	ui/generated/widgets/brarmorbars.lua
de7b68bb6f64285	ui/generated/widgets/brarmorhintpopup.lua
a57359a59498d60	ui/generated/widgets/brcqavailabletag.lua
3f934473f0d2d3d	ui/generated/widgets/brdownedtimer.lua
58396f0d2d2bba7	ui/generated/widgets/brexfilbinkoverlay.lua
6b92881360031b9	ui/generated/widgets/brhealthequipment.lua
034461785945167	ui/generated/widgets/brheat.lua
d4c63e352c03fbf	ui/generated/widgets/brheatbacker.lua
b740eccb9e9e329	ui/generated/widgets/brinflationbacker.lua
fc948245505d062	ui/generated/widgets/brinflationredeployclosetimer.lua
a1f39651e66637f	ui/generated/widgets/brkeypadbtn.lua
2963da3ea13573d	ui/generated/widgets/brkeypadentryline.lua
48f1c180a0d8b79	ui/generated/widgets/brlaststanddownedcontainer.lua
e3445b5df17cd20	ui/generated/widgets/brlaststandmessageprompt.lua
87e25c6597578c0	ui/generated/widgets/brlaststandtimer.lua
728f1eb245d7107	ui/generated/widgets/brlaststandtimermanager.lua
8ce62d68f63ea54	ui/generated/widgets/brlongplayercard.lua
8fa73cbe7f6401b	ui/generated/widgets/brlongplayercardcontainer.lua
26a66f98283801a	ui/generated/widgets/brlootcardemphasizedtext.lua
1fe074072de6a06	ui/generated/widgets/brmenumapgulaginfogridchild.lua
534016902aedf32	ui/generated/widgets/brmenumapinflationinfo.lua
7f0fe19471611a2	ui/generated/widgets/brmenumapkeyheader.lua
c8f0a82e847f6d4	ui/generated/widgets/brmenumapkeyvertlist.lua
7ee8776e8d90dce	ui/generated/widgets/brnewinteractivenonlootcard.lua
8f487bc09040a5f	ui/generated/widgets/broadcasttextchatentry.lua
2561966db936f56	ui/generated/widgets/brplunderpickupfeedback.lua
e1c72d5459f3ea5	ui/generated/widgets/brraritycolorbackground.lua
354828c0e8e15b2	ui/generated/widgets/brrgulagticketcontainer.lua
506c79886b4cfc1	ui/generated/widgets/brrhealthandarmorbarspartymember.lua
949a2d4b5835d28	ui/generated/widgets/brrmenumap.lua
91ddd8a28928940	ui/generated/widgets/brrsquadinfocontainer.lua
524a6bbe9d57982	ui/generated/widgets/brsecondchancekeypocket.lua
6292d9c3b2aab59	ui/generated/widgets/brsecondchanceresults.lua
0dd1d84a0edbcd0	ui/generated/widgets/brsierrasidequesthubprompts.lua
4b3df0a2c797c10	ui/generated/widgets/brsquadinfocontainer.lua
a04cf2b7d9500c3	ui/generated/widgets/brteamcash.lua
6c7d8f4204bfdfa	ui/generated/widgets/brtrialsplaybutton.lua
6120f14fbdab486	ui/generated/widgets/brwarningicon.lua
41e1decc5152a6f	ui/generated/widgets/brwarninginfo.lua
c45d1bf0abb2795	ui/generated/widgets/bulletlist.lua
bd0d4634e22a598	ui/generated/widgets/bulletlistdeco.lua
3de2a2b8cd3eada	ui/generated/widgets/bullettext.lua
42a99d2b44fbc64	ui/generated/widgets/bundleupsellbutton.lua
1737a2c675c7478	ui/generated/widgets/bundleupselltype.lua
11943756aad43a6	ui/generated/widgets/buttondescriptiontext.lua
58c4287822099c4	ui/generated/widgets/buttonglow.lua
dd65f1c22eb9486	ui/generated/widgets/buttonhelperbar.lua
d46fce62ac78825	ui/generated/widgets/buttonhelperbartooltip.lua
cd14c3c9d6a421d	ui/generated/widgets/buttonhelperbuttonbackground.lua
f00dbf360eafdd8	ui/generated/widgets/buttonhighlightbar.lua
2e7627fcab88bda	ui/generated/widgets/buttonpromptcontainer.lua
ba42fb3bb1ca9ae	ui/generated/widgets/buttonpromptcontainerhorizontal.lua
d962d1f1e6f112f	ui/generated/widgets/buttons/buttonbacker.lua
e275239b5c1846b	ui/generated/widgets/buttons/buttonbackground.lua
e9fbdeb9d8b0c16	ui/generated/widgets/buttons/buttonbase.lua
3651ac6c59473e3	ui/generated/widgets/buttons/buttonbaseinset.lua
6e1b96791a36f71	ui/generated/widgets/buttons/buttonhighlight.lua
d76ec4b8b842993	ui/generated/widgets/buttons/buttonhighlightfocus.lua
d5d141a68c0527a	ui/generated/widgets/buttons/buttonhighlightinset.lua
9c40c960224ec73	ui/generated/widgets/buttons/buttonhighlightsingleaction.lua
f21f74a77d42237	ui/generated/widgets/buttons/buttonhighlightvisiblefocus.lua
4c0923767d20f63	ui/generated/widgets/buttons/buttonhighlightvisiblefocusbright.lua
139cf09f3067d1e	ui/generated/widgets/buttons/buttonhighlightwide.lua
4b4fe84974f40b6	ui/generated/widgets/buttons/buttonjumbo.lua
dbf3a8fa0ca3e26	ui/generated/widgets/buttons/buttonlarge.lua
9e63932b90b2530	ui/generated/widgets/buttons/buttonlargebanner.lua
670a561ec2b5b34	ui/generated/widgets/buttons/buttonlargeshort.lua
9d8b8eb6e3afe6d	ui/generated/widgets/buttons/buttonlargetall.lua
af1b7e37ee33cf0	ui/generated/widgets/buttons/buttonmedium.lua
cee4e1511d9b967	ui/generated/widgets/buttons/buttonoperatorselect.lua
416ccf37e68f5af	ui/generated/widgets/buttons/buttonsingleoperatorselect.lua
37f54776d2b2f92	ui/generated/widgets/buttons/buttonsmall.lua
2c6f03d8f4b0841	ui/generated/widgets/buttons/buttonsmalltall.lua
24d70ee99d4d72c	ui/generated/widgets/buttons/buttonxlarge.lua
acb753432ec9eca	ui/generated/widgets/buttons/buttonxtall.lua
7e7e32f236b45fe	ui/generated/widgets/buttons/buttonxxlarge.lua
027db0c6b422a2c	ui/generated/widgets/buttons/challengebutton.lua
b1212bbb064fc0b	ui/generated/widgets/buttons/challengebuttonlarge.lua
2307d7bdf9a1f7c	ui/generated/widgets/buttons/challengesectionminibutton.lua
63d594484f29f47	ui/generated/widgets/buttons/challengesectionseasonalbutton.lua
dd882ad5d245bb0	ui/generated/widgets/buttons/codhqbuttonhighlight.lua
73e0057fa81723a	ui/generated/widgets/buttons/dpadbutton.lua
c0e26aa16abe0f4	ui/generated/widgets/buttons/findamatchbutton.lua
4b966f34b5da03f	ui/generated/widgets/buttons/highlightinnerbutton.lua
0b44c9a1dcf68ed	ui/generated/widgets/buttons/locationselectorbutton.lua
99cc016a608879b	ui/generated/widgets/buttons/mapselectionbutton.lua
c7e7ed9df6d540f	ui/generated/widgets/buttons/mousebuttonarea.lua
b1d916919a665a2	ui/generated/widgets/buttons/mouseclosebutton.lua
3763540600a0241	ui/generated/widgets/buttons/obbuttonhighlightwide.lua
93688f168d7f86f	ui/generated/widgets/buttons/primarybuttonbacker.lua
d153cc06646c1c1	ui/generated/widgets/buttons/radialholdbutton.lua
7cfbd87e6a00624	ui/generated/widgets/buttons/textbutton.lua
a33906e7ffec7ca	ui/generated/widgets/buttons/tilebuttonbaseinfo.lua
59575f835f7a13e	ui/generated/widgets/buttons/underlinetextbutton.lua
9e1bb247ef333a6	ui/generated/widgets/buttons/visibleonfocusbuttonbacker.lua
7b8145fdbd6ddd2	ui/generated/widgets/cac/camobuttonchallengestatus.lua
3fe977637385137	ui/generated/widgets/cac/camocategorytitle.lua
95ce69cbdb91dd6	ui/generated/widgets/cac/gunsmithcosmeticscategorybutton.lua
b9722f497fee176	ui/generated/widgets/cac/gunsmithgenericattachmentbutton.lua
b5af25ed75f3419	ui/generated/widgets/cac/gunsmithgenericcostmeticsbutton.lua
73716b8736503d0	ui/generated/widgets/cac/loadoutclassliststatusicon.lua
ad1171d0f43faa4	ui/generated/widgets/cac/removeattachmentpopupbutton.lua
d71b5410b59088c	ui/generated/widgets/cac/removeattachmentpopupbuttonlist.lua
a26d16568c64e3c	ui/generated/widgets/cac/reticlebuttonchallengestatus.lua
9531e4e28bf7be7	ui/generated/widgets/cac/transmogmessage.lua
29e1c5a40fad4b3	ui/generated/widgets/cac/weaponbuildbuttonunavailableoverlay.lua
1beb2a8831661e5	ui/generated/widgets/cac/weaponhaslockedattachmentswarning.lua
9fac6414a86c3b4	ui/generated/widgets/cac/weaponlevelradial.lua
65994cc13cbd6b2	ui/generated/widgets/calloutmarkerpings.lua
baa5cdcda2523a1	ui/generated/widgets/camocategories.lua
696c0cdb6bc6025	ui/generated/widgets/camocategorydetails.lua
298b6cb40d4d021	ui/generated/widgets/camochallengenotification.lua
6b1423e930dc894	ui/generated/widgets/campaignnavbutton.lua
3ecba6c7dd1776b	ui/generated/widgets/cancelshaderspopup.lua
ccc2f3390bf57f3	ui/generated/widgets/cdlinvalidloadout.lua
0730dd441c5df65	ui/generated/widgets/cdlwebview.lua
ddf817e245a1e06	ui/generated/widgets/centeredtextbutton.lua
eab03d598f63245	ui/generated/widgets/centeroutgradientbacking.lua
c866a7f7feec6ab	ui/generated/widgets/challengeheader.lua
234383d115b17a6	ui/generated/widgets/challengeresettimer.lua
95c0ade918bad50	ui/generated/widgets/challengesdaily.lua
23ce9ba34a3f3ef	ui/generated/widgets/challengesdailycore.lua
e58e83e36ca6009	ui/generated/widgets/challengessummary.lua
e0f35c2fa9f81ea	ui/generated/widgets/challengessummaryitem.lua
53f080e28611672	ui/generated/widgets/channelconnecttoggle.lua
c3d819efee59bb5	ui/generated/widgets/channelserviceunavailablewarning.lua
1733c64c427c13f	ui/generated/widgets/chat/channelautomessage.lua
0828903504576e6	ui/generated/widgets/chat/channelnewmessage.lua
fb9ef8904f714e5	ui/generated/widgets/chat/textchat.lua
4cfab3f3bd3d511	ui/generated/widgets/chat/textchatautocompletelist.lua
32d92bcdfe7afb2	ui/generated/widgets/chat/textchatautocompletelistitem.lua
9053960eab13c2f	ui/generated/widgets/chat/textchatentrieslist.lua
2644c3624328821	ui/generated/widgets/chat/textchatentryline.lua
319e316207b3f62	ui/generated/widgets/chat/textchatfooter.lua
00201f6355b01e4	ui/generated/widgets/chat/textchatinputtextbutton.lua
a6e626d90ca7b72	ui/generated/widgets/checkboxthreestates.lua
7246a4551266565	ui/generated/widgets/checkboxwithimagelabel.lua
424966e252803b1	ui/generated/widgets/checkmarksprogressbar.lua
61ac4664257ec63	ui/generated/widgets/chyrontext.lua
4d9ac60fc743cd0	ui/generated/widgets/codballgrenadeprompt.lua
8562fbe534c9986	ui/generated/widgets/codcasterwaypointscontainer.lua
65aadd8f2961400	ui/generated/widgets/codeconductthreat.lua
90d86fe9ce03646	ui/generated/widgets/codeconductthreatcontents.lua
50b53622c754ff8	ui/generated/widgets/codhqbuttonbanner.lua
4582dcdaf48a7f9	ui/generated/widgets/codhqgametilesbackground.lua
8f1a0ffe3d41657	ui/generated/widgets/codhqglow.lua
e92d8d3f6cd2d0e	ui/generated/widgets/codhqpanelnavigation.lua
b88ad7e4fd9ae09	ui/generated/widgets/colorcustomizationminimapgwobjective.lua
e97adccfcf3a4cf	ui/generated/widgets/colorcustomizationpreviewcarouselelement.lua
ae24704ca499100	ui/generated/widgets/common/alternategenericpanel.lua
90d657ec0e070a1	ui/generated/widgets/common/backerandoffsetdots.lua
0451092f4746326	ui/generated/widgets/common/buttonprimarycer/buttonprimarycer.lua
281977603e84648	ui/generated/widgets/common/buttonprimarycer/buttonprimarycerlabel.lua
4bfb88c60f87b6d	ui/generated/widgets/common/commondirectionalarrow.lua
2a5181c018c76f2	ui/generated/widgets/common/commonlockedinfowidget.lua
27bd470c006d25b	ui/generated/widgets/common/commonrarityinfowidget.lua
27a1d4bfbf77c9b	ui/generated/widgets/common/commonverticalcategoryimagebutton.lua
a45a34ae952cd4e	ui/generated/widgets/common/commonverticalcategoryimagebuttoninternal.lua
fbefc3f3a5afd30	ui/generated/widgets/common/detailsheader.lua
51d44f09cd4a690	ui/generated/widgets/common/gobblegumstartequipped.lua
e33f535a7e821bd	ui/generated/widgets/common/tilebacker.lua
448fb4ec7c9c4bf	ui/generated/widgets/common/underline.lua
4b767aae0605379	ui/generated/widgets/comparisonbar.lua
8e0cedbfd1fc3cf	ui/generated/widgets/compassstealthpip.lua
7deb702621137e2	ui/generated/widgets/completeditemnotification.lua
6e569c92ffec2c6	ui/generated/widgets/connectionmeter.lua
d0737f2a123a76c	ui/generated/widgets/connectionmetermphud.lua
682d3ade52b9d93	ui/generated/widgets/contextualtip.lua
10f43e16e9eef6f	ui/generated/widgets/controllerdeadzonepreview.lua
c6125386dbe0f6b	ui/generated/widgets/countdownlarge.lua
034cdb37ab62264	ui/generated/widgets/cp/cplaststanddownedcontainer.lua
e1d015f75ff5d4e	ui/generated/widgets/creatorcodesearch.lua
025fb01a44f9f85	ui/generated/widgets/crosshairpreview.lua
f91cc3260601b87	ui/generated/widgets/customcolorpicker.lua
fa62e4d297a8f94	ui/generated/widgets/customcolorpickerbuttons.lua
c46704077dd51ac	ui/generated/widgets/customcolorpickereditbox.lua
16b31f3936e79cc	ui/generated/widgets/customcolorslider.lua
f9fa3616b18ca85	ui/generated/widgets/customcolorsliderbar.lua
39cff5294efdb5d	ui/generated/widgets/customiteminfopanel.lua
803b691617da2df	ui/generated/widgets/cutscenecontrols.lua
b933ad5aa6744d4	ui/generated/widgets/dailychallengenotification.lua
8f847fbda6602ac	ui/generated/widgets/dailychallengesplash.lua
dcc3dace9ef3af5	ui/generated/widgets/dailychallengesplashcontent.lua
1c607bbd07124c6	ui/generated/widgets/dailydownloadbackground.lua
31c6fe84ddd66d5	ui/generated/widgets/dailydownloadlimit.lua
06096b30895ad48	ui/generated/widgets/damageindicatorcontainer.lua
bb5c5844e694f2e	ui/generated/widgets/damageindicators.lua
fab82a9b0810503	ui/generated/widgets/debuglocalpremiumidentifier.lua
7337f0c55460769	ui/generated/widgets/debugscenarioidentifier.lua
bf296cb53d2be82	ui/generated/widgets/decoyparked.lua
59cc0fbd7f0346c	ui/generated/widgets/defaultpromptbutton.lua
f56bdb5fab72df4	ui/generated/widgets/defaultpromptbuttonfonticon.lua
2172098f70753da	ui/generated/widgets/detailedweaponstatgroup.lua
bdbcdf674edd202	ui/generated/widgets/detailedweaponstatgroupbacker.lua
540afcf5d3e2e1c	ui/generated/widgets/detailedweaponstats.lua
432f1a4fafb1eb4	ui/generated/widgets/detailedweaponstatsbacker.lua
f418bfbb86da566	ui/generated/widgets/detailedweaponstatsdamagerange.lua
e4705f3b831a955	ui/generated/widgets/detailedweaponstatsmaginfoentry.lua
558143f4dd05d55	ui/generated/widgets/dev/uitestlobbymatchmakingstates.lua
c6d9380557ac0e4	ui/generated/widgets/diagonalcorners.lua
d7ae43266477cb3	ui/generated/widgets/digitalbillboards.lua
4f2f929c3ab5aa6	ui/generated/widgets/digitalbillboardsgameplaybgrebirth.lua
962ab9873ad4b3f	ui/generated/widgets/digitalbillboardsrebirth.lua
7c83a7318a9843d	ui/generated/widgets/digitalbillboardsweatherrebirth.lua
327829509159de4	ui/generated/widgets/dmzbiolabcountdown.lua
161d1a714efa56e	ui/generated/widgets/dmzbonusicon.lua
7abeac494e35dd5	ui/generated/widgets/dmzcrownlocked.lua
daf6b81b0636a2a	ui/generated/widgets/dmzfobwallet.lua
8e6008671f7c6c2	ui/generated/widgets/dmzitembonus.lua
536d2fa49a8f062	ui/generated/widgets/dmzitemoperatorbonus.lua
a50d647a11c6c0a	ui/generated/widgets/dmzitemoperatorbonusentry.lua
82defb9cc95f44b	ui/generated/widgets/dmzmaplegend.lua
ab94e6995563ce5	ui/generated/widgets/dmzperks.lua
81c26717e719912	ui/generated/widgets/dmzselectedmissionreward.lua
45aaf26065eda35	ui/generated/widgets/dmzupsellpopup.lua
a0412f9dc230f9c	ui/generated/widgets/dmzupsellpopupcrown.lua
9ac92f1d49454d3	ui/generated/widgets/dmzupsellpopuprewardbase.lua
51faa6a17cfa4fe	ui/generated/widgets/dockedobjective.lua
af166af90d1871e	ui/generated/widgets/dockedobjectivebracket.lua
30222f64501c23f	ui/generated/widgets/doublechevron.lua
3ab62677880f7cf	ui/generated/widgets/doublenotchedbacker.lua
d4961f471080ac9	ui/generated/widgets/doublexp/doublexpeventnotificationelement.lua
437a856f677b5f1	ui/generated/widgets/doublexp/doublexpnotificationelement.lua
fcb22eaba90c590	ui/generated/widgets/doublexp/doublexpnotifications.lua
a1e2e0a6599b01e	ui/generated/widgets/doublexpeventbanner.lua
e1f7e196febcd14	ui/generated/widgets/doublexpnotificationsplash.lua
51a10097359fd3b	ui/generated/widgets/driverhudsuv1996.lua
407caffa4b5c8da	ui/generated/widgets/dynamiclist.lua
5de0340873c78f2	ui/generated/widgets/dynamiclistentry.lua
e3eced492a7dcb3	ui/generated/widgets/eebankvault.lua
42d9b16e6ee908b	ui/generated/widgets/eeprogresshub.lua
a58380c10767c00	ui/generated/widgets/eeprogresshub_listentry.lua
488811ed52bf2be	ui/generated/widgets/eeprogresshubinternal.lua
c54c331851a122d	ui/generated/widgets/elitetakeoverdetails.lua
4b2deca1f280537	ui/generated/widgets/emotesprayprompts.lua
f47a8fb68ef4fd2	ui/generated/widgets/emptywidget.lua
bed2ad1d15151ad	ui/generated/widgets/endgametakeoverscreen.lua
ca0058f5b854f11	ui/generated/widgets/endgametakeoverscreendmzicon.lua
f0f96cfcd0579e2	ui/generated/widgets/endgametakeoverscreenmessagebanner.lua
7621a6d8df0fcf2	ui/generated/widgets/endgametakeoverscreenmessagebannerplundertally.lua
be9ee0e80c61034	ui/generated/widgets/executionhint.lua
e717af24aa7eb20	ui/generated/widgets/exfilchallengescontainer.lua
ea7bc300e7d3a52	ui/generated/widgets/exfilchallengescore.lua
21acb3b8290ad25	ui/generated/widgets/exfilmissionlayout.lua
b59a1159546de91	ui/generated/widgets/exfilmissionstatus.lua
51d3d15c1525450	ui/generated/widgets/exitfullscreenbutton.lua
bfca6879206d8b7	ui/generated/widgets/exitfullscreenvideobutton.lua
18470b89075107e	ui/generated/widgets/expanderclosebutton.lua
c473f754f554140	ui/generated/widgets/fastloadoutclassnotification.lua
c902af855da2db6	ui/generated/widgets/favoriteandsort.lua
64878a9bd83f445	ui/generated/widgets/featurednotificationtimer.lua
0f5431b03a50859	ui/generated/widgets/fencepopuptimer.lua
c8f1ee19317e0fb	ui/generated/widgets/fencespinner.lua
65b368f166aa402	ui/generated/widgets/fieldupgrademeterround.lua
b19044fd448cb18	ui/generated/widgets/fieldupgradeready.lua
93c4357ceaf8a57	ui/generated/widgets/fieldupgradereadymessage.lua
a519d2ae564549f	ui/generated/widgets/fieldupgraderound.lua
e94f96bae984e09	ui/generated/widgets/firetype.lua
af084dfead3e228	ui/generated/widgets/firetypecrosshairs.lua
5c34416b1b93654	ui/generated/widgets/firingrangescores.lua
70acef887c41133	ui/generated/widgets/flare.lua
071f1f3dd65d7bd	ui/generated/widgets/floorwidget.lua
7aa34b3781d673f	ui/generated/widgets/floorwidgetbuttonshint.lua
1953ea67e7cc36f	ui/generated/widgets/floorwidgetlistelement.lua
42c9e0414012b56	ui/generated/widgets/footer/footerbackicon.lua
337280af3d54c47	ui/generated/widgets/footer/footercursoricon.lua
ef7dd21271abb5e	ui/generated/widgets/footer/footermouseicon.lua
69ddd5a5f1015c6	ui/generated/widgets/footer/footernvidiaicon.lua
2cb37a571a0de73	ui/generated/widgets/footer/footeroptionsicon.lua
ea11bf227025f44	ui/generated/widgets/footer/muteallicon.lua
2eccf6af241d461	ui/generated/widgets/footer/unmuteallicon.lua
938ec6230c0fba3	ui/generated/widgets/frontend/aar/aaraccolade.lua
b711260ba5d32a5	ui/generated/widgets/frontend/aar/aarbattlepasspagewidget.lua
8a35137f5a02346	ui/generated/widgets/frontend/aar/aarbattlepassprogressbar.lua
fb205ab5ad1537f	ui/generated/widgets/frontend/aar/aarbattlepassprogressbarpip.lua
e6fae993a400b59	ui/generated/widgets/frontend/aar/aarbattlepassprogression.lua
01843c2d335ad39	ui/generated/widgets/frontend/aar/aarbattlepasspurchasebutton.lua
584590e804c9fbc	ui/generated/widgets/frontend/aar/aarbattlepassspendtokensbutton.lua
3be393ef93f166e	ui/generated/widgets/frontend/aar/aarbattlepasstier.lua
0ad6bcb00672b28	ui/generated/widgets/frontend/aar/aarbattlepasstierdoublewide.lua
937e28346c0da1d	ui/generated/widgets/frontend/aar/aarbattlepasstierdoublewideinternal.lua
9f032a11552543e	ui/generated/widgets/frontend/aar/aarbattlepasstierdoublewidewithstatus.lua
606629e120e0820	ui/generated/widgets/frontend/aar/aarbattlepasstierstatetext.lua
d28deb02ad61576	ui/generated/widgets/frontend/aar/aarbattlepasstiertoggle.lua
3cc6102c824aa40	ui/generated/widgets/frontend/aar/aarbattlepasstiertoggledoublewide.lua
c204f00844b3fb5	ui/generated/widgets/frontend/aar/aarbattlepasstiertoggledoublewideinternal.lua
581fab212b49036	ui/generated/widgets/frontend/aar/aarbattlepasstiertoggledoublewidewithstatus.lua
576ca078eeedbef	ui/generated/widgets/frontend/aar/aarbattlepasstokenwidget.lua
934b83ac3847884	ui/generated/widgets/frontend/aar/aarbattlepassxpboostcontainer.lua
f63c56889dff928	ui/generated/widgets/frontend/aar/aarchallengeitemstandard.lua
d0997abed50766d	ui/generated/widgets/frontend/aar/aarchallengeprogression.lua
162944934008953	ui/generated/widgets/frontend/aar/aarchallengeprogressioncard.lua
d3e529973e36ae6	ui/generated/widgets/frontend/aar/aarchallengeprogressioncardwrapper.lua
9e47c3e0e122800	ui/generated/widgets/frontend/aar/aarcommendationitem.lua
46d8e3f2e7edc04	ui/generated/widgets/frontend/aar/aarcommendations.lua
4af3401339033d6	ui/generated/widgets/frontend/aar/aarcommendationsdetails.lua
8d58645e719a669	ui/generated/widgets/frontend/aar/aarcommendationunit.lua
ecdfe7da190b79b	ui/generated/widgets/frontend/aar/aarcontentheader.lua
01556c86405057e	ui/generated/widgets/frontend/aar/aarcontractgridcontainer.lua
aca1a58dd891170	ui/generated/widgets/frontend/aar/aarcontractgriditem.lua
05fae5deb16c664	ui/generated/widgets/frontend/aar/aardmzupgradeprogressioncardwrapper.lua
03169dcf9db1570	ui/generated/widgets/frontend/aar/aardoublexp.lua
4d08c1eb49fcc52	ui/generated/widgets/frontend/aar/aarflyout.lua
fcde0a39ff8f32b	ui/generated/widgets/frontend/aar/aarflyoutbase.lua
b8cff30603557ba	ui/generated/widgets/frontend/aar/aarflyoutbutton.lua
099f44ebc8d1af1	ui/generated/widgets/frontend/aar/aarflyoutlootunlocked.lua
42abe7b9776c421	ui/generated/widgets/frontend/aar/aarflyoutrankup.lua
2ecfaf6049873d9	ui/generated/widgets/frontend/aar/aarflyoutstats.lua
13c25a1f99dffc9	ui/generated/widgets/frontend/aar/aarglitchxpbacking.lua
6ee9239228543e0	ui/generated/widgets/frontend/aar/aargunsmith.lua
d27c533eb983a25	ui/generated/widgets/frontend/aar/aarlooteditemstab.lua
98c77c232996200	ui/generated/widgets/frontend/aar/aarparade.lua
025b10bfc3e37e9	ui/generated/widgets/frontend/aar/aarperformance.lua
5f8f966c3284895	ui/generated/widgets/frontend/aar/aarplayhead.lua
39c1ec6954f2250	ui/generated/widgets/frontend/aar/aarprestige.lua
5f81d82deaf50f5	ui/generated/widgets/frontend/aar/aarprestigeavailabletag.lua
846c6daba8b7366	ui/generated/widgets/frontend/aar/aarprestigemasterftue.lua
14925460f35a82d	ui/generated/widgets/frontend/aar/aarprestigenextlevel.lua
f56d579e5420da0	ui/generated/widgets/frontend/aar/aarprogression.lua
437e7c0599fe017	ui/generated/widgets/frontend/aar/aarrank.lua
f2f26155644a4e7	ui/generated/widgets/frontend/aar/aarrankdisplay.lua
8af2e8d8abf6a48	ui/generated/widgets/frontend/aar/aarrewardchallengetiers.lua
d8ecea5964c8e85	ui/generated/widgets/frontend/aar/aarrewardcontainer.lua
8b91501cd84b573	ui/generated/widgets/frontend/aar/aarrewardheader.lua
bab4f9c7fbfb265	ui/generated/widgets/frontend/aar/aarrewarditem.lua
c362698f7a17c31	ui/generated/widgets/frontend/aar/aarrewarditemdescription.lua
67aba800b778428	ui/generated/widgets/frontend/aar/aarrewarditemlarge.lua
c472643b34eb39b	ui/generated/widgets/frontend/aar/aarrewards.lua
122343c30a96208	ui/generated/widgets/frontend/aar/aarscoreboards.lua
7cb99591f1a3ab9	ui/generated/widgets/frontend/aar/aarseasonaleventeventplus.lua
8348d5dfad52634	ui/generated/widgets/frontend/aar/aarseasonaleventpoints.lua
ff62cceb07a7254	ui/generated/widgets/frontend/aar/aarstats.lua
bf1a2b378fc7973	ui/generated/widgets/frontend/aar/aarstatsitem.lua
a2620691e465b43	ui/generated/widgets/frontend/aar/aarsummary.lua
61c5e7da3d08726	ui/generated/widgets/frontend/aar/aarsummaryheader.lua
57d1be115dc3293	ui/generated/widgets/frontend/aar/aarsummarylevel.lua
50bb94a7394da36	ui/generated/widgets/frontend/aar/aarsummarymatchresults.lua
da207b65d8268e2	ui/generated/widgets/frontend/aar/aarsummarymedal.lua
920a5a3ff6ae806	ui/generated/widgets/frontend/aar/aarsummarymedalscontainer.lua
3409fa66971506d	ui/generated/widgets/frontend/aar/aarsummarystat.lua
56598a2f9ef3159	ui/generated/widgets/frontend/aar/aarsummarystattile.lua
c526be91e81f47b	ui/generated/widgets/frontend/aar/aarsummarystattilerow.lua
6a7bc91f9cfb007	ui/generated/widgets/frontend/aar/aartextslam.lua
a57ae77e29942ed	ui/generated/widgets/frontend/aar/aarunlockdescription.lua
a5b3417a6a5a0c2	ui/generated/widgets/frontend/aar/aarunlockitem.lua
d2da9a956bcf74f	ui/generated/widgets/frontend/aar/aarunlockitemgunsmith.lua
4b0045edfa455c6	ui/generated/widgets/frontend/aar/aarunlockitemloadout.lua
c566cd9ccbaca5a	ui/generated/widgets/frontend/aar/aarunlockitemmisc.lua
7b02b64ea21a043	ui/generated/widgets/frontend/aar/aarunlockrow.lua
fe0fa63bcc6d56c	ui/generated/widgets/frontend/aar/aarunlockrowitem.lua
d2ee0f3104eb790	ui/generated/widgets/frontend/aar/aarunlockrownextlabel.lua
f1363fa86426b46	ui/generated/widgets/frontend/aar/aarunlocks.lua
cfd0b6ca186f117	ui/generated/widgets/frontend/aar/aarweaponofchoice.lua
1e52d9685bdd42b	ui/generated/widgets/frontend/aar/aarweaponunlockprogressbar.lua
140743746012f1b	ui/generated/widgets/frontend/aar/aarweaponunlockprogressbarprefil.lua
0265fb36a8d2a44	ui/generated/widgets/frontend/aar/aarweaponunlockprogression.lua
4f318a5763f99ea	ui/generated/widgets/frontend/aar/aarweaponunlockreward.lua
c56ce507ad7b389	ui/generated/widgets/frontend/aar/aarweaponunlockweapon.lua
611feda6e41a24c	ui/generated/widgets/frontend/aar/aarxpboosttag.lua
26d6ef1f392a12a	ui/generated/widgets/frontend/aar/aarxpelderprogression.lua
39d14aae7a122f2	ui/generated/widgets/frontend/aar/aarxpgain.lua
f8ac674a6b812ce	ui/generated/widgets/frontend/aar/aarxpreward.lua
27e023bd67140c0	ui/generated/widgets/frontend/aar/aarxpunlockprogression.lua
9db0fb3489f5899	ui/generated/widgets/frontend/aar/aarxpunlockprogressiondoublexp.lua
27a77f61719a66b	ui/generated/widgets/frontend/aar/aarxpunlockprogressiondoublexpcountdowngfx.lua
128f5f1ef5a8e17	ui/generated/widgets/frontend/aar/aarxpunlockprogressiondoublexptexts.lua
e7de76ca23c62b7	ui/generated/widgets/frontend/aar/aarxpunlockrank.lua
9f4c40051ba360e	ui/generated/widgets/frontend/aar/aarxpunlockreward.lua
15022530f708270	ui/generated/widgets/frontend/aar/braarparade.lua
bd314e6166ba77b	ui/generated/widgets/frontend/aar/braarrewardsbutton.lua
69a09a1cf103193	ui/generated/widgets/frontend/aar/braarsummary.lua
b773dbae24b6865	ui/generated/widgets/frontend/armory/armoryclasswidget.lua
b1036d6f2d9180c	ui/generated/widgets/frontend/armory/armoryitembutton.lua
8e3bfb28ce44c65	ui/generated/widgets/frontend/armory/armoryloadoutdetails.lua
f1b6ce4f8e4e50d	ui/generated/widgets/frontend/armory/armorytextdivider.lua
4401ea14a2a8898	ui/generated/widgets/frontend/armory/blueprinttag.lua
272df775e3d9cb3	ui/generated/widgets/frontend/barracks/alreadyownedlabel.lua
60cb7a4b09e18e3	ui/generated/widgets/frontend/barracks/averageindicatorleft.lua
0d8273c7dd901a5	ui/generated/widgets/frontend/barracks/barracksbuttoncontexttip.lua
350e938132c1577	ui/generated/widgets/frontend/barracks/barracksbuttonmessaging.lua
89c24ac124d1300	ui/generated/widgets/frontend/barracks/barrackschallengecard.lua
ade8dd1a2e42117	ui/generated/widgets/frontend/barracks/barrackschallengecarditem.lua
6baf4798c3e4d18	ui/generated/widgets/frontend/barracks/barrackschallengedetails.lua
cdcc762b9f8525d	ui/generated/widgets/frontend/barracks/barrackschallengeitem.lua
e649eaba684fc79	ui/generated/widgets/frontend/barracks/barrackschallengeitemmission.lua
d2f72fa43c74e65	ui/generated/widgets/frontend/barracks/barrackschallengeitemweek.lua
a687f97b68af5dd	ui/generated/widgets/frontend/barracks/barrackschallengeitemxp.lua
49481d1957c206e	ui/generated/widgets/frontend/barracks/barrackschallengemissiondetails.lua
2a46c343007a41c	ui/generated/widgets/frontend/barracks/barrackschallengemissiondetailspips.lua
2a345e1353ddc80	ui/generated/widgets/frontend/barracks/barrackschallengesdaily.lua
34dc87cfcf91080	ui/generated/widgets/frontend/barracks/barrackschallengesmissions.lua
bb336adef270199	ui/generated/widgets/frontend/barracks/barrackschallengessummary.lua
a578d0df6f448fc	ui/generated/widgets/frontend/barracks/barrackschallengestatus.lua
0f398209500ad89	ui/generated/widgets/frontend/barracks/barrackschallengestatuslockbanner.lua
ec4a2518cef210c	ui/generated/widgets/frontend/barracks/barrackschallengesweekly.lua
0fef0113f71ed6c	ui/generated/widgets/frontend/barracks/barrackscustomizesummary.lua
87a1aef3d01cb9f	ui/generated/widgets/frontend/barracks/barrackscustomizeunlockcount.lua
c726422f9d49858	ui/generated/widgets/frontend/barracks/barracksenterprestigebutton.lua
36323805f529c9c	ui/generated/widgets/frontend/barracks/barracksheader.lua
8b906b8c35dd5f0	ui/generated/widgets/frontend/barracks/barracksquickaccesslabel.lua
c0d4b94301ceb43	ui/generated/widgets/frontend/barracks/barracksupsellpurchasebutton.lua
22f9e92a8de0e5e	ui/generated/widgets/frontend/barracks/challengeitemrerollbutton.lua
f34de47da14eeac	ui/generated/widgets/frontend/barracks/challengeitemrerollpopup.lua
96e71e1833e3154	ui/generated/widgets/frontend/barracks/combatrecordbuttons.lua
88dcedb6f868a49	ui/generated/widgets/frontend/barracks/combatrecordstatsgroup.lua
360ad475e588a3b	ui/generated/widgets/frontend/barracks/emptychallengenotification.lua
ead9fff67461b4f	ui/generated/widgets/frontend/barracks/gamestatbar.lua
ae2490d39de3c0f	ui/generated/widgets/frontend/barracks/gamestatswidget.lua
2f9294dbed16a8b	ui/generated/widgets/frontend/barracks/infilcontextualinfo.lua
46955e0d457945b	ui/generated/widgets/frontend/barracks/lastgamestats.lua
f8e63f9502e6a99	ui/generated/widgets/frontend/barracks/mpbarracksimagebutton.lua
f42ea95bae01eab	ui/generated/widgets/frontend/barracks/mpbarracksmenu.lua
6cb166481fa803b	ui/generated/widgets/frontend/barracks/mpbarracksmenubutton.lua
c5b2d254f641cbe	ui/generated/widgets/frontend/barracks/pastgamesoverview.lua
09dde116997ee99	ui/generated/widgets/frontend/barracks/previousgamestatsbuttons.lua
81b22a6c79e51cd	ui/generated/widgets/frontend/barracks/progressionunlock.lua
5ab8471040a81fb	ui/generated/widgets/frontend/barracks/progressionunlockfriendcard.lua
7f85abb01de3523	ui/generated/widgets/frontend/barracks/progressionunlockfriendline.lua
a775c54c0431639	ui/generated/widgets/frontend/barracks/progressionunlockfriendscontainer.lua
f7e1b05331fb1f6	ui/generated/widgets/frontend/barracks/progressionunlockfriendslist.lua
7d46c0fe8a3add8	ui/generated/widgets/frontend/barracks/progressionunlockfriendspopup.lua
fd4a6aafacff1f8	ui/generated/widgets/frontend/barracks/progressionunlockmasterycard.lua
ea9375a37d26e39	ui/generated/widgets/frontend/barracks/progressionunlocktile.lua
59f203c75ab6e70	ui/generated/widgets/frontend/barracks/progressionunlocktilebase.lua
2677e891df967c8	ui/generated/widgets/frontend/barracks/progressionunlocktilecontainer.lua
a976abd51d6ed8f	ui/generated/widgets/frontend/barracks/ranktab.lua
df228b7d20d69d5	ui/generated/widgets/frontend/barracks/trackednearbarrackschallengeitem.lua
9ea97e76de54572	ui/generated/widgets/frontend/barracks/unlockslootitem.lua
16efd9dd4dbf451	ui/generated/widgets/frontend/barracks/unlockslootpanel.lua
41f25aa24eb3c8d	ui/generated/widgets/frontend/barracks/unlocksrankpanel.lua
ee70b89d0f84092	ui/generated/widgets/frontend/barracksiteminfo.lua
70a7ac5abd1bc92	ui/generated/widgets/frontend/battlemap/bundlepurchasepopup.lua
aa0fe1f2f0f713a	ui/generated/widgets/frontend/battlemap/codpointsbanner.lua
665991b9968b9e8	ui/generated/widgets/frontend/battlemap/codpointsbannerlayout.lua
a7addb5dfb752a9	ui/generated/widgets/frontend/battlenetstoredeveloppers.lua
a2f1093c276c413	ui/generated/widgets/frontend/battlenetstoreeditionimage.lua
a871d75758284fb	ui/generated/widgets/frontend/battlenetstoreitembutton.lua
b70eb62ae593927	ui/generated/widgets/frontend/battlenetstoreitemdescription.lua
cebc0ef20db0343	ui/generated/widgets/frontend/betacountdown.lua
e286635aac1dc2e	ui/generated/widgets/frontend/bo6premiumtag.lua
baa9e57aa827fc1	ui/generated/widgets/frontend/bo7premiumtag.lua
fc985152abea8c9	ui/generated/widgets/frontend/br/brcqlobbystatustracker.lua
f6aa80f428bee6f	ui/generated/widgets/frontend/br/brlobbyplaylistselectbutton.lua
6c36f41f3e51d08	ui/generated/widgets/frontend/br/brlobbyplaylistselectcontent.lua
ab5f96f7d112d35	ui/generated/widgets/frontend/br/brlobbyplaylistselectcontentpulse.lua
4e24afc379604a3	ui/generated/widgets/frontend/br/brlobbyplaylistsubbutton.lua
30af59ad09285ea	ui/generated/widgets/frontend/br/brplaylistmapimage.lua
9a2fb925f4a4412	ui/generated/widgets/frontend/br/brplaymenu.lua
a12ac4dd8c528c2	ui/generated/widgets/frontend/br/brplaymenumapdisplay.lua
0f1d0dfd0cf2be5	ui/generated/widgets/frontend/br/brplaymenusubbuttons.lua
f8421e655231ea3	ui/generated/widgets/frontend/br/brplaytutorialbutton.lua
9a4257df6e7a610	ui/generated/widgets/frontend/br/brpracticemodespopup.lua
f60ce2a30c6dd59	ui/generated/widgets/frontend/br/brpracticemodespopupbuttons.lua
6b2fbe9d98fb4fb	ui/generated/widgets/frontend/br/brprivatematchflowcreatejoin.lua
1c28708adeeb4b2	ui/generated/widgets/frontend/br/ingameaarprogressbar.lua
f9e7f0d923f9ec0	ui/generated/widgets/frontend/br/playlistcountdown.lua
1c4749470545e91	ui/generated/widgets/frontend/br/wzprivatematchsubbuttons.lua
324db5cf8508d47	ui/generated/widgets/frontend/br/xppremiumboost.lua
235f59f9af3df6e	ui/generated/widgets/frontend/bundlebutton.lua
6889d3ebb686e33	ui/generated/widgets/frontend/buttonfocusglow.lua
965036826e6f84d	ui/generated/widgets/frontend/cac/challengeinfo.lua
bb30db8d0d174f6	ui/generated/widgets/frontend/cac/challengeinfoitem.lua
042088ed2aaec4a	ui/generated/widgets/frontend/cac/cosmeticitemdetails.lua
93576724fe956af	ui/generated/widgets/frontend/cac/loadoutitemdetails.lua
60b07741a65af65	ui/generated/widgets/frontend/cac/unlockcriteria.lua
2ec712c5d776a82	ui/generated/widgets/frontend/cac/weaponattachmentsinfo.lua
835dc256eb085ea	ui/generated/widgets/frontend/cac/worldblurcacbacker.lua
21d49181036d056	ui/generated/widgets/frontend/cdlrestricted.lua
881d85107b7eec0	ui/generated/widgets/frontend/challengeplaylistcontainer.lua
64ed60d23af60c4	ui/generated/widgets/frontend/challengereward.lua
a78710e2b6febc5	ui/generated/widgets/frontend/challenges/armoryfilterpopup.lua
421aa03b8da5f5b	ui/generated/widgets/frontend/challenges/callingcardchallengesdetailspanel.lua
fcab2a515accdca	ui/generated/widgets/frontend/challenges/callingcardmasterchallengepips.lua
2944c5f7dbdd9f4	ui/generated/widgets/frontend/challenges/callingcardmasterchallengewidget.lua
bb15602bda576b6	ui/generated/widgets/frontend/challenges/camochallengebutton.lua
4a411c097561808	ui/generated/widgets/frontend/challenges/camochallengedetails.lua
21da1b5da9c21fc	ui/generated/widgets/frontend/challenges/camochallengesoverview.lua
1f46695abfe0d42	ui/generated/widgets/frontend/challenges/camochallengeunlockinfo.lua
4dfde6b860727c4	ui/generated/widgets/frontend/challenges/camopreviewchallenge.lua
70f1eeda4907c3e	ui/generated/widgets/frontend/challenges/challengecamopreview.lua
64e14c05ae8595b	ui/generated/widgets/frontend/challenges/challengedifficultywidget.lua
b00bc103c898cde	ui/generated/widgets/frontend/challenges/challengemenubuttons.lua
ef9a79c2c8f46b5	ui/generated/widgets/frontend/challenges/challengemenuinfopanel.lua
953a779c1819782	ui/generated/widgets/frontend/challenges/challengepopupdetails.lua
c131d3786375fcb	ui/generated/widgets/frontend/challenges/challengesinfopanel.lua
090e28e27a26e32	ui/generated/widgets/frontend/challenges/currentmasterchallenges.lua
cce359bf4a7a9a5	ui/generated/widgets/frontend/challenges/currentmasterchallengewidget.lua
1ec33bf5eda0d37	ui/generated/widgets/frontend/challenges/dailymultiplayerchallengeselect.lua
b801921995aceed	ui/generated/widgets/frontend/challenges/genericmenuheaderwithtimer.lua
e704b3e57b6bf21	ui/generated/widgets/frontend/challenges/masterchallengepip.lua
9fa07a66748e602	ui/generated/widgets/frontend/challenges/masterchallengesarrowbutton.lua
62436c0994f08e5	ui/generated/widgets/frontend/challenges/nearcompletionmasterybadge.lua
a283cad230a2a82	ui/generated/widgets/frontend/challenges/operatorchallengeselect.lua
93a3dc296309827	ui/generated/widgets/frontend/challenges/operatorfilterpopup.lua
041f1530609d848	ui/generated/widgets/frontend/challenges/playlistchallengecounter.lua
ce168d615000ff5	ui/generated/widgets/frontend/challenges/previewintelpopup.lua
54dd5bfffd80585	ui/generated/widgets/frontend/challenges/stickerbookcategorybutton.lua
dfe6612b01da421	ui/generated/widgets/frontend/challenges/stickerbookcategorywidget.lua
1289e445fa61be9	ui/generated/widgets/frontend/challenges/stickerbookclassification.lua
f40252b01622035	ui/generated/widgets/frontend/challenges/stickerbookclassificationbutton.lua
24b80538a13c1ac	ui/generated/widgets/frontend/challenges/stickerbookclassificationpercentcompletionwidget.lua
9929615d98321f1	ui/generated/widgets/frontend/challenges/stickerbookclassificationwidget.lua
55e2e6a04024216	ui/generated/widgets/frontend/challenges/stickerbookpercentcompletioncard.lua
e317fa860fcc0fd	ui/generated/widgets/frontend/challenges/stickerbooktopchallenge.lua
e28fe67eb36e266	ui/generated/widgets/frontend/challenges/weaponchallengeselect.lua
810d1f9d8b02ab7	ui/generated/widgets/frontend/challenges/weaponmasterbutton.lua
98d604d03ea1a75	ui/generated/widgets/frontend/challenges/weaponmastersummary.lua
fde83e5ba45f53e	ui/generated/widgets/frontend/challenges/weaponscasebutton.lua
05e7d43a810cecf	ui/generated/widgets/frontend/challenges/weeklychallengeselect.lua
ce1257e4d16ba2b	ui/generated/widgets/frontend/challenges/weeklychallengesseasonalrewarddetails.lua
4aa16f44bacdb9b	ui/generated/widgets/frontend/challenges/weeklychallengesseasonalrewardpanel.lua
80fe86240ece132	ui/generated/widgets/frontend/challenges/weeklychallengesweeklyrewarddetails.lua
6ed0dd451499c92	ui/generated/widgets/frontend/challenges/weeklychallengesweeklyrewardpanel.lua
ba44636129ee7db	ui/generated/widgets/frontend/challenges/winchallengechallengeselect.lua
4fe554c3e17e551	ui/generated/widgets/frontend/challenges/winchallengeunlockitem.lua
05483f6e0ac25ae	ui/generated/widgets/frontend/challengessharedmenu.lua
56c44c588a2ad0f	ui/generated/widgets/frontend/checkboxbutton.lua
09a5970e5214065	ui/generated/widgets/frontend/cinematicselectpreview.lua
78a14905ebdbc13	ui/generated/widgets/frontend/clientcharactercontainer.lua
1d13b692f451120	ui/generated/widgets/frontend/clientcharacterwidget.lua
bfb219b5c35ffb2	ui/generated/widgets/frontend/codaccount/codaccounteditbox.lua
38c063fd438f58b	ui/generated/widgets/frontend/codaccount/codaccounteditboxbase.lua
6fce2f10b8d7ca0	ui/generated/widgets/frontend/codaccount/interruptionaccountdeactivatedwidget.lua
ac9e826620bb40c	ui/generated/widgets/frontend/codaccount/interruptiongenericwidget.lua
63fc582baa5fd28	ui/generated/widgets/frontend/codaccount/interruptionparentalconsentwidget.lua
ac00ee595b683d4	ui/generated/widgets/frontend/codcaster/codcasterteamidentityinformation.lua
7b264407ece0a06	ui/generated/widgets/frontend/codcaster/codcasterteamsettingsportrait.lua
27923054fbaef9a	ui/generated/widgets/frontend/codcaster/codcasterteamsettingsportraitlist.lua
9e9eadd43f9a882	ui/generated/widgets/frontend/codcaster/esportslobbymatchinfobutton.lua
4db15efcd37f921	ui/generated/widgets/frontend/codhq/codhqbpstatus.lua
80691138239de0e	ui/generated/widgets/frontend/codhq/codhqbundleitem.lua
46275853b6a5120	ui/generated/widgets/frontend/codhq/codhqdropdownbackground.lua
4ddb1d305d58742	ui/generated/widgets/frontend/codhq/codhqgenericbuttonbackground.lua
2d0379ca5ae0807	ui/generated/widgets/frontend/codhq/codhqglobalplayerinfo.lua
9a812a4df17b272	ui/generated/widgets/frontend/codhq/codhqmenubutton.lua
140edf9c3da5620	ui/generated/widgets/frontend/codhq/codhqmenutitle.lua
2441cb72da65bdd	ui/generated/widgets/frontend/codhq/codhqpanelbackground.lua
f37c543128bd926	ui/generated/widgets/frontend/codhq/codhqrowquickselectbuttonbackground.lua
193b8353c2c1172	ui/generated/widgets/frontend/codhq/codhqwishlist.lua
af79dadf647c8db	ui/generated/widgets/frontend/codhq/underlinelabelicon.lua
a4e53e1e2f6f6a7	ui/generated/widgets/frontend/codpointsbasicdisplay.lua
a4625b0d98664d5	ui/generated/widgets/frontend/combatrecord/combatrecordfetchstatus.lua
4b83c2c907b4d2f	ui/generated/widgets/frontend/combatrecord/combatrecordlandingtab.lua
ff4a6db16fd8d7c	ui/generated/widgets/frontend/combatrecord/combatrecordmapstats.lua
791dfbc8167251d	ui/generated/widgets/frontend/combatrecord/combatrecordtopweaponsbutton.lua
a5a2d396905b382	ui/generated/widgets/frontend/combatrecord/mpcombatrecordlandingtab.lua
da1d4ae5db6db91	ui/generated/widgets/frontend/combatrecord/rpcombatrecordlandingtab.lua
91bb35c76e2cc98	ui/generated/widgets/frontend/combatrecord/rptopgametypes.lua
9cdca0107a8c4e2	ui/generated/widgets/frontend/combatrecord/rptopgametypestats.lua
b58afd0ee7b2bdb	ui/generated/widgets/frontend/combatrecord/statsinfopanel.lua
483b8b5160ed64a	ui/generated/widgets/frontend/combatrecord/statsinfopanelmedal.lua
fea68ddd52b4bbd	ui/generated/widgets/frontend/combatrecord/statsinfopaneltopweaponitem.lua
73ee58c27b17f08	ui/generated/widgets/frontend/combatrecord/statsinfopaneltopweaponstat.lua
07df4cd690393aa	ui/generated/widgets/frontend/combatrecord/wzcombatrecordlandingtab.lua
f45f73d30471dbe	ui/generated/widgets/frontend/combatrecord/zmcombatrecordlandingtab.lua
8d07269e6a1b413	ui/generated/widgets/frontend/combatrecord/zmsinglestatwidget.lua
98086fb60c365dd	ui/generated/widgets/frontend/combatrecord/zmstatshighestrounds.lua
0a94299852ea5d2	ui/generated/widgets/frontend/combatrecord/zmstatsquestinfo.lua
ab8c9e2399c626d	ui/generated/widgets/frontend/currencywidget.lua
43623d1b071b3d9	ui/generated/widgets/frontend/currentweekchallenges.lua
dc834c6f93836b6	ui/generated/widgets/frontend/customize/callingcardalltab.lua
26f431291d8a634	ui/generated/widgets/frontend/customize/callingcardbutton.lua
781404b4e95268d	ui/generated/widgets/frontend/customize/callingcardbuttoninset.lua
88586d431c12d31	ui/generated/widgets/frontend/customize/callingcardchallengebutton.lua
5f353dd298dd71c	ui/generated/widgets/frontend/customize/callingcardcollection.lua
9923d302e6dbfb4	ui/generated/widgets/frontend/customize/callingcardcollectionbacker.lua
750f73b7fcede06	ui/generated/widgets/frontend/customize/callingcardcollectionnew.lua
eaabaaa49464a11	ui/generated/widgets/frontend/customize/callingcardemptygrid.lua
089928c820ea30c	ui/generated/widgets/frontend/customize/callingcardequipoptionspopup.lua
eccd5ddc9af2694	ui/generated/widgets/frontend/customize/callingcardfilterpopup.lua
5c08f287b8c8aaf	ui/generated/widgets/frontend/customize/callingcardmasterycard.lua
0713ff1aa896f1f	ui/generated/widgets/frontend/customize/callingcardmasterycardnew.lua
af292aaa36fed36	ui/generated/widgets/frontend/customize/callingcardotherstab.lua
95266a58e04a2e0	ui/generated/widgets/frontend/customize/callingcardprestigetab.lua
6799d99395eeebe	ui/generated/widgets/frontend/customize/callingcardpreviewpanel.lua
3555fde203228f6	ui/generated/widgets/frontend/customize/callingcardpreviewpaneltier.lua
b908e32a9ab5f02	ui/generated/widgets/frontend/customize/callingcardshowcasestate.lua
df0d076747c5b24	ui/generated/widgets/frontend/customize/callingcardstandardtab.lua
bfeef2281b57aa2	ui/generated/widgets/frontend/customize/challengesselectprompt.lua
b6b900c03b624cd	ui/generated/widgets/frontend/customize/customizeinfopanel.lua
f38f7821c1818af	ui/generated/widgets/frontend/customize/customizemenubuttons.lua
a58c0d346599eb2	ui/generated/widgets/frontend/customize/customizeselectmenubutton.lua
8a0c5d8c8e7fb93	ui/generated/widgets/frontend/customize/customizesortingpopup.lua
f8206e09509c0cc	ui/generated/widgets/frontend/customize/darkopsstickerbookgrid.lua
07ac71c7c256184	ui/generated/widgets/frontend/customize/emblemsortfilterpopup.lua
3b54d60665814e6	ui/generated/widgets/frontend/customize/emotecustomizespraypreview.lua
9ed90774246f9c2	ui/generated/widgets/frontend/customize/emotedetailspanel.lua
e86f143710dc23a	ui/generated/widgets/frontend/customize/emotedpadbuttonfe.lua
d4b286d259cb2dc	ui/generated/widgets/frontend/customize/emotelistitemfe.lua
93db5e394b7e2ae	ui/generated/widgets/frontend/customize/emoteselectbutton.lua
0f10da04bc69421	ui/generated/widgets/frontend/customize/equippedemblemcallingcard.lua
e43ed8594ebddc8	ui/generated/widgets/frontend/customize/infilselectbutton.lua
dbdd9d9f888e92b	ui/generated/widgets/frontend/customize/infilselecttab.lua
848ac08013ca445	ui/generated/widgets/frontend/customize/playercardcollection.lua
bb953602426c0d5	ui/generated/widgets/frontend/customize/playercardcollectionbacker.lua
7d64404d4f5777c	ui/generated/widgets/frontend/customize/playercardmasterycard.lua
5513ebfb0f6df57	ui/generated/widgets/frontend/customize/playercardpreviewpanel.lua
8275614ee5562e4	ui/generated/widgets/frontend/customize/previewaudiobutton.lua
86f6a60b6dd920b	ui/generated/widgets/frontend/customize/profileinfopanel.lua
cf2419a32a5261e	ui/generated/widgets/frontend/customize/profileinfopanelheader.lua
eca794b3499c9da	ui/generated/widgets/frontend/customize/profileshowcase.lua
89612d7aaef9293	ui/generated/widgets/frontend/customize/radialcustomizationitempreview.lua
98c96a254c090cc	ui/generated/widgets/frontend/customize/radialcustomizationpopup.lua
b62527eaef5dcf9	ui/generated/widgets/frontend/customize/spraypreviewwidget.lua
da26b7a7ae9eeda	ui/generated/widgets/frontend/customize/stickerbookcard.lua
49aefd7f0b72cc8	ui/generated/widgets/frontend/customize/stickerbookcardpreviewpanel.lua
f66d8407edd8bd4	ui/generated/widgets/frontend/customize/stickerbookcollection.lua
2b9b94752630417	ui/generated/widgets/frontend/customize/stickerbookmasterycard.lua
92752e74f5f03a2	ui/generated/widgets/frontend/customize/vehicleselectbutton.lua
c3fa3e0f3fbfc61	ui/generated/widgets/frontend/customize/weaponinspecttooltip.lua
3ff7dfde9fa445a	ui/generated/widgets/frontend/customizemenu.lua
d999dff70e226f1	ui/generated/widgets/frontend/dailyloginreward/dailyloginrewardbundle.lua
21800ab6c0a6af4	ui/generated/widgets/frontend/dailyloginreward/dailyloginrewardbuttoncheckbox.lua
60d6878b06141d2	ui/generated/widgets/frontend/dailyloginreward/dailyloginrewardbuttoncontent.lua
fff9acf7c5f3a73	ui/generated/widgets/frontend/dailyloginreward/dailyloginrewardbuttonhighlight.lua
f2391f9eadd7999	ui/generated/widgets/frontend/dailyloginreward/dailyloginrewardhighlightinnerbutton.lua
d42d9dc31a13daf	ui/generated/widgets/frontend/dailyloginreward/dailyloginrewarditems.lua
9f2acd34f10ec24	ui/generated/widgets/frontend/dailyloginreward/dailyloginrewardlootimage.lua
d969c00ac42a9c3	ui/generated/widgets/frontend/dailyloginreward/dailyloginrewardministore.lua
e7a256cf3dd46f3	ui/generated/widgets/frontend/dailyloginreward/dailyloginrewardtag.lua
06c7bef6fff2c5d	ui/generated/widgets/frontend/dailyloginreward/dailyloginrewardtitle.lua
f251ff61de2eed1	ui/generated/widgets/frontend/datasourcebundleprompt.lua
95ad13c432910c1	ui/generated/widgets/frontend/datasourcebuttonhighlight.lua
cc2ac8b960503b3	ui/generated/widgets/frontend/datasourcebuttonhighlightprompt.lua
7c85d5fcb42768a	ui/generated/widgets/frontend/datasourcecheckbox.lua
bf16224db629679	ui/generated/widgets/frontend/datasourceprogressbar.lua
0d18a847e803292	ui/generated/widgets/frontend/depot/battlepassbutton.lua
1c9696844e3184a	ui/generated/widgets/frontend/depot/battlepassflare.lua
d9df1f4be250ad6	ui/generated/widgets/frontend/depot/battlepassfreebanner.lua
ee60396dacfb66c	ui/generated/widgets/frontend/depot/battlepassseasonresetstatus.lua
2af39b533c00536	ui/generated/widgets/frontend/depot/battlepasstieritemimage.lua
b3469cee94934ec	ui/generated/widgets/frontend/depot/battlepasstierpanel.lua
63128483075d9b3	ui/generated/widgets/frontend/depot/battlepasstierprogressionloot.lua
593b9c58a00b545	ui/generated/widgets/frontend/depot/battlepassunlockitem.lua
91c22f549eaff93	ui/generated/widgets/frontend/depot/callingcardfocuswidget.lua
439d7b0942236b4	ui/generated/widgets/frontend/depot/item2x1wide.lua
7b3738c7a65be11	ui/generated/widgets/frontend/depot/item2x2square.lua
311efd3b5113877	ui/generated/widgets/frontend/depot/item3x1wide.lua
8e9553e947bee5f	ui/generated/widgets/frontend/depot/itematom.lua
f45ac815e331e6f	ui/generated/widgets/frontend/depot/itemcompact.lua
b127c2dcc234e75	ui/generated/widgets/frontend/depot/itemsquare.lua
fe9bd4feb562b35	ui/generated/widgets/frontend/depot/itemtall.lua
aa54314fe6cfecf	ui/generated/widgets/frontend/depot/limitedtimeitem.lua
f04dbeef0293a16	ui/generated/widgets/frontend/depot/lootitemcard.lua
70fd419cd991486	ui/generated/widgets/frontend/depot/lootitemcardflare.lua
01f8efe0e634891	ui/generated/widgets/frontend/depot/lootitemcardmini.lua
7af786837ae040d	ui/generated/widgets/frontend/depot/lootitemimage.lua
5bd08b84a0a662c	ui/generated/widgets/frontend/depot/magmaupsellfullscreenpopup.lua
45f5e1f4509ee14	ui/generated/widgets/frontend/depot/mpbillboardmenubutton.lua
3cb3d2ffd68fc6a	ui/generated/widgets/frontend/depot/mpdepotmenuhorizontalbuttons.lua
a279e3d622ffe5c	ui/generated/widgets/frontend/depot/mpdepotmenuverticalbuttons.lua
62575f2d91f1036	ui/generated/widgets/frontend/depot/mpstoremenu.lua
f655be124e91b2e	ui/generated/widgets/frontend/depot/mybundlebillboardbutton.lua
af16d66a8bcc1df	ui/generated/widgets/frontend/depot/numberofitems.lua
4d77a8c32607782	ui/generated/widgets/frontend/depot/pricebutton.lua
53b39f2a25cf7a9	ui/generated/widgets/frontend/depot/pricebuttonsmall.lua
7a0de3201325032	ui/generated/widgets/frontend/depot/purchasebundlebutton.lua
fed1c272305ad0d	ui/generated/widgets/frontend/depot/purchasecpbutton.lua
33b70c874173101	ui/generated/widgets/frontend/depot/purchasecppopup.lua
80e46cafb2d0aa6	ui/generated/widgets/frontend/depot/purchasecppopupcontent.lua
7d8f1b348c62260	ui/generated/widgets/frontend/depot/purchasecppopupheader.lua
19154a53b84b1e2	ui/generated/widgets/frontend/depot/rarityinfo.lua
056237ca8985558	ui/generated/widgets/frontend/depot/viewbundlebutton.lua
27f4b26b424eefa	ui/generated/widgets/frontend/detailedweaponstatsdamagedistribution.lua
873e9b3bdb642e4	ui/generated/widgets/frontend/detailedweaponstatsdamagedistributionline.lua
b144830ac31374f	ui/generated/widgets/frontend/dualmenubutton.lua
a29ab3d7b28a9c3	ui/generated/widgets/frontend/earnratebuff.lua
0bdb7c5d58ac96e	ui/generated/widgets/frontend/emotemenulistitem.lua
8233756db3144c2	ui/generated/widgets/frontend/equipmentinventorybutton.lua
633a82f349d1270	ui/generated/widgets/frontend/equipmentinventorybuttonoverclockprompt.lua
2e736f757c4bc9a	ui/generated/widgets/frontend/equipmentskinitemdetails.lua
d0a51104bcf6c58	ui/generated/widgets/frontend/equippednotification.lua
72bba9e6dff093f	ui/generated/widgets/frontend/equippedwidget.lua
c43ad3436c54dcb	ui/generated/widgets/frontend/events/codpointsbalance.lua
1dee7159e881017	ui/generated/widgets/frontend/events/ministorecontainer.lua
4d63f37823388de	ui/generated/widgets/frontend/events/ministoreinputprompt.lua
795f5615838bc7e	ui/generated/widgets/frontend/events/purchasebundlespopup.lua
38dd6006cdaa2d3	ui/generated/widgets/frontend/events/purchasefeaturedeventbundlebutton.lua
291aa554b73596d	ui/generated/widgets/frontend/events/roundpip.lua
dd3ea64aa6dd6e3	ui/generated/widgets/frontend/events/seasonaleventschallenges.lua
9d30a342a5e93c8	ui/generated/widgets/frontend/events/seasonaleventseventselectionprogress.lua
e1ba5132575fa39	ui/generated/widgets/frontend/events/seasonaleventseventselectionprogressvisuals.lua
d1398c1b4910535	ui/generated/widgets/frontend/events/seasonaleventsfieldrepreward.lua
6b0f3c750f4618b	ui/generated/widgets/frontend/events/seasonaleventsingleeventmenu.lua
715232355ca3ec5	ui/generated/widgets/frontend/events/seasonaleventslootinfostack.lua
27fa950ea909b4c	ui/generated/widgets/frontend/events/seasonaleventsmenueventselection.lua
80ff4f286e3ed18	ui/generated/widgets/frontend/events/seasonaleventsmenueventselectionbutton.lua
73c0b21cee3cdc8	ui/generated/widgets/frontend/events/seasonaleventsstatpoints.lua
d7d21744f8a7d43	ui/generated/widgets/frontend/events/seasonaleventsstatuspanel.lua
a71dd7f8e56d38c	ui/generated/widgets/frontend/events/storebundlepreviewarrowbutton.lua
a173a451a02934b	ui/generated/widgets/frontend/events/storebundlepreviewwidget.lua
80d61bac4fa79d2	ui/generated/widgets/frontend/events/storebundlepurchaseoverlay.lua
0998f86e4d97d61	ui/generated/widgets/frontend/favoritednotification.lua
1d8a7e9dd8ee361	ui/generated/widgets/frontend/favoritesprompt.lua
63895ec46d2cf0e	ui/generated/widgets/frontend/featuredaccordionbutton.lua
3178fe88d467e8f	ui/generated/widgets/frontend/firingrangepausemenubutton.lua
38511034c3470ed	ui/generated/widgets/frontend/freetrialinfoblock.lua
ea1b5c51b71d315	ui/generated/widgets/frontend/freetrialupsell.lua
f245e49b77a4b5d	ui/generated/widgets/frontend/friendsignupbonus.lua
9b3cabfeb9bd5d6	ui/generated/widgets/frontend/friendsplayingcount.lua
73888e1214488a3	ui/generated/widgets/frontend/frontendfiringrangehud.lua
c294ed443eb3601	ui/generated/widgets/frontend/frontendinteractiveobjectbutton.lua
21661f968219db0	ui/generated/widgets/frontend/fullgameupsell.lua
95da259a3ba0513	ui/generated/widgets/frontend/fullmodaltabpopup.lua
81a545b3120c435	ui/generated/widgets/frontend/gamecompatibilitytags.lua
e6997af60f33093	ui/generated/widgets/frontend/gameinstallbutton.lua
5026b0242793145	ui/generated/widgets/frontend/gamemodeprompt.lua
90281925acdab98	ui/generated/widgets/frontend/gamemodeselect/modeselectmenu.lua
1a5f0f9791f69ff	ui/generated/widgets/frontend/genericbuttonlistflyin.lua
296e17158d93bf6	ui/generated/widgets/frontend/genericcontentpanel.lua
33761d6c8973ada	ui/generated/widgets/frontend/genericpopupactions.lua
7bc141bba1a74db	ui/generated/widgets/frontend/genericpopuplist.lua
00d2b02139476c9	ui/generated/widgets/frontend/gifting/gifteebutton.lua
b2e5107c9e3b5a9	ui/generated/widgets/frontend/gifting/giftingbutton.lua
c10fd23e00e33d1	ui/generated/widgets/frontend/gifting/giftinggifteeselectpanel.lua
f1266e007f78ff5	ui/generated/widgets/frontend/gifting/giftinginfopanel.lua
4cbf4d944fdab82	ui/generated/widgets/frontend/gifting/giftmessagebacker.lua
7ccf0e70828080e	ui/generated/widgets/frontend/gifting/giftreceivedcelebrationlayout.lua
dd993c0097964e5	ui/generated/widgets/frontend/gifting/giftsentcelebrationlayout.lua
2eb5812dcc42287	ui/generated/widgets/frontend/globalpaneleventbutton.lua
b4bffa7fb8ca88c	ui/generated/widgets/frontend/globalplayerinfo.lua
d44784dfc9038f4	ui/generated/widgets/frontend/globalplayerpanelprompt.lua
16cfd868ccf3a77	ui/generated/widgets/frontend/globalplayerprogression.lua
cf2057f0e07a60a	ui/generated/widgets/frontend/globalplayerprompt.lua
6bf96955035c25b	ui/generated/widgets/frontend/globalplayersocial.lua
26a0a8152a26e56	ui/generated/widgets/frontend/glowdistressedanimatedborder.lua
425e07089eedb89	ui/generated/widgets/frontend/glowdistressedstaticborder.lua
cf7c73b209ced10	ui/generated/widgets/frontend/halationbacker.lua
0e85e39e0f25666	ui/generated/widgets/frontend/header/headerstyle.lua
c47344d48d3695a	ui/generated/widgets/frontend/header/headerstylefui.lua
0c27b7f089a8e74	ui/generated/widgets/frontend/headerbackarrowlarge.lua
f77dd003c8efda2	ui/generated/widgets/frontend/headerglow.lua
8dc29e0022969aa	ui/generated/widgets/frontend/headquarters/clantagbutton.lua
74a2dba15b5fc6e	ui/generated/widgets/frontend/headquarters/combatrecordmultiplestatbox.lua
eb32cff19934e3a	ui/generated/widgets/frontend/headquarters/combatrecordstatbox.lua
491812e6e8681ca	ui/generated/widgets/frontend/hqfreetrialinfoblock.lua
7db395cd795ff2f	ui/generated/widgets/frontend/hqmainmenu.lua
af674e8f0d43ad4	ui/generated/widgets/frontend/hqmenugamebutton.lua
6622a1452906d60	ui/generated/widgets/frontend/hqmenugamebuttonbackground.lua
638033c2f144c54	ui/generated/widgets/frontend/hqmenugamerow.lua
46d62027b3d5028	ui/generated/widgets/frontend/hqmenugametag.lua
868901e8494eaea	ui/generated/widgets/frontend/hudcustomization/hudcustomizationdetail.lua
4877a9c8bfbd1a5	ui/generated/widgets/frontend/hudcustomization/hudcustomizationlayoutstab.lua
36bd340b9800f62	ui/generated/widgets/frontend/hudcustomization/hudcustomizationskinstab.lua
8b483b288a21820	ui/generated/widgets/frontend/hudcustomization/hudcustomizationthemestab.lua
22689d4f0bac36f	ui/generated/widgets/frontend/hudcustomization/hudcustomizationvisualstab.lua
c02e26be4784c88	ui/generated/widgets/frontend/iconwarningmessage.lua
7aa3b7ff4a92c82	ui/generated/widgets/frontend/imagetab.lua
9bc4a5f6d5ae2b6	ui/generated/widgets/frontend/installprogress.lua
0cccd98b336a243	ui/generated/widgets/frontend/installprogressbar.lua
1a72de92de95825	ui/generated/widgets/frontend/itemdetails.lua
e4fe908a3e5b4b4	ui/generated/widgets/frontend/itemdetailscontainer.lua
42cea0ea4d538c6	ui/generated/widgets/frontend/itemexchangelabel.lua
b03b38210d6d642	ui/generated/widgets/frontend/itemexchangepopup.lua
227be7d486f3001	ui/generated/widgets/frontend/leaderboard/leaderboardbutton.lua
4b13891c1369edd	ui/generated/widgets/frontend/leaderboard/leaderboarddatacell.lua
ff6e1756e0d7ff7	ui/generated/widgets/frontend/leaderboard/leaderboarddatarow.lua
08d3363df20c09b	ui/generated/widgets/frontend/leaderboard/leaderboardfilterbutton.lua
31a86b64bcc7884	ui/generated/widgets/frontend/leaderboard/leaderboardfilterflyout.lua
c1fe06bf3820522	ui/generated/widgets/frontend/leaderboard/leaderboardfilteroptionbutton.lua
64e157a4128246b	ui/generated/widgets/frontend/leaderboard/leaderboardfixeddatarow.lua
b9b5b3d436e1263	ui/generated/widgets/frontend/leaderboard/leaderboardfriendfilterbutton.lua
20c5c379becaa9d	ui/generated/widgets/frontend/leaderboard/leaderboardfriendsnapshot.lua
ac498b0e0dc94a7	ui/generated/widgets/frontend/leaderboard/leaderboardfriendsnapshotrow.lua
ca5ed1ef7b46be0	ui/generated/widgets/frontend/leaderboard/leaderboardgamemodebutton.lua
d3b6f9ea31613bd	ui/generated/widgets/frontend/leaderboard/leaderboardinfo.lua
ea5a2b445ffa111	ui/generated/widgets/frontend/leaderboard/leaderboardinfouserstats.lua
1a8f7366ddc65b3	ui/generated/widgets/frontend/leaderboard/leaderboardinfouserstatsentry.lua
f0e332c2e6461e2	ui/generated/widgets/frontend/leaderboard/leaderboardmenubackground.lua
61a66f583f8fb63	ui/generated/widgets/frontend/lightleaknoiseoverlay.lua
a975f50db4dcb7a	ui/generated/widgets/frontend/listspacer.lua
779a95787444bf5	ui/generated/widgets/frontend/lobby/arenapickupminimap.lua
f3d852e11baa2af	ui/generated/widgets/frontend/lobby/gamemodeicon.lua
ca3969a4e3f924f	ui/generated/widgets/frontend/lobby/gamemodesbackground.lua
5135d65382da6db	ui/generated/widgets/frontend/lobby/igrxpbonustip.lua
9f9042f2e24dd57	ui/generated/widgets/frontend/lobby/lobbyfilterbutton.lua
ca5d68c04ae37d9	ui/generated/widgets/frontend/lobby/lobbyinfo.lua
f37f51c9dd81317	ui/generated/widgets/frontend/lobby/lobbyinspectbutton.lua
7e73d82c722c48d	ui/generated/widgets/frontend/lobby/lobbyinspectmemberbutton.lua
b073501eb99824c	ui/generated/widgets/frontend/lobby/lobbylistheader.lua
e4ca407c3926a77	ui/generated/widgets/frontend/lobby/lobbymapvoteentry.lua
5092bef82bac8b7	ui/generated/widgets/frontend/lobby/lobbymapvoteentryveto.lua
a19c94002e87e4c	ui/generated/widgets/frontend/lobby/lobbymatchmakinginfoitem.lua
aa4521d68302e13	ui/generated/widgets/frontend/lobby/lobbymember.lua
451f433f2475e3f	ui/generated/widgets/frontend/lobby/lobbymembergrid.lua
16a758a3e7fe128	ui/generated/widgets/frontend/lobby/lobbymembergridemptyslot.lua
a2e12cc881aa063	ui/generated/widgets/frontend/lobby/lobbymembersfooter.lua
164bad46aa2f09b	ui/generated/widgets/frontend/lobby/lobbymicrophonestatus.lua
e9f5bbb27e62df2	ui/generated/widgets/frontend/lobby/lobbyonboardingmissionbutton.lua
2dc86d9ccf1f46e	ui/generated/widgets/frontend/lobby/lobbypartysettingsbutton.lua
cf587e50be3cf90	ui/generated/widgets/frontend/lobby/lobbyplayerlist.lua
d69ecfbd17ad7ef	ui/generated/widgets/frontend/lobby/lobbyplayerlistbottomspacerbutton.lua
52d69b3346cbb94	ui/generated/widgets/frontend/lobby/lobbyplayerlistbutton.lua
1f64d7aa248de59	ui/generated/widgets/frontend/lobby/lobbyplayerlisthelperbar.lua
b05ecee556c9199	ui/generated/widgets/frontend/lobby/lobbyplayerlistinvitebutton.lua
299e0b74b7855fa	ui/generated/widgets/frontend/lobby/lobbyplayerlistlabel.lua
30271c027d6a229	ui/generated/widgets/frontend/lobby/lobbyplayerlistpartyindicator.lua
0f1c80fd2440019	ui/generated/widgets/frontend/lobby/lobbyplayerlistplayer.lua
594c8edd9aa5125	ui/generated/widgets/frontend/lobby/lobbyplayerlistscrollable.lua
c3da1a55222d473	ui/generated/widgets/frontend/lobby/lobbyplayerlistsplitscreenmessage.lua
08b3f8101e018ee	ui/generated/widgets/frontend/lobby/lobbyplayerliststatus.lua
0d7eb7cfc39e6b5	ui/generated/widgets/frontend/lobby/lobbyplayerlistteamlabel.lua
677d4ad8fac7bbf	ui/generated/widgets/frontend/lobby/lobbyplayerlistteammember.lua
02cf3c6416a1f2e	ui/generated/widgets/frontend/lobby/lobbyplaylistdetail.lua
6091ecc9d5b0dd3	ui/generated/widgets/frontend/lobby/lobbyplaylistfiltereditem.lua
380ebf1aff0f344	ui/generated/widgets/frontend/lobby/lobbyplaylistfilteredmodes.lua
f428f3b6b5b643c	ui/generated/widgets/frontend/lobby/lobbyplaylistquickplaybutton.lua
1871c2f45855b43	ui/generated/widgets/frontend/lobby/lobbyplaylistselectbutton.lua
9aa48d5cc454dc5	ui/generated/widgets/frontend/lobby/lobbyplaylistselectinfotable.lua
54b674ff0bc1dfe	ui/generated/widgets/frontend/lobby/lobbyplaytab.lua
0fe5dc82c625807	ui/generated/widgets/frontend/lobby/lobbystartbutton.lua
d5c361ae6a33d27	ui/generated/widgets/frontend/lobby/lobbystatusbutton.lua
15a8e5609863f29	ui/generated/widgets/frontend/lobby/lobbystatuslayout.lua
09dafbed2fa986f	ui/generated/widgets/frontend/lobby/lobbystatuswidget.lua
47aa4af0d5c44d3	ui/generated/widgets/frontend/lobby/lobbytokensbutton.lua
c1ffe49d5f7bff5	ui/generated/widgets/frontend/lobby/ltminfomaps.lua
d75bf648b49c91e	ui/generated/widgets/frontend/lobby/ltminfomodes.lua
99b66f240c64947	ui/generated/widgets/frontend/lobby/mapdetails.lua
ced5ec680626070	ui/generated/widgets/frontend/lobby/mapvoting.lua
f355c5b46e35ff4	ui/generated/widgets/frontend/lobby/mapvotingbutton.lua
21ddfd34d50dfc6	ui/generated/widgets/frontend/lobby/mapvotingstat.lua
2628477198575f2	ui/generated/widgets/frontend/lobby/mapvotingstatscontainer.lua
840df94f166b5ca	ui/generated/widgets/frontend/lobby/modedetails.lua
984442decea9c78	ui/generated/widgets/frontend/lobby/operatorskincarousel.lua
979983691bf748f	ui/generated/widgets/frontend/lobby/operatorskincarouselitem.lua
4a452da55098b7e	ui/generated/widgets/frontend/lobby/privatematchlobbybuttons.lua
e1493a11a7fce18	ui/generated/widgets/frontend/lobby/privatematchlobbyplaymenu.lua
93c4dd314f7562b	ui/generated/widgets/frontend/lobby/privatematchlobbystartbutton.lua
b79cde059070bee	ui/generated/widgets/frontend/lobby/privatematchmodedetails.lua
160f90a040c8040	ui/generated/widgets/frontend/lobby/privatematchmodeselectbutton.lua
8f9346456b2fa13	ui/generated/widgets/frontend/lobby/privatematchpopup.lua
0861f4096700551	ui/generated/widgets/frontend/lobby/privatematchstartbutton.lua
0e594f68a268d43	ui/generated/widgets/frontend/lobby/returntoplaylistlistwz.lua
77639b8f28c7917	ui/generated/widgets/frontend/lobby/splitscreenprompt.lua
054933805df234d	ui/generated/widgets/frontend/lobby/trialbutton.lua
366516c3a7eb749	ui/generated/widgets/frontend/lobby/trialdetails.lua
680d1512633f06d	ui/generated/widgets/frontend/lobby/warzoneprivatematchinspectlobby.lua
65bb460d191619d	ui/generated/widgets/frontend/lobbycountdown.lua
46c799da5e36b71	ui/generated/widgets/frontend/lootitempreview.lua
0d90669e8fabf51	ui/generated/widgets/frontend/magmaupsellpurchasebutton.lua
64cdfcb5b318bf8	ui/generated/widgets/frontend/mainmenutabs.lua
1fad95a3fa433b3	ui/generated/widgets/frontend/matchdetails.lua
673a06dc9071d0b	ui/generated/widgets/frontend/matchmakings.lua
f2255c1be5b4614	ui/generated/widgets/frontend/matchmakingstatus.lua
b0cbfef0dc639b1	ui/generated/widgets/frontend/matchmakingstatuspip.lua
22a193fbbeed968	ui/generated/widgets/frontend/matchmakingstatuswidget.lua
4c9e76a7c9b57b7	ui/generated/widgets/frontend/menubuttonprompt.lua
17193da8cf8f8f5	ui/generated/widgets/frontend/menutitle.lua
0ef5e8b83659f96	ui/generated/widgets/frontend/menutitletext.lua
b2441169ad3e17d	ui/generated/widgets/frontend/missioncommandtile.lua
07b6254543e893c	ui/generated/widgets/frontend/missioncommandtilecontainer.lua
a80c729c53e6d60	ui/generated/widgets/frontend/missioncommandtilefactionprogress.lua
36c3447e8a64fb6	ui/generated/widgets/frontend/missioncommandtilefactionprogressline.lua
65f4a5f924af5c2	ui/generated/widgets/frontend/mp/activearmorylabel.lua
46b68a5741a7cdf	ui/generated/widgets/frontend/mp/announcervoice/announcervoiceselectbutton.lua
e6671b5eead44f7	ui/generated/widgets/frontend/mp/announcervoice/announcervoiceselectwidget.lua
6f8a687998eb7ea	ui/generated/widgets/frontend/mp/backpack.lua
adb894845fc7ae3	ui/generated/widgets/frontend/mp/backpackicon.lua
fe63da8d5396a76	ui/generated/widgets/frontend/mp/cas/acquisitionparserinfo.lua
4bbca5383f750b4	ui/generated/widgets/frontend/mp/cas/addnewloadoutmenu.lua
8e2d29468c54341	ui/generated/widgets/frontend/mp/cas/armorybacking.lua
38e4b5a028bc04b	ui/generated/widgets/frontend/mp/cas/armorybadge.lua
a088819231a2b12	ui/generated/widgets/frontend/mp/cas/attachmentprogressionbutton.lua
10b8e31937a42de	ui/generated/widgets/frontend/mp/cas/attachmentprogressionpreview.lua
76c3c15d9cdb8ed	ui/generated/widgets/frontend/mp/cas/blueprintbutton.lua
76a1cc23c86fa6a	ui/generated/widgets/frontend/mp/cas/blueprintstorebutton.lua
7adb07369c1c0be	ui/generated/widgets/frontend/mp/cas/camocategorybutton.lua
810d59d2656117a	ui/generated/widgets/frontend/mp/cas/camocategorybuttonpreview.lua
6206393e8d1bf63	ui/generated/widgets/frontend/mp/cas/camochallenge.lua
28339cb534dc8c1	ui/generated/widgets/frontend/mp/cas/camochallengeinforow.lua
2a12692b8a717c0	ui/generated/widgets/frontend/mp/cas/camochallenges.lua
20eedfee254ae58	ui/generated/widgets/frontend/mp/cas/camoprerequisiteinfo.lua
0ce0dd6ba25d894	ui/generated/widgets/frontend/mp/cas/camotitle.lua
3842189e8f5ffff	ui/generated/widgets/frontend/mp/cas/cooldowninfo.lua
d5a27d7752c427b	ui/generated/widgets/frontend/mp/cas/cosmeticchallenges.lua
738014f37fe33f6	ui/generated/widgets/frontend/mp/cas/diamondcamotracker.lua
3d4cb8995b0511e	ui/generated/widgets/frontend/mp/cas/editloadoutbutton.lua
626bfedf40ce896	ui/generated/widgets/frontend/mp/cas/equipmentbutton.lua
284f79955b696fd	ui/generated/widgets/frontend/mp/cas/equippedperkplaystylebonus.lua
43ce161e3f7c494	ui/generated/widgets/frontend/mp/cas/equippedperkplaystylebonusicon.lua
3bb494dde77be22	ui/generated/widgets/frontend/mp/cas/equippedstreaks.lua
9dbd0b4eaec3019	ui/generated/widgets/frontend/mp/cas/extrafieldupgradeequippedinfo.lua
06d5773f2c1c758	ui/generated/widgets/frontend/mp/cas/featuredbuttonbackground.lua
e9b85bf549e8357	ui/generated/widgets/frontend/mp/cas/fieldupgradesbutton.lua
5bf4c647dfce936	ui/generated/widgets/frontend/mp/cas/fieldupgradesbuttonbase.lua
2ebefce9f6c3209	ui/generated/widgets/frontend/mp/cas/highrollerequippedstreak.lua
783b3293390a062	ui/generated/widgets/frontend/mp/cas/itemdetailpanel.lua
eed6de5fa74d678	ui/generated/widgets/frontend/mp/cas/largeattachment.lua
dc6b82eee36be69	ui/generated/widgets/frontend/mp/cas/loadoutcopyreplace.lua
f401544dd80053e	ui/generated/widgets/frontend/mp/cas/loadouteditbutton.lua
2952624e01a369f	ui/generated/widgets/frontend/mp/cas/loadoutgunsmithbutton.lua
2ba4ec0a041e9e5	ui/generated/widgets/frontend/mp/cas/loadoutitembutton.lua
dcc71206bef5e3d	ui/generated/widgets/frontend/mp/cas/loadoutitembuttonbackground.lua
480c97c603c1555	ui/generated/widgets/frontend/mp/cas/loadoutitemperkbutton.lua
7c35a5a7e0a028c	ui/generated/widgets/frontend/mp/cas/loadoutitemweaponcontainer.lua
8259bbe7d574c21	ui/generated/widgets/frontend/mp/cas/loadoutoptionsbuttons.lua
50d9069ecf594b9	ui/generated/widgets/frontend/mp/cas/loadoutoptionsheader.lua
bb762371314e2c6	ui/generated/widgets/frontend/mp/cas/loadoutoptionspopup.lua
149d139ead5b14f	ui/generated/widgets/frontend/mp/cas/loadoutselectbuttons.lua
a6088df431f18ae	ui/generated/widgets/frontend/mp/cas/loadoutselectbuttonsbase.lua
6f52dc34c9ae052	ui/generated/widgets/frontend/mp/cas/loadoutweaponbutton.lua
0e36c7ba3f67ff0	ui/generated/widgets/frontend/mp/cas/loadoutweaponcluster.lua
1f97d38926a01f1	ui/generated/widgets/frontend/mp/cas/loadoutweaponclusterbase.lua
b9615109b62a175	ui/generated/widgets/frontend/mp/cas/miniattachments.lua
d47521aa114b824	ui/generated/widgets/frontend/mp/cas/operatorexecutionbutton.lua
9e4373d708c24a2	ui/generated/widgets/frontend/mp/cas/perkbutton.lua
75fbc1261f38af4	ui/generated/widgets/frontend/mp/cas/perkdetails.lua
963cf2167cbe184	ui/generated/widgets/frontend/mp/cas/perkinfolabel.lua
ac6744005d26aef	ui/generated/widgets/frontend/mp/cas/perkplaystyleactivebonusicon.lua
cdb8cfd85a354d4	ui/generated/widgets/frontend/mp/cas/previewweaponprompt.lua
3113d3ec16c21ca	ui/generated/widgets/frontend/mp/cas/progressionitembutton.lua
674bc0abedf0521	ui/generated/widgets/frontend/mp/cas/protunedentrytag.lua
48ec66cb3559eb1	ui/generated/widgets/frontend/mp/cas/raritywidget.lua
8cada46fd2ef770	ui/generated/widgets/frontend/mp/cas/rechargeratebase.lua
f1268f81457a4c1	ui/generated/widgets/frontend/mp/cas/rechargeratewidget.lua
83bb188c35cbe73	ui/generated/widgets/frontend/mp/cas/restrictiongunsmithwarning.lua
360a0a5fa95ebe4	ui/generated/widgets/frontend/mp/cas/secondaryweaponbutton.lua
7b50f25815b18a4	ui/generated/widgets/frontend/mp/cas/streakbutton.lua
93f39ecd502b3b8	ui/generated/widgets/frontend/mp/cas/streakcategory.lua
d84028eb43e0db0	ui/generated/widgets/frontend/mp/cas/streakcostbase.lua
3e1ee2acb28c101	ui/generated/widgets/frontend/mp/cas/streakcostwidget.lua
34d3d48724c815a	ui/generated/widgets/frontend/mp/cas/streakequippedslots.lua
8bc9b676fbc75a7	ui/generated/widgets/frontend/mp/cas/streakequippedstack.lua
5bf0b465ed869ac	ui/generated/widgets/frontend/mp/cas/streakinfo.lua
83b56b55f4efd86	ui/generated/widgets/frontend/mp/cas/streakinfopanel.lua
715fab386cf9928	ui/generated/widgets/frontend/mp/cas/streakkillcategory.lua
104c9e74b82d748	ui/generated/widgets/frontend/mp/cas/streakscoreinfopanel.lua
3728ed04168f3b0	ui/generated/widgets/frontend/mp/cas/streaktablet.lua
b15284512772b01	ui/generated/widgets/frontend/mp/cas/swapstreakpreview.lua
23d32e124666ba5	ui/generated/widgets/frontend/mp/cas/trackednearcamotab.lua
5aaf641042a26d2	ui/generated/widgets/frontend/mp/cas/uniquecamounlocks.lua
0dfcfc4729f0fe7	ui/generated/widgets/frontend/mp/cas/weaponattributes.lua
07a70f6a08e0d30	ui/generated/widgets/frontend/mp/cas/weaponattributesbar.lua
cff50f87681673d	ui/generated/widgets/frontend/mp/cas/weaponbranding.lua
2c96fade2e3a037	ui/generated/widgets/frontend/mp/cas/weaponbrandlist.lua
43c9f1de85bd3ae	ui/generated/widgets/frontend/mp/cas/weaponbutton.lua
9f13c401b613261	ui/generated/widgets/frontend/mp/cas/weaponbuttongroup.lua
3ed16917d431973	ui/generated/widgets/frontend/mp/cas/weaponchallengeunlock.lua
b774b40342fbf28	ui/generated/widgets/frontend/mp/cas/weaponlevel.lua
483aef796480859	ui/generated/widgets/frontend/mp/cas/weaponlevelbar.lua
cf3a230f05efae2	ui/generated/widgets/frontend/mp/cas/weaponlockerbutton.lua
4220ad03c9c4b63	ui/generated/widgets/frontend/mp/cas/weaponmasterypanel.lua
4e752e03ea197bb	ui/generated/widgets/frontend/mp/cas/weaponprestigecamoselect.lua
0890759fc2b3bfd	ui/generated/widgets/frontend/mp/cas/weaponprogressionbutton.lua
ded7717418f5357	ui/generated/widgets/frontend/mp/cdlrestrictiontag.lua
438b0472268fa13	ui/generated/widgets/frontend/mp/cpmissionrewarditem.lua
cd12ea2085d81b9	ui/generated/widgets/frontend/mp/cpmissionrewards.lua
85fbadca3f20fe3	ui/generated/widgets/frontend/mp/cpmissionxprewarditem.lua
c056af1632baa4c	ui/generated/widgets/frontend/mp/detailcodcastersupport.lua
eaa52be65ed3327	ui/generated/widgets/frontend/mp/dmz/dmzbasechallengeobjectives.lua
745f316127916cc	ui/generated/widgets/frontend/mp/dmz/dmzbasechallengereward.lua
91e3562d1478d51	ui/generated/widgets/frontend/mp/dmz/dmzbaselockedchallenge.lua
311a949081055b9	ui/generated/widgets/frontend/mp/dmz/dmzcashslotmodifierbutton.lua
2faecc998feb2be	ui/generated/widgets/frontend/mp/dmz/dmzfactiontabpremiumbacking.lua
2f50614c62019dd	ui/generated/widgets/frontend/mp/dmz/dmzfactiontabs.lua
066815b79c922a8	ui/generated/widgets/frontend/mp/dmz/dmzinsuredlockdata.lua
37330f0c8517a42	ui/generated/widgets/frontend/mp/dmz/dmzitemslotcorners.lua
d681e1f7e68fa82	ui/generated/widgets/frontend/mp/dmz/dmzkeybutton.lua
d5088b01d4a604b	ui/generated/widgets/frontend/mp/dmz/dmzkeycondition.lua
fe968575b499222	ui/generated/widgets/frontend/mp/dmz/dmznextbutton.lua
87b4107ff16b34f	ui/generated/widgets/frontend/mp/dmz/dmznotebutton.lua
89636c0a2028ccb	ui/generated/widgets/frontend/mp/dmz/dmzonsoldieritem.lua
d9010aaa3788ef8	ui/generated/widgets/frontend/mp/dmz/dmzselectedmission.lua
8baa6d1901f8143	ui/generated/widgets/frontend/mp/dmz/dmzselectedmissionobjective.lua
7bbeeec3f347a20	ui/generated/widgets/frontend/mp/dmz/dmzselectedmissionobjectives.lua
30b19ad195932f3	ui/generated/widgets/frontend/mp/dmz/dmzselectedmissionoverview.lua
702be2f7d44cd31	ui/generated/widgets/frontend/mp/dmz/dmzselectedmissionoverviewrewards.lua
091eae02b8fb79c	ui/generated/widgets/frontend/mp/dmz/dmzselectedmissionrewards.lua
7a6d398f1aaa938	ui/generated/widgets/frontend/mp/dmz/dmzselectedmissionscount.lua
f0a6230f0fef903	ui/generated/widgets/frontend/mp/dmz/dmztaskempty.lua
6815b713fcaa50d	ui/generated/widgets/frontend/mp/dmz/dmztaskprogress.lua
bf528fff3b8dddf	ui/generated/widgets/frontend/mp/dmz/factionrepincrease.lua
89783697a72185a	ui/generated/widgets/frontend/mp/dmz/inventoryitemkey.lua
0e23bdf7ac82ff7	ui/generated/widgets/frontend/mp/dmz/inventoryitemweapon.lua
bd1c0d1ee8e6789	ui/generated/widgets/frontend/mp/dmz/inventoryquantity.lua
dbfa3b07f3bf720	ui/generated/widgets/frontend/mp/dmz/pmctag.lua
829bc63535966b9	ui/generated/widgets/frontend/mp/dmz/replacestashpopup.lua
003bf402835ce02	ui/generated/widgets/frontend/mp/dmz/stashpopupitem.lua
bfbd34825b091a7	ui/generated/widgets/frontend/mp/dmz/weaponscasepreview.lua
1e82809268e18ea	ui/generated/widgets/frontend/mp/elderprogression/elderprogressionchallengedetails.lua
7887e00c512578d	ui/generated/widgets/frontend/mp/elderprogression/elderprogressionemblempanel.lua
d246b6ff06089c4	ui/generated/widgets/frontend/mp/elderprogression/elderprogressionprogressnode.lua
e487b4bbbfbce41	ui/generated/widgets/frontend/mp/elderprogression/elderprogressionrankpanel.lua
7f6888205d6d2c7	ui/generated/widgets/frontend/mp/elderprogression/radialrankprogressbar.lua
6536d1cc4cc7e43	ui/generated/widgets/frontend/mp/elderprogressionribbon.lua
ef5a25dc8f3c8fa	ui/generated/widgets/frontend/mp/emblemeditor/emblembutton.lua
09b9d0bd436a582	ui/generated/widgets/frontend/mp/eventbanner.lua
92507886ff1434d	ui/generated/widgets/frontend/mp/firingrange/firingrangeprompt.lua
e65b7127923b945	ui/generated/widgets/frontend/mp/gamemodedetails.lua
6afbbd6d452156c	ui/generated/widgets/frontend/mp/gamesetupbuttons.lua
916a1009dd121ef	ui/generated/widgets/frontend/mp/gamesetupcategoryoptions.lua
80171f8218caba3	ui/generated/widgets/frontend/mp/itemslot.lua
ea9296fbc7eced8	ui/generated/widgets/frontend/mp/loadoutitemslots.lua
593581f188df03d	ui/generated/widgets/frontend/mp/lobby/brfeaturebutton.lua
c387995dccd6956	ui/generated/widgets/frontend/mp/lobby/brgamemodeplaybutton.lua
7745ec65d0954a3	ui/generated/widgets/frontend/mp/lobby/brplaybutton.lua
48251cd751f59eb	ui/generated/widgets/frontend/mp/lobby/brplaylistbutton.lua
3359c934831240d	ui/generated/widgets/frontend/mp/lobby/brpromotedbutton.lua
06e4267c462d08b	ui/generated/widgets/frontend/mp/lobby/lobbybattleroyale.lua
d86951f8e607f88	ui/generated/widgets/frontend/mp/lobby/lobbybattleroyalebuttons.lua
315f2bed32a9b1e	ui/generated/widgets/frontend/mp/lobby/lobbybattleroyalefilltypebutton.lua
0c0aef4275a3b7a	ui/generated/widgets/frontend/mp/lobby/lobbybattleroyalegamemodebutton.lua
f823ba4b89ad80e	ui/generated/widgets/frontend/mp/lobby/lobbybattleroyalegamesetup.lua
f924c526c1fe458	ui/generated/widgets/frontend/mp/lobby/lobbycharacterdetails.lua
6950acf2dc99b67	ui/generated/widgets/frontend/mp/lobby/lobbyflowwidget.lua
06d4202c06c1132	ui/generated/widgets/frontend/mp/lobby/lobbyfocusarrow.lua
dc9738e28419ff8	ui/generated/widgets/frontend/mp/lobby/lobbygamertagplayerlong.lua
c0d9b151c329ce0	ui/generated/widgets/frontend/mp/lobby/lobbyindividualmatchmade.lua
096ae15dca38de0	ui/generated/widgets/frontend/mp/lobby/lobbylpcmatchmade.lua
549247dbcec14a3	ui/generated/widgets/frontend/mp/lobby/lobbymap.lua
f0cb33677ce6433	ui/generated/widgets/frontend/mp/lobby/lobbymapbutton.lua
278774d4330351e	ui/generated/widgets/frontend/mp/lobby/lobbymatchoperatordetails.lua
4cfeeee302d0d17	ui/generated/widgets/frontend/mp/lobby/lobbyplunderintropopup.lua
16fbec7947fa91d	ui/generated/widgets/frontend/mp/lobby/lobbysmallteammatchmade.lua
45179f1c37888e6	ui/generated/widgets/frontend/mp/lobby/lobbystartmatchbutton.lua
6531f7765708e10	ui/generated/widgets/frontend/mp/lobby/lobbyteamdetails.lua
7d51c0ba4f772e1	ui/generated/widgets/frontend/mp/lobby/lobbyteamswitcher.lua
918d05eb3a6f17d	ui/generated/widgets/frontend/mp/lobby/lobbywarzoneintropopup.lua
fad1f469b74add7	ui/generated/widgets/frontend/mp/lobby/lobbywarzoneintrorewardspopup.lua
fc050e02ed56ce9	ui/generated/widgets/frontend/mp/lobby/matchmakinglobby.lua
4885d0a7eba40c7	ui/generated/widgets/frontend/mp/lobby/playercount.lua
d46416b04c16516	ui/generated/widgets/frontend/mp/lobby/searchingforlobby.lua
85c3eff2859337e	ui/generated/widgets/frontend/mp/lobby/warzoneprivatematchlobbyroles.lua
a2d07e6f334e6f2	ui/generated/widgets/frontend/mp/lobby/warzoneprivatematchsquadteam.lua
abdc637df33e510	ui/generated/widgets/frontend/mp/lobby/warzoneprivatematchsquadteammember.lua
d3df8a8a8d7574a	ui/generated/widgets/frontend/mp/missionbutton.lua
a444401873f1e14	ui/generated/widgets/frontend/mp/missioninfopanel.lua
5b054d8f8a208b2	ui/generated/widgets/frontend/mp/mpchallengeprogressbar.lua
21dcce4334d68ae	ui/generated/widgets/frontend/mp/mpmenubutton.lua
a50a7fe84bbf105	ui/generated/widgets/frontend/mp/mpmenuitemdetails.lua
3183ee8de5200ea	ui/generated/widgets/frontend/mp/mpplayerdetails.lua
5e9306539ba1438	ui/generated/widgets/frontend/mp/mpplayerrole.lua
f8f647a2b0c3d48	ui/generated/widgets/frontend/mp/obexfilstreakglow.lua
d588cee06aa767b	ui/generated/widgets/frontend/mp/outbreak/acquisitioninsuredbutton.lua
9ffcc230d1d0e1a	ui/generated/widgets/frontend/mp/outbreak/acquisitioninsuredbuttoncontainer.lua
6262bfecf1aeea1	ui/generated/widgets/frontend/mp/outbreak/acquisitioninventory.lua
bcc1a34f18390bf	ui/generated/widgets/frontend/mp/outbreak/acquisitionslotdetails.lua
72bbf90233d8cda	ui/generated/widgets/frontend/mp/outbreak/acquisitionstashdescription.lua
2f14008edf09f73	ui/generated/widgets/frontend/mp/outbreak/loadoutacquisitionbutton.lua
049830b51492e1e	ui/generated/widgets/frontend/mp/outbreak/obaarparade.lua
1b3f7d49b4f6818	ui/generated/widgets/frontend/mp/outbreak/obacquisitioninventorybutton.lua
477fe5998e4f8f4	ui/generated/widgets/frontend/mp/outbreak/obactpercent.lua
e2a8715c819aca7	ui/generated/widgets/frontend/mp/outbreak/obactselectbutton.lua
19a19ef86c7e0f3	ui/generated/widgets/frontend/mp/outbreak/obactstoryunlockprogress.lua
675770fa5bad007	ui/generated/widgets/frontend/mp/outbreak/obbackpackkeys.lua
db3522068ca83b9	ui/generated/widgets/frontend/mp/outbreak/obbackpacklandingpage.lua
0791681dda766f6	ui/generated/widgets/frontend/mp/outbreak/obbackpackprompts.lua
fe20ed980c4197f	ui/generated/widgets/frontend/mp/outbreak/obexfilstreakcard.lua
5f3b6f2dff2a34c	ui/generated/widgets/frontend/mp/outbreak/obexfilstreakcount.lua
1be75519d394244	ui/generated/widgets/frontend/mp/outbreak/obgenericbackpackslot.lua
d5327fcb202a955	ui/generated/widgets/frontend/mp/outbreak/obmissionselectbutton.lua
f6779fcdad80573	ui/generated/widgets/frontend/mp/outbreak/obpersistentoperatorbonus.lua
b04fe30ab4672e2	ui/generated/widgets/frontend/mp/outbreak/obselectedmission.lua
e47fdb2fad335b9	ui/generated/widgets/frontend/mp/outbreak/obselectedmissioncontainer.lua
683b4486ea657cc	ui/generated/widgets/frontend/mp/outbreak/obselectedmissioncontainerforact.lua
994569f5f018f92	ui/generated/widgets/frontend/mp/outbreak/obselectedmissionobjectives.lua
75229c417800183	ui/generated/widgets/frontend/mp/outbreak/obselectedmissionoverviewrewards.lua
b1a988791fb7ddd	ui/generated/widgets/frontend/mp/outbreak/obselectedmissionreward.lua
7166f104176b95b	ui/generated/widgets/frontend/mp/outbreak/zombiesselectedmissionobjective.lua
3a53eba2ca7c347	ui/generated/widgets/frontend/mp/playlistbuttonslim.lua
14452c5195e2779	ui/generated/widgets/frontend/mp/playmenu/anchoredplaymenurow.lua
0f67e874ea06020	ui/generated/widgets/frontend/mp/playmenu/basemenurow.lua
53d30b45643b281	ui/generated/widgets/frontend/mp/playmenu/cdlrow.lua
f4bb4af947897ad	ui/generated/widgets/frontend/mp/playmenu/gamemenurow.lua
e516115b4024651	ui/generated/widgets/frontend/mp/playmenu/mapsincluded.lua
de5352ed15b17f2	ui/generated/widgets/frontend/mp/playmenu/mapsincludeditem.lua
8f54547aa874b88	ui/generated/widgets/frontend/mp/playmenu/menutab.lua
00ea507afadb882	ui/generated/widgets/frontend/mp/playmenu/motdrow.lua
dd7675dd4080d53	ui/generated/widgets/frontend/mp/playmenu/newavailable.lua
038f77499402def	ui/generated/widgets/frontend/mp/playmenu/playmenu.lua
26588e71a0333d0	ui/generated/widgets/frontend/mp/playmenu/playmenubuttonrequiredplayers.lua
c7744b76238ebeb	ui/generated/widgets/frontend/mp/playmenu/playmenukeyart.lua
3c10ed196e32291	ui/generated/widgets/frontend/mp/playmenu/playmenuplaylistbutton.lua
a6708694324568b	ui/generated/widgets/frontend/mp/playmenu/playmenuplaylistbuttonoverlay.lua
3b070d26ffe6989	ui/generated/widgets/frontend/mp/playmenu/playmenurow.lua
13002af4eaefb48	ui/generated/widgets/frontend/mp/playmenu/playmenusidebutton.lua
802c22fde343b51	ui/generated/widgets/frontend/mp/playmenu/playmenutag.lua
afb41e8ed232daf	ui/generated/widgets/frontend/mp/playmenu/playmenutitle.lua
36ca3dc58d22745	ui/generated/widgets/frontend/mp/playmenu/playmenutitlewc.lua
cfc48256d06ac10	ui/generated/widgets/frontend/mp/playmenu/projectfiltertab.lua
e3bcd48fb8bc4e5	ui/generated/widgets/frontend/mp/playmenubutton.lua
355af32871dde91	ui/generated/widgets/frontend/mp/pmc/dmzbasebutton.lua
a3b8524fd1c71c2	ui/generated/widgets/frontend/mp/pmc/dmzbaseexpander.lua
25f62113ca71123	ui/generated/widgets/frontend/mp/pmc/dmzbaseexpandershowbutton.lua
255b40d697cf021	ui/generated/widgets/frontend/mp/pmc/dmzbaselist.lua
68085e4f164d5a8	ui/generated/widgets/frontend/mp/pmc/dmzbaseslider.lua
f0de6bf5f0a4178	ui/generated/widgets/frontend/mp/pmc/dmzbasesliderthumb.lua
8126243fb0a7c70	ui/generated/widgets/frontend/mp/pmc/pmcmissions.lua
90a4fabed724d63	ui/generated/widgets/frontend/mp/pmc/pmcmissionselectbutton.lua
26e9bc0f2396903	ui/generated/widgets/frontend/mp/pmc/pmcselectbutton.lua
57a1e12c49fe310	ui/generated/widgets/frontend/mp/pmc/swapmissionbutton.lua
745b1d4f0e77aa0	ui/generated/widgets/frontend/mp/pmc/swapmissionpreview.lua
96803ddf266408f	ui/generated/widgets/frontend/mp/previewcontrolslegend.lua
5a271df4884392d	ui/generated/widgets/frontend/mp/previewcontrolslegendelement.lua
4920185b7f2dc32	ui/generated/widgets/frontend/mp/printerstatus.lua
9ce129b6fe9c027	ui/generated/widgets/frontend/mp/privatematchpopupbuttons.lua
2d9c941795ce698	ui/generated/widgets/frontend/mp/progressionunlockitem.lua
686aaf0f992f8f1	ui/generated/widgets/frontend/mp/rankprogressionslot.lua
034c08386184c35	ui/generated/widgets/frontend/mp/recipecreatepopupbuttons.lua
768e8e5999ce3be	ui/generated/widgets/frontend/mp/recipeoptionspopup.lua
7848842f974a7f4	ui/generated/widgets/frontend/mp/splitscreenoperator.lua
bad2a47b6581021	ui/generated/widgets/frontend/mp/supportitemslots.lua
4d41fae0a247b45	ui/generated/widgets/frontend/mp/tokenbutton.lua
0e3cbf322a269b5	ui/generated/widgets/frontend/mp/tournament/bracketteam.lua
b9308d9a82afdd3	ui/generated/widgets/frontend/mp/tournament/bracketteamfinal.lua
9687eda7abc309f	ui/generated/widgets/frontend/mp/tournament/bracketteamleftside.lua
b7b32ff6bc88376	ui/generated/widgets/frontend/mp/tournament/bracketteamrightside.lua
a3014c2c4236a1c	ui/generated/widgets/frontend/mp/tournament/matchgroup.lua
92525ca3a01e869	ui/generated/widgets/frontend/mp/tournament/matchgroupfinals.lua
97894e2bfe4bf9a	ui/generated/widgets/frontend/mp/tournament/matchgroupleftside.lua
ceef8d2ee5e44d9	ui/generated/widgets/frontend/mp/tournament/matchgrouprightside.lua
2f4a35051823c57	ui/generated/widgets/frontend/mp/tournament/tournamentbannedpopup.lua
e48236178c16577	ui/generated/widgets/frontend/mp/tournament/tournamentduobracket.lua
1448e634f738081	ui/generated/widgets/frontend/mp/tournament/tournamentevent.lua
625cdd8681bcc4e	ui/generated/widgets/frontend/mp/tournament/tournamentfinalsbracket.lua
8a0cadc4259bcad	ui/generated/widgets/frontend/mp/tournament/tournamentloading.lua
adf178ebcc2390b	ui/generated/widgets/frontend/mp/tournament/tournamentlobbymember.lua
f186a1aaafad1d0	ui/generated/widgets/frontend/mp/tournament/tournamentlogo.lua
0763dd5bfb0bd4c	ui/generated/widgets/frontend/mp/tournament/tournamentmatchinfo.lua
d9c8135b672d4e3	ui/generated/widgets/frontend/mp/tournament/tournamentminiteamstatus.lua
da74f0d7e170abe	ui/generated/widgets/frontend/mp/tournament/tournamentplayernames.lua
8211f922e76f098	ui/generated/widgets/frontend/mp/tournament/tournamentplayerstatus.lua
57687de2e94258c	ui/generated/widgets/frontend/mp/tournament/tournamentquadbracket.lua
7a29972379c5e47	ui/generated/widgets/frontend/mp/tournament/tournamentrewarditem.lua
e610dc0acb45a74	ui/generated/widgets/frontend/mp/tournament/tournamentrewardpreview.lua
2e1b7cf4eecc5ac	ui/generated/widgets/frontend/mp/tournament/tournamentroundresult.lua
6d250bdb3f324ed	ui/generated/widgets/frontend/mp/tournament/tournamentroundtitle.lua
57bab7cc2746cbd	ui/generated/widgets/frontend/mp/tournament/tournamentsignupalpha.lua
c5042579b69dcdd	ui/generated/widgets/frontend/mp/tournament/tournamentsinglebracket.lua
9eeb0c710f01be6	ui/generated/widgets/frontend/mp/tournament/tournamentteampreview.lua
d5d1e20d2899700	ui/generated/widgets/frontend/mp/tournament/tournamentteamstatus.lua
a476623811ac300	ui/generated/widgets/frontend/mp/tournament/tournamentwaitingforteam.lua
035c3585f9e0fa5	ui/generated/widgets/frontend/mp/trialsbutton.lua
4dad77ae9b4104d	ui/generated/widgets/frontend/mp/warzoneprivatematchcreationpopup.lua
e1386f05ecae946	ui/generated/widgets/frontend/mp/warzoneprivatematchcreationpopupbuttons.lua
9b1dd62db28c431	ui/generated/widgets/frontend/mp/warzoneprivatematchlobbyplaymenu.lua
4313e5e2228d823	ui/generated/widgets/frontend/mp/warzoneprivatematchlobbysquadselectionmenu.lua
73e7224e3a61960	ui/generated/widgets/frontend/mp/warzoneprivatematchsquaddetails.lua
d552d568f3a0a2e	ui/generated/widgets/frontend/mp/worldmapbutton.lua
7e6ad65f84bafca	ui/generated/widgets/frontend/mpbattlenetstoremenu.lua
41804ed9605da37	ui/generated/widgets/frontend/mpbattlenetstoremenubuttons.lua
697ca16517acb9e	ui/generated/widgets/frontend/mpcustomizemenubuttons.lua
ee7dc821bee3218	ui/generated/widgets/frontend/mpoperatormenu.lua
7f79f41ed308d99	ui/generated/widgets/frontend/mpoperatormenubase.lua
4f21a052eaa59c8	ui/generated/widgets/frontend/mpweaponmenu.lua
c7d1a9754565529	ui/generated/widgets/frontend/operator/detailoperatorname.lua
b1ae89ce4056be3	ui/generated/widgets/frontend/operator/factionswitchprompt.lua
eda40794d1961e4	ui/generated/widgets/frontend/operator/operation.lua
01982323d0736b6	ui/generated/widgets/frontend/operator/operationdetails.lua
d7d47e69cca6f2f	ui/generated/widgets/frontend/operator/operationprogress.lua
7a5af70ba05717a	ui/generated/widgets/frontend/operator/operationstatus.lua
28d08cf8f06964f	ui/generated/widgets/frontend/operator/operatorbio.lua
3981143c19bb7f7	ui/generated/widgets/frontend/operator/operatorbiobutton.lua
6cb4ac5e7a013ed	ui/generated/widgets/frontend/operator/operatorcard.lua
b46a2c9285a1145	ui/generated/widgets/frontend/operator/operatorfactionfavorite.lua
012f578e2e00206	ui/generated/widgets/frontend/operator/operatorfactionname.lua
f4df00324dfbb0d	ui/generated/widgets/frontend/operator/operatormissionitemcondensed.lua
704108ec07354a0	ui/generated/widgets/frontend/operator/operatorquippreview.lua
d95a2904f97b7f7	ui/generated/widgets/frontend/operator/operatorselectbutton.lua
f41ad30dcdd9ed6	ui/generated/widgets/frontend/operator/operatorselectbuttonbase.lua
c1172b2ad366f06	ui/generated/widgets/frontend/operator/operatorselectprompts.lua
b3353c82473e040	ui/generated/widgets/frontend/operator/operatorunlockchallenge.lua
c5a9f205d017b42	ui/generated/widgets/frontend/operatorskincount.lua
23f0dda06a8e881	ui/generated/widgets/frontend/pagedbattlepass/cerbattlepasspurchasebladedetails.lua
07cba47bf9086a9	ui/generated/widgets/frontend/pagedbattlepass/cerbattlepasspurchasebundleblade.lua
971771947f036ee	ui/generated/widgets/frontend/pagedbattlepass/cerbppurchasebladeproductitem.lua
0ea540f7c318c40	ui/generated/widgets/frontend/pagedbattlepass/cerbppurchasebracketitems.lua
6f099989032f249	ui/generated/widgets/frontend/pagedbattlepass/cerbppurchasebuttoninternal.lua
9f4123c14877326	ui/generated/widgets/frontend/pagedbattlepass/cerbptokenbank.lua
a3b6800f4e94717	ui/generated/widgets/frontend/pagedbattlepass/pagedbattlepass2dassetpreview.lua
7c9a36e5c90765f	ui/generated/widgets/frontend/pagedbattlepass/pagedbattlepassautospendoptionbutton.lua
b814502499d7d45	ui/generated/widgets/frontend/pagedbattlepass/pagedbattlepassautospendoptionwarning.lua
6e156d49ec31a74	ui/generated/widgets/frontend/pagedbattlepass/pagedbattlepassautospendpopup.lua
455ff2fc6a93740	ui/generated/widgets/frontend/pagedbattlepass/pagedbattlepassautospendtoggleprompt.lua
a70588ca775d8dd	ui/generated/widgets/frontend/pagedbattlepass/pagedbattlepassblackcellinclusioncontainer.lua
b7f98b52fc22596	ui/generated/widgets/frontend/pagedbattlepass/pagedbattlepassblueprintbinkpreview.lua
b9a93344ef58f5d	ui/generated/widgets/frontend/pagedbattlepass/pagedbattlepassblueprintbinkpreviewcontainer.lua
3d305953b54c61b	ui/generated/widgets/frontend/pagedbattlepass/pagedbattlepassbuttonhighlightbacker.lua
3cca4e03f5c1a6a	ui/generated/widgets/frontend/pagedbattlepass/pagedbattlepasscelebrationfullscreen.lua
93a34c44cf96042	ui/generated/widgets/frontend/pagedbattlepass/pagedbattlepasscelebrationmessage.lua
ee87fc749113b98	ui/generated/widgets/frontend/pagedbattlepass/pagedbattlepasscelebrationtokenwidget.lua
b7cbb6b5fe3bca8	ui/generated/widgets/frontend/pagedbattlepass/pagedbattlepassclaimpagebutton.lua
46c9899032c0840	ui/generated/widgets/frontend/pagedbattlepass/pagedbattlepassclaimpagewidget.lua
3e5646d75d38c97	ui/generated/widgets/frontend/pagedbattlepass/pagedbattlepasscontextualtip.lua
496dca56266f37f	ui/generated/widgets/frontend/pagedbattlepass/pagedbattlepasscontextualtipbutton.lua
e1718002941b1f7	ui/generated/widgets/frontend/pagedbattlepass/pagedbattlepasscurrentpagestatebacking.lua
57223a7f22dda0d	ui/generated/widgets/frontend/pagedbattlepass/pagedbattlepasscurrentpagewidget.lua
cae1c148951f206	ui/generated/widgets/frontend/pagedbattlepass/pagedbattlepasshvtcalloutitemdetails.lua
1ceacb381e23078	ui/generated/widgets/frontend/pagedbattlepass/pagedbattlepasshvtcalloutleftpanel.lua
eea23fb6dcf96f7	ui/generated/widgets/frontend/pagedbattlepass/pagedbattlepasshvtcalloutrightpanel.lua
21cab3ce07a7239	ui/generated/widgets/frontend/pagedbattlepass/pagedbattlepasshvtcallouttoggleprompt.lua
ad10a73d2772363	ui/generated/widgets/frontend/pagedbattlepass/pagedbattlepasshvtcalloutwidget.lua
7ce4fb3e613ce7b	ui/generated/widgets/frontend/pagedbattlepass/pagedbattlepasshvtlandingpagescreen.lua
6aac352f2e0d976	ui/generated/widgets/frontend/pagedbattlepass/pagedbattlepasshvtstatusseparator.lua
ea3bb2bf3512c4c	ui/generated/widgets/frontend/pagedbattlepass/pagedbattlepassitemdetails.lua
c7505f81f35a723	ui/generated/widgets/frontend/pagedbattlepass/pagedbattlepassitemdetailscontainer.lua
2d352c892429202	ui/generated/widgets/frontend/pagedbattlepass/pagedbattlepassiteminfotag.lua
487976aa4e58a52	ui/generated/widgets/frontend/pagedbattlepass/pagedbattlepasslastchancepagebutton.lua
67dc312c93ab283	ui/generated/widgets/frontend/pagedbattlepass/pagedbattlepasslastchancepageupsellscreen.lua
67d829772da8789	ui/generated/widgets/frontend/pagedbattlepass/pagedbattlepasslastchancepurchaserewardinfo.lua
717172d02e13c39	ui/generated/widgets/frontend/pagedbattlepass/pagedbattlepasslastchanceupselltimer.lua
c7b9694017e1e56	ui/generated/widgets/frontend/pagedbattlepass/pagedbattlepassmenu.lua
ef046b2c901eb2a	ui/generated/widgets/frontend/pagedbattlepass/pagedbattlepasspagebackground.lua
456a4412825e951	ui/generated/widgets/frontend/pagedbattlepass/pagedbattlepasspagecontainer.lua
8eb90f3eba1aa64	ui/generated/widgets/frontend/pagedbattlepass/pagedbattlepasspagedetails.lua
a00483e52ae9a89	ui/generated/widgets/frontend/pagedbattlepass/pagedbattlepasspageinspectioninternal.lua
b7fb89ac5e84e0c	ui/generated/widgets/frontend/pagedbattlepass/pagedbattlepasspagelistlayout.lua
d638992d09d5d0c	ui/generated/widgets/frontend/pagedbattlepass/pagedbattlepasspagemarker.lua
f5359ad2f92cd27	ui/generated/widgets/frontend/pagedbattlepass/pagedbattlepasspagenavigator.lua
ec5c4c8ce350b3d	ui/generated/widgets/frontend/pagedbattlepass/pagedbattlepasspagetierlistcontainer.lua
8ea9a8967a39341	ui/generated/widgets/frontend/pagedbattlepass/pagedbattlepasspageunlockrequirement.lua
853011e387e5e3e	ui/generated/widgets/frontend/pagedbattlepass/pagedbattlepasspagewidget.lua
e0069d3e5eb2c95	ui/generated/widgets/frontend/pagedbattlepass/pagedbattlepasspurchasebuttoncontainer.lua
e0d544ed156970e	ui/generated/widgets/frontend/pagedbattlepass/pagedbattlepasspurchasemenubackbutton.lua
6e030c6bbeb0afa	ui/generated/widgets/frontend/pagedbattlepass/pagedbattlepasspurchasemenubacking.lua
e3a95dfa487a1bd	ui/generated/widgets/frontend/pagedbattlepass/pagedbattlepasspurchasemenubutton.lua
0cd7d51b5039e00	ui/generated/widgets/frontend/pagedbattlepass/pagedbattlepasspurchasemenuinternal.lua
7eeb9a1430b74c9	ui/generated/widgets/frontend/pagedbattlepass/pagedbattlepasspurchaserequirementwidget.lua
f42f2dca33c52c9	ui/generated/widgets/frontend/pagedbattlepass/pagedbattlepasspurchaserewardinfo.lua
e5bb67eca73f1e5	ui/generated/widgets/frontend/pagedbattlepass/pagedbattlepasspurchaserewardinfosingle.lua
ddce56b7c69f88a	ui/generated/widgets/frontend/pagedbattlepass/pagedbattlepassradialbutton.lua
4223247b57f2105	ui/generated/widgets/frontend/pagedbattlepass/pagedbattlepassreticlepreview.lua
9209274056aa55a	ui/generated/widgets/frontend/pagedbattlepass/pagedbattlepassrubberbandboosticon.lua
45c4a937757fda4	ui/generated/widgets/frontend/pagedbattlepass/pagedbattlepassseasonheaderslim.lua
1e92b52cfc4a61a	ui/generated/widgets/frontend/pagedbattlepass/pagedbattlepassstartingadvantagebutton.lua
1b81b4c2ca0d5a3	ui/generated/widgets/frontend/pagedbattlepass/pagedbattlepassstartingadvantagebuttoninternal.lua
63d752148d41ecb	ui/generated/widgets/frontend/pagedbattlepass/pagedbattlepassstatepip.lua
0a7192b3d8db9a6	ui/generated/widgets/frontend/pagedbattlepass/pagedbattlepasstablabel.lua
bf4f398b1589de7	ui/generated/widgets/frontend/pagedbattlepass/pagedbattlepasstablabelinternal.lua
65d5456bc02c5ad	ui/generated/widgets/frontend/pagedbattlepass/pagedbattlepasstier.lua
b72bd61e50c2923	ui/generated/widgets/frontend/pagedbattlepass/pagedbattlepasstiercelebration.lua
3f06c9b22a43505	ui/generated/widgets/frontend/pagedbattlepass/pagedbattlepasstierclaimhighlight.lua
7227aaa589b6aab	ui/generated/widgets/frontend/pagedbattlepass/pagedbattlepasstierdoubleitem.lua
f25cc91bb1e1f6a	ui/generated/widgets/frontend/pagedbattlepass/pagedbattlepasstierdoubleitemcontainer.lua
b475801712a2aeb	ui/generated/widgets/frontend/pagedbattlepass/pagedbattlepasstierdoublewide.lua
bb5d5f9c33b839e	ui/generated/widgets/frontend/pagedbattlepass/pagedbattlepasstierdoublewideinternal.lua
4e09cc044f82e59	ui/generated/widgets/frontend/pagedbattlepass/pagedbattlepasstierdoublewidewithstatus.lua
681ea60fbc0a2ff	ui/generated/widgets/frontend/pagedbattlepass/pagedbattlepasstierfocuswidget.lua
81e99984e36c385	ui/generated/widgets/frontend/pagedbattlepass/pagedbattlepasstierfreebanner.lua
9fb69f05c84c703	ui/generated/widgets/frontend/pagedbattlepass/pagedbattlepasstierinprogressprompt.lua
5bb72015dc56356	ui/generated/widgets/frontend/pagedbattlepass/pagedbattlepasstieritem.lua
c476f17bafdf96b	ui/generated/widgets/frontend/pagedbattlepass/pagedbattlepasstieritemheader.lua
4022947a86c602c	ui/generated/widgets/frontend/pagedbattlepass/pagedbattlepasstieritemstatus.lua
528982818aba16f	ui/generated/widgets/frontend/pagedbattlepass/pagedbattlepasstiernewbanner.lua
1cecaa1bfd39303	ui/generated/widgets/frontend/pagedbattlepass/pagedbattlepasstierstatebar.lua
77ba2d456d95d0d	ui/generated/widgets/frontend/pagedbattlepass/pagedbattlepasstiertoggle.lua
a73d38d48d54129	ui/generated/widgets/frontend/pagedbattlepass/pagedbattlepasstiertogglebehind.lua
7685e6bb66135cb	ui/generated/widgets/frontend/pagedbattlepass/pagedbattlepasstiertoggledoublewide.lua
58542d1035119fe	ui/generated/widgets/frontend/pagedbattlepass/pagedbattlepasstiertoggledoublewideinternal.lua
858c054c0288e39	ui/generated/widgets/frontend/pagedbattlepass/pagedbattlepasstiertoggledoublewidewithstatus.lua
929dd5af16ab0b7	ui/generated/widgets/frontend/pagedbattlepass/pagedbattlepasstiertoggleprompt.lua
c81ab95b7b1fc4e	ui/generated/widgets/frontend/pagedbattlepass/pagedbattlepasstipoverlay.lua
119cad89a9188a8	ui/generated/widgets/frontend/pagedbattlepass/pagedbattlepasstokendetails.lua
b6e5c1f7a5e643c	ui/generated/widgets/frontend/pagedbattlepass/pagedbattlepasstokendetailsbuybutton.lua
c24015556d82873	ui/generated/widgets/frontend/pagedbattlepass/pagedbattlepasstokendetailscompletionicon.lua
645f115b8c7ac49	ui/generated/widgets/frontend/pagedbattlepass/pagedbattlepasstokenpurchasebutton.lua
75514733e5fa836	ui/generated/widgets/frontend/pagedbattlepass/pagedbattlepasstokenpurchasevaluechangebutton.lua
dce90dfb345dfe2	ui/generated/widgets/frontend/pagedbattlepass/pagedbattlepassupsellpopup.lua
aad1d52b74adf43	ui/generated/widgets/frontend/pagedbattlepass/pagedbattlepassupsellreward.lua
20dcd7cf4995ad4	ui/generated/widgets/frontend/partyxpeventdescription.lua
1f1c11be1ead3da	ui/generated/widgets/frontend/pipswithnavigation.lua
1f5fb51d03250d4	ui/generated/widgets/frontend/platformbonuswidget.lua
2aa91b83514ab7d	ui/generated/widgets/frontend/playercardbutton.lua
fc82b5b2b3bea58	ui/generated/widgets/frontend/playerlogin.lua
45b098612becb8f	ui/generated/widgets/frontend/playerradialprogression.lua
2a5cff83043d60c	ui/generated/widgets/frontend/playlistdetailspopup.lua
9df6a7ce1273eee	ui/generated/widgets/frontend/preloadingshadersiconsinfos.lua
9bb44abf5e6e722	ui/generated/widgets/frontend/preloadingshadersinfos.lua
0c287373120a96b	ui/generated/widgets/frontend/prelobbymaintab.lua
a7bfdfbb497cd64	ui/generated/widgets/frontend/preorderupsell.lua
9a5e282a6545440	ui/generated/widgets/frontend/prestige/enterprestigespinner.lua
c915c9cfc9ea9c6	ui/generated/widgets/frontend/prestige/permanentunlockrewardoverview.lua
c764be05e74d3a4	ui/generated/widgets/frontend/prestige/prestigelevelavailable.lua
31d8716b8c28092	ui/generated/widgets/frontend/prestige/prestigeoverview.lua
79c7f7a3ac4fff8	ui/generated/widgets/frontend/prestigemaster/legacyiconaavailablelevel.lua
3f13da8b20f5e94	ui/generated/widgets/frontend/prestigemaster/legacyiconbutton.lua
810e27517b24ffc	ui/generated/widgets/frontend/prestigemaster/legacyiconinfo.lua
dafad039fb48b62	ui/generated/widgets/frontend/prestigemaster/legacyiconsoverview.lua
9a7ee1dc5c512dd	ui/generated/widgets/frontend/prestigemaster/prestigemaster.lua
076fc19f8c92d71	ui/generated/widgets/frontend/processingbutton.lua
d943f80d716d989	ui/generated/widgets/frontend/procontentitem.lua
f98ec4ce9170c1b	ui/generated/widgets/frontend/procontentitemequipdetails.lua
bbbbcc551c3814e	ui/generated/widgets/frontend/progression/bo6logotag.lua
3caab5598199e0e	ui/generated/widgets/frontend/progression/playerprogressiontile.lua
57ba1205711fa13	ui/generated/widgets/frontend/progression/playerprogressiontileheader.lua
971a2da0de386ac	ui/generated/widgets/frontend/progression/progressiongamemodetag.lua
27322aa863ed3b5	ui/generated/widgets/frontend/progression/progressioninfopanel.lua
6afff5d8301898c	ui/generated/widgets/frontend/progression/progressioninfopanelheader.lua
fb6119e18dabb5a	ui/generated/widgets/frontend/progression/progressioninfopanelreward.lua
b0a20a484b70829	ui/generated/widgets/frontend/progression/progressioninfopanelrewarditem.lua
ff04eb4af1d8fa0	ui/generated/widgets/frontend/progression/progressioninfoquickaccesslabel.lua
843aeaa64f6bf0d	ui/generated/widgets/frontend/progression/progressionlevel.lua
1e3ebb089185fa2	ui/generated/widgets/frontend/progression/progressionrewardbutton.lua
80f65ac7ee5586e	ui/generated/widgets/frontend/progression/progressionrewardbuttontriplet.lua
f500395f6d4628e	ui/generated/widgets/frontend/progression/progressionrewardfullinfotooltip.lua
e79e45d505c5b9e	ui/generated/widgets/frontend/progression/progressionrewardscontainer.lua
d8cb6f2193191de	ui/generated/widgets/frontend/progression/progressionrewardtooltipcontent.lua
c6ce30beee1d1f3	ui/generated/widgets/frontend/progression/warzonelogotag.lua
62f6d210842bd89	ui/generated/widgets/frontend/qualitymarker.lua
4c5ec12e978e5d6	ui/generated/widgets/frontend/radialcustomizationbutton.lua
b3d8ebaf4d110d6	ui/generated/widgets/frontend/replacementweaponwidget.lua
c2a7ec171054cb5	ui/generated/widgets/frontend/roundedprogressbar.lua
f40af315833baf1	ui/generated/widgets/frontend/rownavigationhint.lua
5e65a8d277d5bb0	ui/generated/widgets/frontend/rownavigationhintcontainer.lua
0f82262aef2d185	ui/generated/widgets/frontend/rowquickselect.lua
48f1a2b2277e319	ui/generated/widgets/frontend/rowquickselectbutton.lua
13b17ef6ba24070	ui/generated/widgets/frontend/rtt/genericrtt.lua
da0809925289e1f	ui/generated/widgets/frontend/rtt/rttemblemscreen.lua
87bbac47c0dcec3	ui/generated/widgets/frontend/rtt/rttloadingscreen.lua
cc11838df8c912e	ui/generated/widgets/frontend/rtt/rttplayercardscreen.lua
11e67142ec40f2d	ui/generated/widgets/frontend/rtt/rttstoreitemscreen.lua
476ffe8b9ffda49	ui/generated/widgets/frontend/seasonalevent/eventgamemodetags.lua
66b623b6ed278d4	ui/generated/widgets/frontend/seasonalevent/itemattributetag.lua
6862ac49a25eebc	ui/generated/widgets/frontend/seasonalevent/itemattributetaglist.lua
26508fc3822eeac	ui/generated/widgets/frontend/seasonalevent/raritywithitemname.lua
4b28c13c82a05bb	ui/generated/widgets/frontend/seasonalevent/seasonaleventbanner.lua
3711b126d6d538c	ui/generated/widgets/frontend/seasonalevent/seasonaleventbannerinnerdeco.lua
5bf3ffd7642c1cf	ui/generated/widgets/frontend/seasonalevent/seasonaleventbonusrewardpanel.lua
540ffd470c01d0f	ui/generated/widgets/frontend/seasonalevent/seasonaleventbuttonhighlight.lua
e648c8a06e3cfb4	ui/generated/widgets/frontend/seasonalevent/seasonaleventcelebrationitem.lua
924d5af7bdb0b40	ui/generated/widgets/frontend/seasonalevent/seasonaleventchallengecard.lua
c672d38d359541a	ui/generated/widgets/frontend/seasonalevent/seasonaleventchallengecarddetails.lua
bb8cf9d204134ef	ui/generated/widgets/frontend/seasonalevent/seasonaleventcommunitygradients.lua
b0dfef1832f9120	ui/generated/widgets/frontend/seasonalevent/seasonaleventcommunitypointstokenborder.lua
7e00aec06a65456	ui/generated/widgets/frontend/seasonalevent/seasonaleventcommunitypointstokencounter.lua
3116c4c04a080a4	ui/generated/widgets/frontend/seasonalevent/seasonaleventcommunitypointstokenvaluepulse.lua
2a4239c9080353a	ui/generated/widgets/frontend/seasonalevent/seasonaleventcommunitys1hitlisttargeteliminated.lua
6b9515636f288bd	ui/generated/widgets/frontend/seasonalevent/seasonaleventcommunityside.lua
d2f5b2f5172c3a5	ui/generated/widgets/frontend/seasonalevent/seasonaleventcommunitysidelabel.lua
7d108cc0e9c791a	ui/generated/widgets/frontend/seasonalevent/seasonaleventcommunitytokenicon.lua
4af9af10f1e2ead	ui/generated/widgets/frontend/seasonalevent/seasonaleventdetailspopuppanel.lua
024fdcb45ca4fb4	ui/generated/widgets/frontend/seasonalevent/seasonaleventeventplusconnectinglines.lua
06f6466538d548b	ui/generated/widgets/frontend/seasonalevent/seasonaleventeventplusinstantrewardlabel.lua
019b1c41688114c	ui/generated/widgets/frontend/seasonalevent/seasonaleventeventpluspurchasebutton.lua
193362e16cf852d	ui/generated/widgets/frontend/seasonalevent/seasonaleventeventpluspurchasebuttonvisuals.lua
65d8a4cc86f7426	ui/generated/widgets/frontend/seasonalevent/seasonaleventeventpluspurchasepopup.lua
5e6c2d277cb853f	ui/generated/widgets/frontend/seasonalevent/seasonaleventeventplusultimaterewardlabel.lua
ad603e4473118bc	ui/generated/widgets/frontend/seasonalevent/seasonaleventextrabonusxp.lua
a4e7614475a3d64	ui/generated/widgets/frontend/seasonalevent/seasonaleventglowingprogressbar.lua
5311560d8c74100	ui/generated/widgets/frontend/seasonalevent/seasonaleventgridnavigationarrow.lua
f7efbdcaef23cec	ui/generated/widgets/frontend/seasonalevent/seasonaleventinfotooltip.lua
d1196962628a9b1	ui/generated/widgets/frontend/seasonalevent/seasonaleventlistspacer.lua
dadbb2e8dfc4b60	ui/generated/widgets/frontend/seasonalevent/seasonaleventmapchallengemap.lua
9aceb9329f1bde7	ui/generated/widgets/frontend/seasonalevent/seasonaleventmapchallengepoiarea.lua
48d8a41048b6c1e	ui/generated/widgets/frontend/seasonalevent/seasonaleventmapchallengespecialreward.lua
57311c929bd4c1f	ui/generated/widgets/frontend/seasonalevent/seasonaleventmasterypip.lua
41c00e9ebb18866	ui/generated/widgets/frontend/seasonalevent/seasonaleventnewrewardtag.lua
5ad7df74f9f00de	ui/generated/widgets/frontend/seasonalevent/seasonaleventpersonalside.lua
022276742f830ee	ui/generated/widgets/frontend/seasonalevent/seasonaleventpip.lua
bff548892ea2828	ui/generated/widgets/frontend/seasonalevent/seasonaleventquickplayselectionbutton.lua
647e7b478feee74	ui/generated/widgets/frontend/seasonalevent/seasonaleventrewardinfocard.lua
4f499527a2f17b1	ui/generated/widgets/frontend/seasonalevent/seasonaleventrewardtypecontainer.lua
a4fc922fdbdb1b1	ui/generated/widgets/frontend/seasonalevent/seasonaleventsactivexptoken.lua
3b4d2bf83d3cf15	ui/generated/widgets/frontend/seasonalevent/seasonaleventsbannervisuals.lua
2365a5e42c7c2e6	ui/generated/widgets/frontend/seasonalevent/seasonaleventscelebrationoverlay.lua
682be2710709981	ui/generated/widgets/frontend/seasonalevent/seasonaleventscelebrationoverlayrewarddetails.lua
1f89baad33a27c4	ui/generated/widgets/frontend/seasonalevent/seasonaleventschallengeimage.lua
f32f80612734bbb	ui/generated/widgets/frontend/seasonalevent/seasonaleventschallengeimagebuilder.lua
2d0ae7e2b62febc	ui/generated/widgets/frontend/seasonalevent/seasonaleventschallengeimagebuilderlayer.lua
57248f30c7b4c49	ui/generated/widgets/frontend/seasonalevent/seasonaleventschallengerewardaltcard.lua
4e5b714f7d2f05c	ui/generated/widgets/frontend/seasonalevent/seasonaleventscomingsoonlabel.lua
2c002c1816ad780	ui/generated/widgets/frontend/seasonalevent/seasonaleventscommunitygriditem.lua
27e4ba5ce4016bc	ui/generated/widgets/frontend/seasonalevent/seasonaleventscondensedtimer.lua
46e95912a14b627	ui/generated/widgets/frontend/seasonalevent/seasonaleventsdynamicbackground.lua
345a5c90e51837b	ui/generated/widgets/frontend/seasonalevent/seasonaleventseventcompletebanner.lua
208c257bfa8e1b3	ui/generated/widgets/frontend/seasonalevent/seasonaleventseventdynamicbackground.lua
505a6430ce1c266	ui/generated/widgets/frontend/seasonalevent/seasonaleventseventinfotooltipvisuals.lua
d94a65939c89403	ui/generated/widgets/frontend/seasonalevent/seasonaleventseventpaneldoublexpoverlay.lua
8c3059f338c6ec9	ui/generated/widgets/frontend/seasonalevent/seasonaleventseventpanelleaderboardoverlay.lua
bce2483ad755c3a	ui/generated/widgets/frontend/seasonalevent/seasonaleventseventpanelleaderboardoverlayvisuals.lua
fad53a0530967ab	ui/generated/widgets/frontend/seasonalevent/seasonaleventsfeaturedbonusactivestatusinfo.lua
beb92b21f3ddd89	ui/generated/widgets/frontend/seasonalevent/seasonaleventsfeaturedbonusbanner.lua
42f1079b16c2f37	ui/generated/widgets/frontend/seasonalevent/seasonaleventsfeaturedbonusinfo.lua
6afec6082f1a5de	ui/generated/widgets/frontend/seasonalevent/seasonaleventsfeaturedstorecontentbutton.lua
175660d3fe30e9f	ui/generated/widgets/frontend/seasonalevent/seasonaleventsfeaturedstorecontentbuttonvisuals.lua
17c020687c20ad9	ui/generated/widgets/frontend/seasonalevent/seasonaleventsflexgrid.lua
79fa6e0e4393c92	ui/generated/widgets/frontend/seasonalevent/seasonaleventsglowrevealprogressbar.lua
529deceab80fa2e	ui/generated/widgets/frontend/seasonalevent/seasonaleventsinformationalbundlesbutton.lua
0ab240eb91ac27a	ui/generated/widgets/frontend/seasonalevent/seasonaleventsleaderboardcelebrationheaderrow.lua
a28307117d4a930	ui/generated/widgets/frontend/seasonalevent/seasonaleventsleaderboardcelebrationrewardrow.lua
99f4efe06291570	ui/generated/widgets/frontend/seasonalevent/seasonaleventsleaderboardchallengepanel.lua
7d895a404ea3727	ui/generated/widgets/frontend/seasonalevent/seasonaleventsleaderboardchallengepanelcontainer.lua
762cf28c6f1be66	ui/generated/widgets/frontend/seasonalevent/seasonaleventsleaderboardfirstplacepanel.lua
6135e094e47553a	ui/generated/widgets/frontend/seasonalevent/seasonaleventsleaderboardgriditem.lua
c6d21fea218edf5	ui/generated/widgets/frontend/seasonalevent/seasonaleventsleaderboardinformationpanel.lua
d6eab64a27eb99d	ui/generated/widgets/frontend/seasonalevent/seasonaleventsleaderboardloadingoverlay.lua
f6ed21bfdebb8cc	ui/generated/widgets/frontend/seasonalevent/seasonaleventsleaderboardplayergrid.lua
a0042e268827669	ui/generated/widgets/frontend/seasonalevent/seasonaleventsleaderboardpointsneededbanner.lua
633d6bbc3a97cc9	ui/generated/widgets/frontend/seasonalevent/seasonaleventsleaderboardposteventmainmenucelebration.lua
10526b05f266e80	ui/generated/widgets/frontend/seasonalevent/seasonaleventsleaderboardposteventplacementcelebration.lua
b17d1dcbeb714e5	ui/generated/widgets/frontend/seasonalevent/seasonaleventsleaderboardposteventrewardscelebration.lua
4eddb18471f3d4e	ui/generated/widgets/frontend/seasonalevent/seasonaleventsleaderboardrewardsprocessingpanel.lua
b4153bbe2d41b1c	ui/generated/widgets/frontend/seasonalevent/seasonaleventsleaderboardrewardstackcard.lua
d23045c56abf022	ui/generated/widgets/frontend/seasonalevent/seasonaleventsleaderboardrewardstacktopbar.lua
bcdca6c20da2aa3	ui/generated/widgets/frontend/seasonalevent/seasonaleventsloothoverplayer.lua
1a6314a10b9a7a4	ui/generated/widgets/frontend/seasonalevent/seasonaleventslootpreview.lua
001d759b82ccf84	ui/generated/widgets/frontend/seasonalevent/seasonaleventsmasteryrewardbutton.lua
27406115d7b2123	ui/generated/widgets/frontend/seasonalevent/seasonaleventsmasteryrewardbuttonmedium.lua
b0af5209abee83a	ui/generated/widgets/frontend/seasonalevent/seasonaleventsmasteryrewardcardbackgroundbacker.lua
ef582b1c0232b96	ui/generated/widgets/frontend/seasonalevent/seasonaleventsmasteryrewardcardhighlightbacker.lua
98f671263ed3faa	ui/generated/widgets/frontend/seasonalevent/seasonaleventsmasteryrewardcardinfooverlay.lua
939b8e209f7da9a	ui/generated/widgets/frontend/seasonalevent/seasonaleventsmasteryrewardcardunlockcelebrationoverlay.lua
73337dfcdabf3a5	ui/generated/widgets/frontend/seasonalevent/seasonaleventsmenucontenttemplatebundles.lua
28f35fe133cf055	ui/generated/widgets/frontend/seasonalevent/seasonaleventsmenucontenttemplatechallenge.lua
f2ff84ef2338d79	ui/generated/widgets/frontend/seasonalevent/seasonaleventsmenucontenttemplatecommunity.lua
f1270c48cd190a0	ui/generated/widgets/frontend/seasonalevent/seasonaleventsmenucontenttemplateeventplus.lua
f170703136b78ce	ui/generated/widgets/frontend/seasonalevent/seasonaleventsmenucontenttemplateinfogamemodes.lua
1b90b4edaf9508d	ui/generated/widgets/frontend/seasonalevent/seasonaleventsmenucontenttemplateinfotiles.lua
2847e3012186d6f	ui/generated/widgets/frontend/seasonalevent/seasonaleventsmenucontenttemplateleaderboard.lua
2b7d1391571f65f	ui/generated/widgets/frontend/seasonalevent/seasonaleventsmenucontenttemplatemapchallenge.lua
36270a73776ab7f	ui/generated/widgets/frontend/seasonalevent/seasonaleventsmenucontenttemplatepoints.lua
5ff6ca450f2acbb	ui/generated/widgets/frontend/seasonalevent/seasonaleventsmenucontenttemplatepreorder.lua
6ca7aebbcfb80d3	ui/generated/widgets/frontend/seasonalevent/seasonaleventsmenucontenttemplatetrophyhunt.lua
814059ab2e91006	ui/generated/widgets/frontend/seasonalevent/seasonaleventsmenucontenttemplateversus.lua
037b590fbf068c9	ui/generated/widgets/frontend/seasonalevent/seasonaleventsnewitemtag.lua
0f54f5d18b89e1e	ui/generated/widgets/frontend/seasonalevent/seasonaleventsoperatorredirect.lua
542dd6bde3f890a	ui/generated/widgets/frontend/seasonalevent/seasonaleventsoperatorredirectvisual.lua
488857eed492b03	ui/generated/widgets/frontend/seasonalevent/seasonaleventsoverlaycinematic.lua
654356f71a0924c	ui/generated/widgets/frontend/seasonalevent/seasonaleventspipsquare.lua
ad90b26c07d386c	ui/generated/widgets/frontend/seasonalevent/seasonaleventsplaylistbutton.lua
ce0e93790316719	ui/generated/widgets/frontend/seasonalevent/seasonaleventsprogressamount.lua
dc636c49a38e82d	ui/generated/widgets/frontend/seasonalevent/seasonaleventsprogressbarendmarker.lua
cadb93ff503babf	ui/generated/widgets/frontend/seasonalevent/seasonaleventsquickplaybutton.lua
0edc748ba453b27	ui/generated/widgets/frontend/seasonalevent/seasonaleventsrewardcardbackgroundbacker.lua
cd587c806c31e9a	ui/generated/widgets/frontend/seasonalevent/seasonaleventsrewardcardbase.lua
113e3d3c654a3d9	ui/generated/widgets/frontend/seasonalevent/seasonaleventsrewardcardborder.lua
11a1d238f49486d	ui/generated/widgets/frontend/seasonalevent/seasonaleventsrewardcardenhancedbacker.lua
39ecd5d636e9dea	ui/generated/widgets/frontend/seasonalevent/seasonaleventsrewardcardfinalrewardbacker.lua
823ae476fcb2185	ui/generated/widgets/frontend/seasonalevent/seasonaleventsrewardcardhighlightbacker.lua
dd0739c2d4089a7	ui/generated/widgets/frontend/seasonalevent/seasonaleventsrewardcardhighlightoverlay.lua
2237e52cb3363b0	ui/generated/widgets/frontend/seasonalevent/seasonaleventsrewardcardimage.lua
2f89bd67499eb31	ui/generated/widgets/frontend/seasonalevent/seasonaleventsrewardcardmultiloottransition.lua
dadece4e82e8f96	ui/generated/widgets/frontend/seasonalevent/seasonaleventsrewardcardprogressionbacker.lua
f972d05e231434e	ui/generated/widgets/frontend/seasonalevent/seasonaleventsrewardcardprogressionoverlay.lua
db6650e21f9792b	ui/generated/widgets/frontend/seasonalevent/seasonaleventsrewardcardrewardattributesoverlay.lua
8954505c49faa5c	ui/generated/widgets/frontend/seasonalevent/seasonaleventsrewardcardtext.lua
cb427390cda1f7e	ui/generated/widgets/frontend/seasonalevent/seasonaleventsrewardcardtimegatetimer.lua
e66810d33501c61	ui/generated/widgets/frontend/seasonalevent/seasonaleventsrewardcardtoggleprompt.lua
2a5a64c67e93062	ui/generated/widgets/frontend/seasonalevent/seasonaleventsrewardcardtogglepromptvisuals.lua
0fccbb0b740ab9b	ui/generated/widgets/frontend/seasonalevent/seasonaleventsrewardcardultimaterewardbacker.lua
8bba4cd71f77ab3	ui/generated/widgets/frontend/seasonalevent/seasonaleventsrewardcardunlockcelebrationoverlay.lua
ee62a6cdea03fec	ui/generated/widgets/frontend/seasonalevent/seasonaleventsrewardequippedstatuslabel.lua
5422dd4d7b2cd9c	ui/generated/widgets/frontend/seasonalevent/seasonaleventsrewardheaderlist.lua
6263e97a8ace4b4	ui/generated/widgets/frontend/seasonalevent/seasonaleventsrewardinfocardvisuals.lua
ab8dbb114231938	ui/generated/widgets/frontend/seasonalevent/seasonaleventsseasoncontentbutton.lua
0b5ca9f8d371389	ui/generated/widgets/frontend/seasonalevent/seasonaleventsseasoncontentbuttonvisuals.lua
9525b297a3ac67e	ui/generated/widgets/frontend/seasonalevent/seasonaleventsseasoncontenteventpanel.lua
bb60c4595256f3f	ui/generated/widgets/frontend/seasonalevent/seasonaleventsseasoncontenteventpanelvisuals.lua
c197acb342d905a	ui/generated/widgets/frontend/seasonalevent/seasonaleventsseasoncontentinfopanel.lua
f7bfedfbe0fb503	ui/generated/widgets/frontend/seasonalevent/seasonaleventsseasoncontentmenu.lua
73d332bfdd2f6e5	ui/generated/widgets/frontend/seasonalevent/seasonaleventsseasoncontentquickplaypanel.lua
9aec9205c8622a9	ui/generated/widgets/frontend/seasonalevent/seasonaleventsseasoncontentstorepanel.lua
68b581f4732480a	ui/generated/widgets/frontend/seasonalevent/seasonaleventssidedivider.lua
f3c821186d932ca	ui/generated/widgets/frontend/seasonalevent/seasonaleventsstatuspanelstack.lua
ac515ef4934d625	ui/generated/widgets/frontend/seasonalevent/seasonaleventstierskipbutton.lua
7a50db7ec88d327	ui/generated/widgets/frontend/seasonalevent/seasonaleventstierskipitemheader.lua
3d1c3e4d46998d1	ui/generated/widgets/frontend/seasonalevent/seasonaleventstitleanddescription.lua
e49ad24e77760b9	ui/generated/widgets/frontend/seasonalevent/seasonaleventsuspattributecontainer.lua
c67b871b8cf1b35	ui/generated/widgets/frontend/seasonalevent/seasonaleventsusptagcontainer.lua
860e7630af59674	ui/generated/widgets/frontend/seasonalevent/seasonaleventsviewbattlepassbutton.lua
d372914e910b2cd	ui/generated/widgets/frontend/seasonalevent/seasonaleventtabtimer.lua
50fd15ad74cc61e	ui/generated/widgets/frontend/seasonalevent/seasonaleventtabtimertext.lua
30d26d4effc33ff	ui/generated/widgets/frontend/seasonalevent/seasonaleventtagbacker.lua
43f039c15d87aac	ui/generated/widgets/frontend/seasonalevent/seasonaleventtierskippopup.lua
c1eca9610ed552e	ui/generated/widgets/frontend/seasonalevent/seasonaleventtrophyhuntcelebrationoverlay.lua
16ab0c6d847ad2b	ui/generated/widgets/frontend/seasonalevent/seasonaleventtrophyhuntrewardcard.lua
886d18cf09c5d24	ui/generated/widgets/frontend/seasonalevent/seasonaleventtrophyhunttrophycounter.lua
22e565bdc51e98e	ui/generated/widgets/frontend/seasonalevent/seasonaleventxpbaramount.lua
5b4edefc812b94f	ui/generated/widgets/frontend/seasonalevent/seasoneventmasterypipcontainer.lua
91f823047e01d58	ui/generated/widgets/frontend/seasonresetpopup.lua
9e92b41172e7a5a	ui/generated/widgets/frontend/seasonunlockspopup.lua
4266267c0a5c22e	ui/generated/widgets/frontend/singleoperatorselect.lua
65a8f7dbedd4032	ui/generated/widgets/frontend/singleoperatorselectskincount.lua
bf1670e5f7137dd	ui/generated/widgets/frontend/smallcyclelist.lua
4e60df345f32e25	ui/generated/widgets/frontend/social/flyinpopupcontainer.lua
549678ff855fa30	ui/generated/widgets/frontend/social/socialcreatorname.lua
bcb7b09c4d8ce57	ui/generated/widgets/frontend/social/socialfiltersectionheader.lua
8a8a7be8b7efa4d	ui/generated/widgets/frontend/social/socialfriendsearchbutton.lua
2123d410692774a	ui/generated/widgets/frontend/social/socialinputtypeicon.lua
6bbec56c4e58ef6	ui/generated/widgets/frontend/social/socialnotificationcounter.lua
125bc61272a168c	ui/generated/widgets/frontend/social/socialpartyinvitation.lua
c4a4a81394dfd03	ui/generated/widgets/frontend/social/socialpartywidget.lua
c5e2e221a3e267b	ui/generated/widgets/frontend/social/socialplatformpresence.lua
de615da378db327	ui/generated/widgets/frontend/social/socialplayeractions.lua
627b7132f52b7ea	ui/generated/widgets/frontend/social/socialplayerbuttonemblem.lua
b037105e8b3e626	ui/generated/widgets/frontend/social/socialplayercallingcard.lua
e58290193c9ac06	ui/generated/widgets/frontend/social/socialplayeremblem.lua
a52216b2b15c7da	ui/generated/widgets/frontend/social/socialplayerstatus.lua
62e6a3da643067e	ui/generated/widgets/frontend/social/socialpopupgenericlist.lua
a335bff20242369	ui/generated/widgets/frontend/solooperatorbasicinfo.lua
082a2c8a9168f55	ui/generated/widgets/frontend/solooperatorbio.lua
becd56c3062f989	ui/generated/widgets/frontend/solooperatorselect.lua
aba6bdc64c893a0	ui/generated/widgets/frontend/sortprompt.lua
1282e381057dbe0	ui/generated/widgets/frontend/sp/bigmapentrypointbutton.lua
b5fdcdb12fdaaaf	ui/generated/widgets/frontend/sp/campaignbigmapmenu.lua
d8ec4bb9a57fc20	ui/generated/widgets/frontend/sp/campaignloadingscreen.lua
5d36dffed7f60b1	ui/generated/widgets/frontend/sp/campaignplaymenu.lua
951152927f1fba1	ui/generated/widgets/frontend/sp/campaignstickerbookmenu.lua
b7b5cf460b25b66	ui/generated/widgets/frontend/sp/spcinematicselect.lua
8376141f06049bd	ui/generated/widgets/frontend/spidergraph.lua
d9f3e1aa9a5bbe7	ui/generated/widgets/frontend/splitscreentip.lua
e63ff2956465266	ui/generated/widgets/frontend/srchallengelayout.lua
3d04911cf58f3d9	ui/generated/widgets/frontend/stickerdetails.lua
8bded08981ba340	ui/generated/widgets/frontend/store/cerstorebundleitem.lua
d72b3287d45c736	ui/generated/widgets/frontend/store/requiredcpamount.lua
6655f46ada64dd3	ui/generated/widgets/frontend/store/store4itemsrow.lua
1f4cb7473763bda	ui/generated/widgets/frontend/store/storebasicitembutton.lua
df0958e5634fa0a	ui/generated/widgets/frontend/store/storebundleitem.lua
56565775bc6eafe	ui/generated/widgets/frontend/store/storebundleitemamount.lua
fdf6bb379c81ae4	ui/generated/widgets/frontend/store/storebundlemediaitem.lua
088e789ae4edf76	ui/generated/widgets/frontend/store/storecarouselheader.lua
7d7264549160b58	ui/generated/widgets/frontend/store/storecategoryheaderrow.lua
39c9eee0a0eca3d	ui/generated/widgets/frontend/store/storefeaturedrow.lua
55cfa06fb9bfb3d	ui/generated/widgets/frontend/store/storefreetag.lua
35ff1383d67094a	ui/generated/widgets/frontend/store/storeinstagratpanel.lua
cfa0522989eb2da	ui/generated/widgets/frontend/store/storeitembuttonbackground.lua
270c53bb809517c	ui/generated/widgets/frontend/store/storeitemdetails.lua
53b83f933ba5723	ui/generated/widgets/frontend/store/storeitempurchased.lua
b569edc06ce4eff	ui/generated/widgets/frontend/store/storeitemquantity.lua
19ee41a5e2c6b87	ui/generated/widgets/frontend/store/storemastercraftitemlogo.lua
1ae4ab00c305cda	ui/generated/widgets/frontend/store/storemastercrafttooltip.lua
0429c4b0c68f404	ui/generated/widgets/frontend/store/storemybundlesbutton.lua
dbf83b6cdeb2a19	ui/generated/widgets/frontend/store/storemybundlesbuttonhint.lua
a3cbf99e8d4a2b5	ui/generated/widgets/frontend/store/storereticlepreview.lua
1854065b88125cc	ui/generated/widgets/frontend/store/storetoolbarbutton.lua
e12fca7a65df60c	ui/generated/widgets/frontend/store/titleiditembutton.lua
44c7674104d4e53	ui/generated/widgets/frontend/storeactionbuttonprompt.lua
4731db3b548c05e	ui/generated/widgets/frontend/storeactionbuttonpromptsmall.lua
4ac36e91561d18a	ui/generated/widgets/frontend/streakbuttonoverclockprompt.lua
fa6e61950093632	ui/generated/widgets/frontend/submenutab.lua
f6ed09a4a7da540	ui/generated/widgets/frontend/submenutabsbar.lua
61b1793a0d3fe5b	ui/generated/widgets/frontend/submenutabwithtimer.lua
94861fc7d06749e	ui/generated/widgets/frontend/tabpip.lua
7b0d1d8b5d8675a	ui/generated/widgets/frontend/tabsbacker.lua
4dd448adbc88bba	ui/generated/widgets/frontend/tabsspacer.lua
d026dc1a5f9de90	ui/generated/widgets/frontend/telescopeeventdeeplink.lua
431aac94dfdd54c	ui/generated/widgets/frontend/textlrarrowhighlight.lua
e32076149766dc7	ui/generated/widgets/frontend/texturedspacer.lua
334706ee94fa5db	ui/generated/widgets/frontend/textwithbracket.lua
dbb5761f165cd35	ui/generated/widgets/frontend/timedbutton.lua
67e101d77924f9d	ui/generated/widgets/frontend/tooltip.lua
12480b921aa9951	ui/generated/widgets/frontend/unlockcount.lua
44e78774219bbf3	ui/generated/widgets/frontend/wallet.lua
2003e88ab62a529	ui/generated/widgets/frontend/warzonepremiumfreetrialupselltab.lua
d2a4410e71f91ac	ui/generated/widgets/frontend/warzonepremiumpreorderupselltab.lua
740764fccb4e835	ui/generated/widgets/frontend/warzonepremiumupselltab.lua
1816dc5c776186d	ui/generated/widgets/frontend/warzonepremiumupselltablabel.lua
1d17d2ae318b944	ui/generated/widgets/frontend/warzonepremiumupselltablabelinternal.lua
45fbf28af63180a	ui/generated/widgets/frontend/weaponquickequipcontainer.lua
d2b3f616bcb3bc2	ui/generated/widgets/frontend/weapons/armorybutton.lua
49e3e81e893763b	ui/generated/widgets/frontend/weapons/armorybuttonbase.lua
0f2d2ff543f6845	ui/generated/widgets/frontend/weapons/baseweaponbutton.lua
6e8d3bce96af1b7	ui/generated/widgets/frontend/weapons/blueprintbinkpreview.lua
58eb3c2bbc15d00	ui/generated/widgets/frontend/weapons/gunsmithattachmentbutton.lua
23d2c4a6324114c	ui/generated/widgets/frontend/weapons/gunsmithattachmentcategory.lua
71b6e964ba7c735	ui/generated/widgets/frontend/weapons/gunsmithattachmentcategorybase.lua
149f66358b503cd	ui/generated/widgets/frontend/weapons/gunsmithattachmentdetailbutton.lua
16f3a420359cb7c	ui/generated/widgets/frontend/weapons/gunsmithattachmentdetailbuttonbase.lua
0f05b5518a74021	ui/generated/widgets/frontend/weapons/gunsmithattachmentpointer.lua
10b1d30c0f8a674	ui/generated/widgets/frontend/weapons/gunsmithbuttonwrapper.lua
05b7747c8d75dbd	ui/generated/widgets/frontend/weapons/gunsmithbuttonwrapperbase.lua
ef66a5a0c10ce00	ui/generated/widgets/frontend/weapons/gunsmithprogressionbutton.lua
b1419b0ec65c875	ui/generated/widgets/frontend/weapons/gunsmithprogressionbuttonhint.lua
2f7a95eda07e9fc	ui/generated/widgets/frontend/weapons/gunsmithtooltip.lua
c446e64e6730e71	ui/generated/widgets/frontend/weapons/gunsmithweapondetails.lua
ba8c8276de990ce	ui/generated/widgets/frontend/weapons/mpweaponmenubutton.lua
d3352b958797a39	ui/generated/widgets/frontend/weapons/protunedtag.lua
72ae030a4831488	ui/generated/widgets/frontend/weapons/reticlepreview.lua
3c433746d318981	ui/generated/widgets/frontend/weapons/tacticalbuildlockup.lua
27c01f0567adab7	ui/generated/widgets/frontend/weapons/weaponarmorybase.lua
9802a1a5f3f5f45	ui/generated/widgets/frontend/weapons/weaponbaseedit.lua
706aa8f37820cec	ui/generated/widgets/frontend/weapons/weaponblueprintbranding.lua
926d9f4bfb398cc	ui/generated/widgets/frontend/weapons/weaponbuildbutton.lua
4635342c751903e	ui/generated/widgets/frontend/weapons/weaponinfopanel.lua
d9ffad8849f14af	ui/generated/widgets/frontend/weapons/weaponinfopanelbase.lua
c6c0be2b76d23a8	ui/generated/widgets/frontend/weapons/weapontabsbutton.lua
158cbf99b069f66	ui/generated/widgets/frontend/weaponscasedetailscontainer.lua
87788a00577c9a7	ui/generated/widgets/frontend/worldblurdarkbacker.lua
36e5560091e22b5	ui/generated/widgets/frontend/worldblurlightbacker.lua
bfdfee2c9a822d4	ui/generated/widgets/frontend/worldmap/claimedterritories.lua
21b02e9cf574443	ui/generated/widgets/frontend/worldmap/factiondetails.lua
c0b3e2fe898b96c	ui/generated/widgets/frontend/worldmap/factiondetailsitem.lua
3ad2e9cfe25c8d5	ui/generated/widgets/frontend/worldmap/missiondetails.lua
b2d1a6103a1f6de	ui/generated/widgets/frontend/worldmap/missionprogress.lua
c5ab272b5afacee	ui/generated/widgets/frontend/worldmap/operationbriefing.lua
51e072d65ef1a10	ui/generated/widgets/frontend/worldmap/operationeventbanner.lua
d32d25fc147b975	ui/generated/widgets/frontend/worldmap/operationobjective.lua
20289ef74b066c2	ui/generated/widgets/frontend/worldmap/operationobjectives.lua
19ed019d9e0f82a	ui/generated/widgets/frontend/worldmap/operationrewards.lua
6dea5648f2e5391	ui/generated/widgets/frontend/worldmap/operationrewardscontainer.lua
5af227ce33f0869	ui/generated/widgets/frontend/worldmap/territoryoperationreward.lua
6ba25a16aa4a827	ui/generated/widgets/frontend/worldmapmenubutton.lua
ecf58996ac21779	ui/generated/widgets/frontend/worldmapplaymenu.lua
e009a0e89a69238	ui/generated/widgets/frontend/worldmapspbuttons.lua
5bca1c602bad577	ui/generated/widgets/frontend/worldmaptab.lua
959146a21ff83fd	ui/generated/widgets/frontend/xpbonuslist.lua
590a69a8f0af4cc	ui/generated/widgets/frontend/zm/gobblegumeditbutton.lua
80d879894f3c5a9	ui/generated/widgets/frontend/zm/gobblegumpack.lua
5a56dbbaacf9d41	ui/generated/widgets/frontend/zm/gobblegumpackoptions.lua
0d2c6bbb7636862	ui/generated/widgets/frontend/zm/gobblegumrestrictionwarning.lua
6ea0dadc4a656d2	ui/generated/widgets/frontend/zm/wonderweaponblueprintbutton.lua
b51e7527805bac6	ui/generated/widgets/frontend/zm/wonderweaponitemdetails.lua
dac6ba246cfd8ef	ui/generated/widgets/frontend/zm/wonderweaponspecialabilitytext.lua
b717673fc7d6439	ui/generated/widgets/frontend/zm/zmgobblegumviewitem.lua
b3fd2d16c27e6b3	ui/generated/widgets/frontend/zm/zmlobbyinfopanel.lua
91d96b300752ee5	ui/generated/widgets/frontend/zm/zmmaplist.lua
bef960d968469dc	ui/generated/widgets/frontend/zm/zmmaplistheader.lua
8e27a1577198d6f	ui/generated/widgets/frontend/zm/zmquestrewards.lua
89eeb3af4f0560e	ui/generated/widgets/frontend/zm/zmsavefilebutton.lua
2381c98d02d7d1d	ui/generated/widgets/frontendinventorybuttonoverlay.lua
a1bd81bf8a2633e	ui/generated/widgets/ftue/ftuehintsection.lua
8af9feb312ee390	ui/generated/widgets/fullscreenbutton.lua
48373ddf03add33	ui/generated/widgets/fullscreencountdowninfo.lua
56b4fa8c143ad42	ui/generated/widgets/fullscreentakeoversplash.lua
852e5321855bdf7	ui/generated/widgets/fullscreenvideobutton.lua
197ce2a708bba8e	ui/generated/widgets/fullscreenvignettedarkener.lua
57327c7bb41d3d0	ui/generated/widgets/fullscreenwebviewserviceunreachable.lua
04484a44b39cee3	ui/generated/widgets/fxmask.lua
52c75ab0afcc507	ui/generated/widgets/gamebladewidget.lua
1ba9898b7b9d844	ui/generated/widgets/gamelogo.lua
1894948ca9ea8e1	ui/generated/widgets/gamemodeinfoheader.lua
e5265866457da27	ui/generated/widgets/gamemodeinfosmall.lua
2d524c226ca70ff	ui/generated/widgets/gasmaskframe.lua
9d981f11bcffd0a	ui/generated/widgets/gasmaskoverlay.lua
c3b4fecfef177f8	ui/generated/widgets/gasmaskvisordamageoverlay.lua
8829bc003cf74d7	ui/generated/widgets/geigercounterhint.lua
66bd87cb629db33	ui/generated/widgets/genericarrowbutton.lua
2665d4b94e63785	ui/generated/widgets/genericbackgroundgrain.lua
7522d9db6a0a35d	ui/generated/widgets/genericborderframe.lua
5e71fa29ec41a23	ui/generated/widgets/genericboxfillandstroke.lua
c5671ba175d9d42	ui/generated/widgets/genericbutton.lua
e512692beb74d92	ui/generated/widgets/genericbuttonbackground.lua
7994f9c0694bbaf	ui/generated/widgets/genericbuttonwithcolorpreview.lua
0d08a29af59ae0b	ui/generated/widgets/genericbuttonwithvalue.lua
764b2270ad53693	ui/generated/widgets/genericcheckbox.lua
bcdbe4171910a43	ui/generated/widgets/genericcheckboxbutton.lua
1b05703cb219890	ui/generated/widgets/genericcyclelist.lua
2d9ea34269550c3	ui/generated/widgets/genericdepletionbar.lua
bbebb6a9497138f	ui/generated/widgets/genericdropdown.lua
6a84258b7442ff3	ui/generated/widgets/genericdropdownbackground.lua
8368cb90b254557	ui/generated/widgets/genericdropdownlist.lua
227ac9190a75c3f	ui/generated/widgets/genericdropdownlistbutton.lua
85953a8e57bfa8e	ui/generated/widgets/genericduallabelbutton.lua
8de92b4824ba107	ui/generated/widgets/genericeditbox.lua
2e311d62a58a176	ui/generated/widgets/genericeditboxoption.lua
207459a92b70f13	ui/generated/widgets/genericeditboxtrailing.lua
3a1a4065c3cfe9f	ui/generated/widgets/genericeinkbackground.lua
e41c385f0ce0b11	ui/generated/widgets/genericexpander.lua
80e9ab5cd2b98fd	ui/generated/widgets/genericexpanderexpandwidget.lua
59013dacb9e69c4	ui/generated/widgets/genericfillbar.lua
4a25e2d625d09a7	ui/generated/widgets/genericheader.lua
636c03459169aaf	ui/generated/widgets/genericholdbutton.lua
a9c5a9355b8750c	ui/generated/widgets/genericitembonus.lua
94664fb92d32da1	ui/generated/widgets/genericitemdetails.lua
b28bde4133d00c1	ui/generated/widgets/genericiteminfo.lua
7d67a05ca9498b9	ui/generated/widgets/genericjupitermenuglow.lua
96db51ba2d3180c	ui/generated/widgets/genericjupitertechoverlaylowelements.lua
a1cd5ca1dbd0ca4	ui/generated/widgets/genericline.lua
b7de391575606bb	ui/generated/widgets/genericlistarrowbuttonbackground.lua
fbb8bc5076bafc5	ui/generated/widgets/genericlock.lua
3a74908d8b20453	ui/generated/widgets/genericopenfullscreenbutton.lua
60ab4b1aca3d51b	ui/generated/widgets/genericoptionbutton.lua
044cbddc450bef7	ui/generated/widgets/genericoptionbuttonbackground.lua
2d0c665891d3982	ui/generated/widgets/genericoptionbuttonbase.lua
58fc76d98f6c6aa	ui/generated/widgets/genericoptionseparator.lua
f1566f39f62574b	ui/generated/widgets/genericoptionsubcategorytitle.lua
a50e875db96896c	ui/generated/widgets/genericparentlessexpander.lua
6dde23c96dce3a1	ui/generated/widgets/genericpopupframe.lua
b972d7e0b5cf67c	ui/generated/widgets/genericpopupwindow.lua
037796cad29d27a	ui/generated/widgets/genericprogressbar.lua
9effdbbcf4b214b	ui/generated/widgets/genericprogressbarcompleted.lua
088bc3ee069822c	ui/generated/widgets/genericprogressbarvertical.lua
843e6c4d285e24f	ui/generated/widgets/genericradialprogressbar.lua
a7e39a9e154619b	ui/generated/widgets/genericradialprogressbar_stickerbooks.lua
4a187f1ad923511	ui/generated/widgets/genericradio.lua
bc2f8331d779885	ui/generated/widgets/genericrevealprogressbar.lua
ad222a11c2f74fc	ui/generated/widgets/genericroundedrectangle.lua
ebab263c467a424	ui/generated/widgets/genericselectionbutton.lua
e3230dcd22672bd	ui/generated/widgets/genericsidebutton.lua
1aea060e9931ede	ui/generated/widgets/genericsidebuttonsrow.lua
c86c4527e82ccf4	ui/generated/widgets/genericsliderbar.lua
debb2e4c0634246	ui/generated/widgets/genericsliderbar02.lua
44492ab5fd79bb6	ui/generated/widgets/genericsliderbarpoint.lua
badd17d18441158	ui/generated/widgets/genericsliderwitheditbox.lua
ccaba60c7336d12	ui/generated/widgets/genericspacer.lua
988340916b068b7	ui/generated/widgets/generictextelement.lua
521d95ff6d8537a	ui/generated/widgets/generictogglebutton.lua
8fbae9a8fbd13a4	ui/generated/widgets/globalpanelbackground.lua
a7bdb41b98e6b18	ui/generated/widgets/globalpanelchannels.lua
70e57d6ca1a836d	ui/generated/widgets/globalpanelnavbutton.lua
e6efef478b70846	ui/generated/widgets/globalpanelnavigation.lua
341a1e0dbf2c8cc	ui/generated/widgets/globalpanelnotifications.lua
8bf0fbee610ad2f	ui/generated/widgets/globalpaneloffline.lua
efa4be502df1892	ui/generated/widgets/globalpaneloptions.lua
b24e23391bcc159	ui/generated/widgets/globalpanelplayer.lua
a566e1a85d3184b	ui/generated/widgets/globalpanelsubheader.lua
19a368ee952b82f	ui/generated/widgets/globalpaneltab.lua
e1efdbd2fbcc2a3	ui/generated/widgets/globalplayerbutton.lua
22bc2f193eb2763	ui/generated/widgets/globalsocialparty.lua
aa6c614bbc96c95	ui/generated/widgets/globalsocialpartymember.lua
9d79abbb203b99a	ui/generated/widgets/glowanimatedforheaders.lua
c5761129983e04c	ui/generated/widgets/glowbuttonbacker.lua
eb145ad71b3bba6	ui/generated/widgets/glowbuttoneffects.lua
5c47d8f41eab291	ui/generated/widgets/glowbuttonstore.lua
6c306a1be7b64ff	ui/generated/widgets/glowrevealprogressbar.lua
e2d899bd3fc174e	ui/generated/widgets/grenadepulse.lua
f990da06ffc2f6e	ui/generated/widgets/gridcountarrows.lua
ec6e085147d8f10	ui/generated/widgets/gridpagepips.lua
fec574e592a7261	ui/generated/widgets/gunfighterunavailableforwzlegacy.lua
bb6e76081591cfa	ui/generated/widgets/gunfighterunavailableprompt.lua
900496c1e10dcbc	ui/generated/widgets/gunsmithpreviewbutton.lua
f7ca07b7ba176c5	ui/generated/widgets/gunsmithpreviewbuttonbase.lua
3cd407f54b6fbf1	ui/generated/widgets/gunsmithpreviewbuttons.lua
dcc270e877dda48	ui/generated/widgets/gunsmithpreviewbuttonsbase.lua
971cf6ac46c331d	ui/generated/widgets/havocmodthreshold.lua
15f6619d056b8e9	ui/generated/widgets/headeronlyexpander.lua
5e4a965ab36ae78	ui/generated/widgets/headeronlyexpanderheader.lua
eee7dbd7c7c1ea9	ui/generated/widgets/healthequipment.lua
246ac495f11bb8c	ui/generated/widgets/highvaluesectorplayermessage.lua
e0e35d458ebf008	ui/generated/widgets/hudactiveweapon.lua
4ce14d1505dba85	ui/generated/widgets/hudeditor/colorpicker.lua
3feb0c114459f0e	ui/generated/widgets/hudeditor/colorpickersquare.lua
da12863972cddf6	ui/generated/widgets/hudeditor/customizewindowoption.lua
c842d99d0d62583	ui/generated/widgets/hudeditor/editlayoutselector.lua
8c79a7fecb9efe6	ui/generated/widgets/hudeditor/editlayoutwindow.lua
a4230c92da5dea4	ui/generated/widgets/hudeditor/hudeditorcolors.lua
e4eaaa605cbdb8f	ui/generated/widgets/hudeditor/hudeditoritem.lua
23c40c6f7ecab0f	ui/generated/widgets/hudeditor/hudeditorlayouts.lua
1297a6072b95167	ui/generated/widgets/hudeditor/hudeditorminimap.lua
bb168922b8f8a6e	ui/generated/widgets/hudeditor/hudeditorthemes.lua
9ab2ae85d9bc3c9	ui/generated/widgets/hudeditor/hudeditorvisuals.lua
bf628ecdbd59dc8	ui/generated/widgets/hudeditor/hudeditorwidgetvisibility.lua
9b6be6d7727edc7	ui/generated/widgets/hudeditor/layoutselectpip.lua
30c55a1fd24f8bc	ui/generated/widgets/hudeditor/layoutselectpips.lua
b40ff67f885df2a	ui/generated/widgets/hudeditor/layoutselectwindow.lua
bce651126efc552	ui/generated/widgets/hudeditor/widgetselectpips.lua
a93fd1fc4133d3e	ui/generated/widgets/hudloadoutwidget.lua
9dd09196c01139e	ui/generated/widgets/hudloadoutwidgetbacker.lua
9b88f43179d0302	ui/generated/widgets/hudwidgetbacker.lua
60189f2470f3580	ui/generated/widgets/imagemaximized.lua
97c9de1958eca74	ui/generated/widgets/incompatattachcomparewidget.lua
b4f734168ec18b5	ui/generated/widgets/incompatibleattachwidget.lua
700c30c49ff1101	ui/generated/widgets/infopanelgamemodes.lua
84630000c53831e	ui/generated/widgets/infopanelmaps.lua
919cdf21f9fed24	ui/generated/widgets/infopanelprompts.lua
36e6d2a71033d7a	ui/generated/widgets/ingame/altfiretypeicons.lua
ab9e81d68b537aa	ui/generated/widgets/ingame/alttacstancetypeicons.lua
5bb5277f55eda86	ui/generated/widgets/ingame/ammocounterempty.lua
dab31f98bc13635	ui/generated/widgets/ingame/ammocounterpanel.lua
899b852f16593eb	ui/generated/widgets/ingame/benchmarkprogresstile.lua
7ce37cecd82fd56	ui/generated/widgets/ingame/benchmarkzoneprogressbar.lua
777cfbb8a7ac557	ui/generated/widgets/ingame/bodycamhackactive.lua
d7a0b94d146657d	ui/generated/widgets/ingame/brhavocprogress.lua
4a8bfacdcbc9b6a	ui/generated/widgets/ingame/calloutmarkerfeedback.lua
76e7b7ed0315c8b	ui/generated/widgets/ingame/calloutmarkerfeedbackpip.lua
3cf665566f97439	ui/generated/widgets/ingame/calloutmarkerping.lua
165ffbab19d2773	ui/generated/widgets/ingame/calloutmarkerpinganchorcontainer.lua
a0a1600056a3819	ui/generated/widgets/ingame/calloutmarkerpingpartynum.lua
3c67054514de93a	ui/generated/widgets/ingame/calloutmarkerpingpulse.lua
5da1930fb7b7c8e	ui/generated/widgets/ingame/carrieditem.lua
ba87fe087f1c9fa	ui/generated/widgets/ingame/carrieditemcapacity.lua
7f5aef5fbe698ae	ui/generated/widgets/ingame/carrieditemcounter.lua
81546c24144ec40	ui/generated/widgets/ingame/carrieditemprompt.lua
9cf63cdf5b2cf1c	ui/generated/widgets/ingame/challengecompletedsplash.lua
1a33ed84e342eec	ui/generated/widgets/ingame/chatbox.lua
abcfa6dbd75d667	ui/generated/widgets/ingame/chyroncontainer.lua
7a562157d40fe79	ui/generated/widgets/ingame/circledamageindicator.lua
cbffe69088beb0d	ui/generated/widgets/ingame/circledamageindicatorcontour.lua
320168a89f81f7c	ui/generated/widgets/ingame/codcaster/brcodcasterarmorbar.lua
9045217fcc9779c	ui/generated/widgets/ingame/codcaster/brcodcastersinglearmorpip.lua
e46e3e5bc0e9343	ui/generated/widgets/ingame/codcaster/brcodcasterstatuseffect.lua
2acde21b94b7b20	ui/generated/widgets/ingame/codcaster/codcasterattackdefend.lua
e331694dcf867ff	ui/generated/widgets/ingame/codcaster/codcastercontestedoverlay.lua
f3313379d5b4b7d	ui/generated/widgets/ingame/codcaster/codcasterdataview.lua
7fa3f4704b82061	ui/generated/widgets/ingame/codcaster/codcasterdataviewlist.lua
9432264a2b22cc0	ui/generated/widgets/ingame/codcaster/codcasterdataviewlistheader.lua
77825c5897e1463	ui/generated/widgets/ingame/codcaster/codcasterdataviewlistrow.lua
218aa2616696f4d	ui/generated/widgets/ingame/codcaster/codcasterdataviewlistscontainer.lua
9ba67c10f516430	ui/generated/widgets/ingame/codcaster/codcasterequipment.lua
3ced13ac097093c	ui/generated/widgets/ingame/codcaster/codcasterequipmentcounter.lua
d1b793e50ccfddc	ui/generated/widgets/ingame/codcaster/codcasterequipmentscontainer.lua
dfa8b624efa2d69	ui/generated/widgets/ingame/codcaster/codcasterfullscreenmap.lua
2bf9af73bb169ef	ui/generated/widgets/ingame/codcaster/codcasterkillcam.lua
3b2158e7eb639b5	ui/generated/widgets/ingame/codcaster/codcasterkillcamteamlogo.lua
98ecc41c5a5ccfb	ui/generated/widgets/ingame/codcaster/codcasterkillcamweaponinfo.lua
06ea55ae0f055e9	ui/generated/widgets/ingame/codcaster/codcasterkillstreakfieldupgradenotification.lua
87f69257766e882	ui/generated/widgets/ingame/codcaster/codcasterkillstreakscontainer.lua
b426b7517b734a5	ui/generated/widgets/ingame/codcaster/codcastermatchdetails.lua
60422e0e66283b6	ui/generated/widgets/ingame/codcaster/codcastermatchstartcountdown.lua
8ea406440656dff	ui/generated/widgets/ingame/codcaster/codcasterminimap.lua
4ff3b4a63313b1f	ui/generated/widgets/ingame/codcaster/codcasternotificationlist.lua
56bad62aff3197a	ui/generated/widgets/ingame/codcaster/codcasterobituarycontainer.lua
88369800eb58a0b	ui/generated/widgets/ingame/codcaster/codcasterobituarykill.lua
d53ea3d8adc7760	ui/generated/widgets/ingame/codcaster/codcasterobjectivearrow.lua
10320fff15c8e31	ui/generated/widgets/ingame/codcaster/codcasterobjectivedatadriven.lua
b0fce687be9d1f0	ui/generated/widgets/ingame/codcaster/codcasterobjectivedatadrivencontainer.lua
db08e0be2cedc06	ui/generated/widgets/ingame/codcaster/codcasterobjectiveicon.lua
8d2187ca1023d81	ui/generated/widgets/ingame/codcaster/codcasterobjectivestatus.lua
b0638d656e9a3a5	ui/generated/widgets/ingame/codcaster/codcasterpip.lua
cfe8d05e308dbe7	ui/generated/widgets/ingame/codcaster/codcasterplayercard.lua
39b29e51d8bd8c6	ui/generated/widgets/ingame/codcaster/codcasterplayercardcontainer.lua
87dbc3643d9ee16	ui/generated/widgets/ingame/codcaster/codcasterplayercardstats.lua
3ce0e6758e0e447	ui/generated/widgets/ingame/codcaster/codcasterplayerlistrowwidget.lua
4b14f2a11a68720	ui/generated/widgets/ingame/codcaster/codcasterplayerlistsubheaderrow.lua
7f6a5b4f68032b3	ui/generated/widgets/ingame/codcaster/codcasterportrait.lua
7a9232212447d9f	ui/generated/widgets/ingame/codcaster/codcasterportraitbackground.lua
2f78565dae6d0bb	ui/generated/widgets/ingame/codcaster/codcasterportraitlist.lua
38d73256790e699	ui/generated/widgets/ingame/codcaster/codcasterportraitlistteamlogo.lua
d255c2709cdc4f0	ui/generated/widgets/ingame/codcaster/codcasterpostgame.lua
e61bfa73dae18a4	ui/generated/widgets/ingame/codcaster/codcasterprogressbar.lua
3657f8e60ef17f9	ui/generated/widgets/ingame/codcaster/codcasterroundend.lua
53557ccc74909c0	ui/generated/widgets/ingame/codcaster/codcasterroundendteaminfo.lua
a3bec6f8c7d75d3	ui/generated/widgets/ingame/codcaster/codcasterscoreheader.lua
e271a93254c1c95	ui/generated/widgets/ingame/codcaster/codcasterscoreheaderannouncements.lua
88a3b9e9fa8e064	ui/generated/widgets/ingame/codcaster/codcasterscoreheadercontrol.lua
9e0e571d6002f68	ui/generated/widgets/ingame/codcaster/codcasterscoreheaderhardpoint.lua
f6d04a874e45acf	ui/generated/widgets/ingame/codcaster/codcasterscoreheaderlivesandhp.lua
f5c76cba39b4937	ui/generated/widgets/ingame/codcaster/codcasterscoreheaderobjectives.lua
4c7e6d0726a48e0	ui/generated/widgets/ingame/codcaster/codcasterscoreheaderseriesscore.lua
ed950f17afced3e	ui/generated/widgets/ingame/codcaster/codcasterscoreheadersnd.lua
f6525f6a9e252b9	ui/generated/widgets/ingame/codcaster/codcasterseriestextcountdown.lua
5a8e1e9772266a7	ui/generated/widgets/ingame/codcaster/codcastersponsors.lua
0fb57e7a33f9408	ui/generated/widgets/ingame/codcaster/codcastersponsorsfeaturedplayer.lua
c30a943eecee6a8	ui/generated/widgets/ingame/codcaster/codcastersponsorsteamlistbanner.lua
8e2dcefa60c94af	ui/generated/widgets/ingame/codcaster/codcasterstatuseffect.lua
ac3922823c43ee7	ui/generated/widgets/ingame/codcaster/codcasterstatusicon.lua
e1521a86cf49571	ui/generated/widgets/ingame/codcaster/codcasterteamlist.lua
b1a21013dfc1fae	ui/generated/widgets/ingame/codcaster/codcasterteamlistbannercontainer.lua
b8270608c036b70	ui/generated/widgets/ingame/codcaster/codcasterteamlistheader.lua
7d087a07dfa4b28	ui/generated/widgets/ingame/codcaster/codcasterteamlistplayernames.lua
106dfd2a416b3f6	ui/generated/widgets/ingame/codcaster/codcasterteamlists.lua
4752cc73d576381	ui/generated/widgets/ingame/codcaster/codcasterteamlistseparators.lua
111f9e12ef2a5fe	ui/generated/widgets/ingame/codcaster/codcastertimedfieldupgradeicon.lua
a4629dae7485bbd	ui/generated/widgets/ingame/codcaster/codcastertimer.lua
95c57a9564a1843	ui/generated/widgets/ingame/codcaster/codcastertimerarrows.lua
0443cee136baca7	ui/generated/widgets/ingame/codcaster/codcasterwaypoint.lua
0e42e2c46dbb253	ui/generated/widgets/ingame/codcaster/codcasterweaponcontainer.lua
fb229a0a9b3475c	ui/generated/widgets/ingame/collisionindicator.lua
397880077da112a	ui/generated/widgets/ingame/combometer.lua
65414dd974dcc47	ui/generated/widgets/ingame/compass.lua
b465ca43dcb0906	ui/generated/widgets/ingame/compassbase.lua
7f9aeb4e9bd174b	ui/generated/widgets/ingame/compassdegree.lua
69575d609155e56	ui/generated/widgets/ingame/cp/cplocalplayerwavesplashbanner.lua
517ecf49b76e36d	ui/generated/widgets/ingame/damagenumber.lua
07241dab162788c	ui/generated/widgets/ingame/damagenumbercontainer.lua
5d9c850260d43bb	ui/generated/widgets/ingame/dronecompass.lua
17765ceed6a2f78	ui/generated/widgets/ingame/ekghealth.lua
9f6d1560cd64e3e	ui/generated/widgets/ingame/emotedpadbutton.lua
c0f1d65f3c3b363	ui/generated/widgets/ingame/emotelist.lua
6d460a1b79a7d8c	ui/generated/widgets/ingame/emotelistitem.lua
166624ec2772be5	ui/generated/widgets/ingame/emoteprompt.lua
6453feec68fe422	ui/generated/widgets/ingame/emptargetdetector.lua
e4b4bd97eba7d05	ui/generated/widgets/ingame/equipmentcontainercombined.lua
ce95c114c498840	ui/generated/widgets/ingame/equipmentcontainerhardcore.lua
56c25ad6dce7170	ui/generated/widgets/ingame/equipmentitem.lua
0551857e6911108	ui/generated/widgets/ingame/equipmentnvg.lua
502a98498e44e67	ui/generated/widgets/ingame/fieldupgradeparkedsplash.lua
1eb2fd452051bac	ui/generated/widgets/ingame/framecorners.lua
b45bb4c5c8654bb	ui/generated/widgets/ingame/gamemessagehud.lua
a72cb25a2992d14	ui/generated/widgets/ingame/gamemodeinfo.lua
ada1350446a940e	ui/generated/widgets/ingame/gamemodescoreelement.lua
c7f64b4696149e1	ui/generated/widgets/ingame/gamemodescoresheet.lua
dab768194384fdc	ui/generated/widgets/ingame/gameplaycomparevaluestats.lua
14dc59d45abf723	ui/generated/widgets/ingame/gameplayplayerstats.lua
5d2eecc1ad6ab8b	ui/generated/widgets/ingame/gameplayprogressionstats.lua
5415b4f0658292f	ui/generated/widgets/ingame/gameplaystatdata.lua
23c3abbf99bcbbc	ui/generated/widgets/ingame/gameplaystats.lua
bd387664fbc67b4	ui/generated/widgets/ingame/gameplaystatvaluedata.lua
cd9e21fad58fa41	ui/generated/widgets/ingame/gameplaystatweaponstat.lua
0a0c5d70669a394	ui/generated/widgets/ingame/gascancallout.lua
321eb562d61dd83	ui/generated/widgets/ingame/havocmodtimer.lua
bc7a162529b228d	ui/generated/widgets/ingame/havocprogress.lua
365ab9d3dd92a2d	ui/generated/widgets/ingame/healthbarhud.lua
ce8452d8303f6f4	ui/generated/widgets/ingame/hintscontainer.lua
3c0c106121a6dc0	ui/generated/widgets/ingame/hitmarker.lua
2ff33b483a56ff8	ui/generated/widgets/ingame/hitmarkeranchored.lua
ffaffc8e26cd334	ui/generated/widgets/ingame/hitmarkeranchoredspawner.lua
5e1439155976adb	ui/generated/widgets/ingame/hitmarkercritkillstackablecontainer.lua
448aabfe459ffbb	ui/generated/widgets/ingame/hitmarkerequipstackablecontainer.lua
44361a8c7ed9616	ui/generated/widgets/ingame/hitmarkerexplo.lua
ad4458b8dfd6229	ui/generated/widgets/ingame/hitmarkerhardobjectstackablecontainer.lua
320a5248389febd	ui/generated/widgets/ingame/hitmarkericon.lua
35bc7ef2e7b4f07	ui/generated/widgets/ingame/hitmarkerkillstackablecontainer.lua
b47863735ed1bd7	ui/generated/widgets/ingame/hitmarkerquad.lua
ffd0b0e5c79d422	ui/generated/widgets/ingame/hitmarkerquadwrapper.lua
bbc36f2e7d31fa0	ui/generated/widgets/ingame/hitmarkerstackable.lua
04dd19d00378a37	ui/generated/widgets/ingame/hitmarkerstackablecontainer.lua
fdd98419e502c67	ui/generated/widgets/ingame/hitmarkerstackablemanager.lua
f0f9ae35ca253e9	ui/generated/widgets/ingame/hitmarkertick.lua
54f234e82d68d4f	ui/generated/widgets/ingame/hudframe.lua
b5dbc91920f58cd	ui/generated/widgets/ingame/hudobjectivewidget.lua
709f104d4d16903	ui/generated/widgets/ingame/ingameintrocinematic.lua
e4787b52b094bcb	ui/generated/widgets/ingame/ingamelootcardmanager.lua
e303814bf7df0bf	ui/generated/widgets/ingame/ingamemenubackground.lua
ec1bede52b5ffe4	ui/generated/widgets/ingame/interactiveobjectbutton.lua
a7ba21af49b0ea1	ui/generated/widgets/ingame/interactiveobjectbuttonicon.lua
23897b6dcad79a9	ui/generated/widgets/ingame/interactiveobjectbuttons.lua
d71cc2f8eec91fd	ui/generated/widgets/ingame/interactiveobjecticon.lua
63b3e88ec02fade	ui/generated/widgets/ingame/interactiveobjectpopup.lua
a27e0cd248ea67e	ui/generated/widgets/ingame/interactiveobjectpopupbutton.lua
5b6bfb977328c92	ui/generated/widgets/ingame/inventoryhint.lua
9e28814326a896c	ui/generated/widgets/ingame/inventoryhintprompt.lua
e95bf73088aaf71	ui/generated/widgets/ingame/itemheldinfo.lua
b7be2209af8c885	ui/generated/widgets/ingame/juptutorialmessagebackground.lua
57633249e39095f	ui/generated/widgets/ingame/killstreakearnedsplash.lua
1c4651eb910279d	ui/generated/widgets/ingame/killstreakearnedsplashstack.lua
a637d60ea7a7ff8	ui/generated/widgets/ingame/killstreaksradialmenu.lua
8abfd78c59eb194	ui/generated/widgets/ingame/lootcardcontainer.lua
14b5fa583020c50	ui/generated/widgets/ingame/lootmenuping.lua
2aff4fb1324bca8	ui/generated/widgets/ingame/lootsplash.lua
f8712c69134495f	ui/generated/widgets/ingame/lootsplashitem.lua
d88af03a418cfbf	ui/generated/widgets/ingame/matchstatuswaypoint.lua
544e56639cb0967	ui/generated/widgets/ingame/matchstatuswaypointescort.lua
53eef5367e8cef3	ui/generated/widgets/ingame/minimizedinteractiveobjects.lua
a7aa71a946889c4	ui/generated/widgets/ingame/modalhuditem.lua
70deac64d7f8611	ui/generated/widgets/ingame/modalhuditemdivider.lua
557ccad1186a35c	ui/generated/widgets/ingame/modalhuditemfocus.lua
b97331026bde412	ui/generated/widgets/ingame/modalhuditemstackedindicator.lua
e62d959e3da1863	ui/generated/widgets/ingame/modalhudlist.lua
4d7b14bafe4c847	ui/generated/widgets/ingame/mounthint.lua
ecfeba567f521a9	ui/generated/widgets/ingame/mp/aar/aarchampionsquestlogo.lua
f470a42396dba1a	ui/generated/widgets/ingame/mp/aar/aarchampionsquestrewardsbr.lua
f89d5b72ed2337f	ui/generated/widgets/ingame/mp/aar/aarchampionsquestrewardsparade.lua
834943a52dd96c0	ui/generated/widgets/ingame/mp/aar/aarchampionsquestrewardsparadeitem.lua
6edb352b1e6eb19	ui/generated/widgets/ingame/mp/aar/aartallyscoreboardlineitem.lua
0d16015c02dd27d	ui/generated/widgets/ingame/mp/ammocounter.lua
a05b2f27ed6c768	ui/generated/widgets/ingame/mp/ammooverheatmeter.lua
8b1e4f595fba3bd	ui/generated/widgets/ingame/mp/ammowarning.lua
794e35b62bab058	ui/generated/widgets/ingame/mp/arena/arenaloadout.lua
c2dcf1ba91d984e	ui/generated/widgets/ingame/mp/arena/arenaloadoutattachments.lua
2a2498943a25c7f	ui/generated/widgets/ingame/mp/arena/arenaloadoutcontainer.lua
f5501b00f9e3cbe	ui/generated/widgets/ingame/mp/arena/arenaloadoutcontainerbase.lua
2f6ea7f724acfb8	ui/generated/widgets/ingame/mp/arena/arenaloadoutequipment.lua
8b2461e5c047356	ui/generated/widgets/ingame/mp/arena/arenaloadoutminiattachment.lua
e31db8fa1be4204	ui/generated/widgets/ingame/mp/arena/arenaloadoutweapon.lua
fd470f1d267a0fa	ui/generated/widgets/ingame/mp/augmentcard.lua
a0a4e017c28b14d	ui/generated/widgets/ingame/mp/battlepasssplash.lua
15408695bec2dc2	ui/generated/widgets/ingame/mp/benchmarkstatsingame.lua
38c313ff1e953cd	ui/generated/widgets/ingame/mp/benchmarkstatsingamehorizontalcontainer.lua
0ea6265fcf3c765	ui/generated/widgets/ingame/mp/benchmarkstatsingamelabelbacking.lua
90fa4add6c38ceb	ui/generated/widgets/ingame/mp/blueprintunlocksplash.lua
0ca3ca97dc22e98	ui/generated/widgets/ingame/mp/br/aarmatchtotalvalue.lua
3e6f70560b4ec1a	ui/generated/widgets/ingame/mp/br/aarplunderbanner.lua
e3bac4fa6c94bab	ui/generated/widgets/ingame/mp/br/aarvalue.lua
298df3fc1a250a3	ui/generated/widgets/ingame/mp/br/bartercostdisplaywidget.lua
0e942f2dbfd0649	ui/generated/widgets/ingame/mp/br/barterplunderboxbutton.lua
4d2a8842623c5e5	ui/generated/widgets/ingame/mp/br/braltimeterdisplay.lua
cc49b497458cdbd	ui/generated/widgets/ingame/mp/br/braltimeterdisplaylabel.lua
72a1b57f757aafc	ui/generated/widgets/ingame/mp/br/braltimeterdisplayplayer.lua
d534db0357be731	ui/generated/widgets/ingame/mp/br/braltimeterdisplayplayers.lua
2201498fda819a6	ui/generated/widgets/ingame/mp/br/brammotypenocount.lua
f45e8193e4124b3	ui/generated/widgets/ingame/mp/br/brarea99keycardindicator.lua
fd4b093e207527f	ui/generated/widgets/ingame/mp/br/brarenaequipment.lua
d3341a559d901ac	ui/generated/widgets/ingame/mp/br/brarmordamage.lua
4bfc13a358ab169	ui/generated/widgets/ingame/mp/br/brbannerheader.lua
75979a3398fdb2f	ui/generated/widgets/ingame/mp/br/brbannersplash.lua
b7765b1459b5374	ui/generated/widgets/ingame/mp/br/brbink.lua
b95192942f3aa1a	ui/generated/widgets/ingame/mp/br/brbuybacksquadmateprompt.lua
deeb8551979b2b3	ui/generated/widgets/ingame/mp/br/brcashlost.lua
0520d6aa97135b5	ui/generated/widgets/ingame/mp/br/brcontrolleritem.lua
01e11107a20d67d	ui/generated/widgets/ingame/mp/br/brcontrollerscheme.lua
e0324a79a1cfea7	ui/generated/widgets/ingame/mp/br/brcqmatchstatustracker.lua
89f2780945ded18	ui/generated/widgets/ingame/mp/br/brdualscorebars.lua
fbb320a31a3af77	ui/generated/widgets/ingame/mp/br/brendgameaar.lua
2185172317c95fa	ui/generated/widgets/ingame/mp/br/brendgameblackbarbottom.lua
87c50ff55f528d0	ui/generated/widgets/ingame/mp/br/brendgameblackbartop.lua
94e7e8b3f6dba59	ui/generated/widgets/ingame/mp/br/brendgamecredits.lua
ebdd5ae79a10bc7	ui/generated/widgets/ingame/mp/br/brendgameplayercards.lua
52cc60c7495201a	ui/generated/widgets/ingame/mp/br/brendgameplayernumberbox.lua
ed6936fd2da091a	ui/generated/widgets/ingame/mp/br/brendgameresultsbuttons.lua
52ad2de5522f2db	ui/generated/widgets/ingame/mp/br/brendgameresultsplash.lua
5e35b91f345b474	ui/generated/widgets/ingame/mp/br/brendgamescoreboardmenu.lua
ab07c2e51399018	ui/generated/widgets/ingame/mp/br/brextractiontimer.lua
089903c7b0c2f66	ui/generated/widgets/ingame/mp/br/brfightqueuemessage.lua
6e173ccd40a8a17	ui/generated/widgets/ingame/mp/br/brfightticketmessage.lua
ecdedc51bc7e8e4	ui/generated/widgets/ingame/mp/br/brfultonmarker.lua
172c0edf530c9cb	ui/generated/widgets/ingame/mp/br/brfultonmarkercontainer.lua
c285608e45d0f62	ui/generated/widgets/ingame/mp/br/brfultonprogressbar.lua
c99445456cda727	ui/generated/widgets/ingame/mp/br/brfultontimer.lua
1e3f05fe4fa62eb	ui/generated/widgets/ingame/mp/br/brgasmask_01.lua
bcad8716c9c54d9	ui/generated/widgets/ingame/mp/br/brgasmaskmeterpip.lua
53f84ad69dc52e9	ui/generated/widgets/ingame/mp/br/brgasmaskreadout.lua
951c1c7d5bf7045	ui/generated/widgets/ingame/mp/br/brgulagmatchstatus.lua
b619f82be48b54a	ui/generated/widgets/ingame/mp/br/brgulagnextup.lua
9f5b5d42932519d	ui/generated/widgets/ingame/mp/br/brgulagplayerstatus.lua
2d1279b5f25fcc5	ui/generated/widgets/ingame/mp/br/brgulagticketcontainer.lua
4f39d19f7ca525e	ui/generated/widgets/ingame/mp/br/brhealthandarmorbars.lua
c8a27f68c3b5630	ui/generated/widgets/ingame/mp/br/brhealthandarmorbarspartymember.lua
2899143c5014f8d	ui/generated/widgets/ingame/mp/br/brhealthandarmorbarspmbacker.lua
fe46ce046283f83	ui/generated/widgets/ingame/mp/br/brhealthandarmorbarsteamplunder.lua
c88953bfe15871e	ui/generated/widgets/ingame/mp/br/brhudbunkerkeycardicon.lua
1946db4e358228c	ui/generated/widgets/ingame/mp/br/brhudhealthandarmorcontainer.lua
60437ffa81ef46a	ui/generated/widgets/ingame/mp/br/brhudplayerinfilcontrollerdisplay.lua
f315d16b5be6437	ui/generated/widgets/ingame/mp/br/brhudplayerinfilcontrollerscheme.lua
db7e0e578ca0b65	ui/generated/widgets/ingame/mp/br/brhudplayerstatusicon.lua
b0f8d4dcc06b80b	ui/generated/widgets/ingame/mp/br/brhudplayerstatusiconrespawn.lua
18881593b97dfcc	ui/generated/widgets/ingame/mp/br/brhudplayerstatusiconrevive.lua
96848c006cdac3f	ui/generated/widgets/ingame/mp/br/brhudrunningbar.lua
ebb9e79af484ac0	ui/generated/widgets/ingame/mp/br/brhudsquadstatuscontainer.lua
d6b12df0fd6164d	ui/generated/widgets/ingame/mp/br/brintelsplash.lua
2b6570cd0b5b8ec	ui/generated/widgets/ingame/mp/br/brintelsplashcontainer.lua
9a8738ae508b7dc	ui/generated/widgets/ingame/mp/br/brinteractivetradercard.lua
80a5ce552dc2874	ui/generated/widgets/ingame/mp/br/brinteractivetradercardbacker.lua
f955eacfb9a69a6	ui/generated/widgets/ingame/mp/br/brinteractivetradercardbanner.lua
a5205b834bd4beb	ui/generated/widgets/ingame/mp/br/brinteractivetradercardequipmentseparator.lua
24d0916321d6751	ui/generated/widgets/ingame/mp/br/brkeypadcontrollerscheme.lua
b4b0785d7c1c132	ui/generated/widgets/ingame/mp/br/brkioskcostdisplaywidget.lua
fbffe30ce6ed264	ui/generated/widgets/ingame/mp/br/brkioskfiresalediscountheader.lua
655861d31d4c11e	ui/generated/widgets/ingame/mp/br/brkioskresurgencediscountheader.lua
8b0e6aea7610428	ui/generated/widgets/ingame/mp/br/brkiosksalediscountheader.lua
b72b7569b9ff15d	ui/generated/widgets/ingame/mp/br/brkiosksupplyrundiscountheader.lua
16a37bb96cf6085	ui/generated/widgets/ingame/mp/br/brloadoutflyout.lua
35c9b79247c1a2b	ui/generated/widgets/ingame/mp/br/brloadoutperks.lua
d63e812f0103d0b	ui/generated/widgets/ingame/mp/br/brlogoloopanimation.lua
e522d7291ef58fd	ui/generated/widgets/ingame/mp/br/brlootcarddividerfx.lua
eef489aa152364c	ui/generated/widgets/ingame/mp/br/brlootcardinteract.lua
8d70b52c53f95ee	ui/generated/widgets/ingame/mp/br/brlootcardping.lua
9e46114c2ffd15a	ui/generated/widgets/ingame/mp/br/brlootrarityicon.lua
3a91951e554b57f	ui/generated/widgets/ingame/mp/br/brmatchstattracker.lua
e4fa3e5b9ea57f6	ui/generated/widgets/ingame/mp/br/brmatchstatusinfobar.lua
3de45a9614d82ae	ui/generated/widgets/ingame/mp/br/brmenumapcontrollerscheme.lua
b06334655d8abe7	ui/generated/widgets/ingame/mp/br/brmenumapgulaginfo.lua
da0cdbbba95792f	ui/generated/widgets/ingame/mp/br/brmenumapinfopanetitle.lua
455116b456cacb0	ui/generated/widgets/ingame/mp/br/brmenumapkey.lua
2e966a588af688f	ui/generated/widgets/ingame/mp/br/brmenumapkeylistitem.lua
bd5ad0d66a44b34	ui/generated/widgets/ingame/mp/br/brmenumapspectatingheader.lua
90be869b3b580a8	ui/generated/widgets/ingame/mp/br/brmissiontracker.lua
2dfaa0106ff766a	ui/generated/widgets/ingame/mp/br/brmissiontrackerexpandedobjectivepopoutnotification.lua
c5239bbdf61d837	ui/generated/widgets/ingame/mp/br/brmissiontrackerobjectiveinfo.lua
fcff76b07136969	ui/generated/widgets/ingame/mp/br/brmissiontrackersubobjectiveinfo.lua
b5507f5eeecf590	ui/generated/widgets/ingame/mp/br/brpausemenubuttons.lua
846270b7c5a6335	ui/generated/widgets/ingame/mp/br/brplayagaincheckmark.lua
8033ce6e0a707e0	ui/generated/widgets/ingame/mp/br/brplayagainsquadpanel.lua
8d43123d36fb1a7	ui/generated/widgets/ingame/mp/br/brplunderboxinsurebutton.lua
be6a453ef05852a	ui/generated/widgets/ingame/mp/br/brplunderboxpurchasebutton.lua
142b7485407d043	ui/generated/widgets/ingame/mp/br/brplunderboxpurchasebuttonbase.lua
4f110f3fe9a093f	ui/generated/widgets/ingame/mp/br/brplunderboxredeploybutton.lua
55973e7160e307c	ui/generated/widgets/ingame/mp/br/brplunderwidget.lua
14125b309dcf678	ui/generated/widgets/ingame/mp/br/brprematchinfo.lua
aa4bcdb377eeeaa	ui/generated/widgets/ingame/mp/br/brprogressbaraar.lua
16bb06b02011043	ui/generated/widgets/ingame/mp/br/brrankupaar.lua
878f3f92205d197	ui/generated/widgets/ingame/mp/br/brredeploymentmessage.lua
cba786d97fc69d5	ui/generated/widgets/ingame/mp/br/brredeploymenttimer.lua
563236ae0992598	ui/generated/widgets/ingame/mp/br/brredeploysolos.lua
366b55f3e8c5d16	ui/generated/widgets/ingame/mp/br/brrewards.lua
343d99562e9a264	ui/generated/widgets/ingame/mp/br/brrhealthandarmorbars.lua
3ac218d038453d2	ui/generated/widgets/ingame/mp/br/brrmissiontracker.lua
38e320a044c4de3	ui/generated/widgets/ingame/mp/br/brroguesignalprogress.lua
2d21d7ac79fc254	ui/generated/widgets/ingame/mp/br/brroguesignalrow.lua
089c472c06bbf3a	ui/generated/widgets/ingame/mp/br/brroundcounttimer.lua
5fe609cdf5d5779	ui/generated/widgets/ingame/mp/br/brscorebar.lua
c37bf8db87bab76	ui/generated/widgets/ingame/mp/br/brsecondchanceovertimetimer.lua
72baa7e8e772246	ui/generated/widgets/ingame/mp/br/brsquadwipematchstattracker.lua
95c3a31cb566e58	ui/generated/widgets/ingame/mp/br/brsquadwipenotification.lua
5fec180fbc5767f	ui/generated/widgets/ingame/mp/br/brsquadwipenotificationcontainer.lua
888b4574a7795aa	ui/generated/widgets/ingame/mp/br/brsrmatchstattracker.lua
522865da671a234	ui/generated/widgets/ingame/mp/br/brsrnotification.lua
4579c085d5cf67b	ui/generated/widgets/ingame/mp/br/brsrnotificationcontainer.lua
49dea81e78bc8e5	ui/generated/widgets/ingame/mp/br/brteamhealthbarcontainer.lua
6bbe6a8787c644c	ui/generated/widgets/ingame/mp/br/brtraderlootinfo.lua
cc6961b39297c8a	ui/generated/widgets/ingame/mp/br/brtraderweaponinfo.lua
ee00269d3c270d4	ui/generated/widgets/ingame/mp/br/bruibotsstatusinfo.lua
cccfad09a2ebe38	ui/generated/widgets/ingame/mp/br/brweaponstatusinfo.lua
2138876b34745a2	ui/generated/widgets/ingame/mp/br/brwinnerscircle.lua
b22deef25d4c4f0	ui/generated/widgets/ingame/mp/br/brwinnerscirclechallengeprogress.lua
f9181422255be27	ui/generated/widgets/ingame/mp/br/brwinnerscirclechallengeprogressitem.lua
1cb8bcac7076286	ui/generated/widgets/ingame/mp/br/brwinnerscircleenemysquadtitle.lua
78135779ce6243f	ui/generated/widgets/ingame/mp/br/brwinnerscircleheader.lua
5d8aec9ac6d0e26	ui/generated/widgets/ingame/mp/br/brwinnerscircleplacementtext.lua
6e37aba4dca8d34	ui/generated/widgets/ingame/mp/br/brwinnerscircleplayerplacard.lua
c47bf535820a289	ui/generated/widgets/ingame/mp/br/brwinnerscircleplayerstat.lua
926d2d0e576407e	ui/generated/widgets/ingame/mp/br/brwinnerscircleplayerstats.lua
af9c3877f94955e	ui/generated/widgets/ingame/mp/br/brwinnerscirclesquadtoggleprompt.lua
698c1478f3788b7	ui/generated/widgets/ingame/mp/br/brwinnerscirclestattoggleprompts.lua
f067917e59e33d6	ui/generated/widgets/ingame/mp/br/brwinnerscircleyouplayercallingcard.lua
d80c10d47fdcc52	ui/generated/widgets/ingame/mp/br/buystationbiometricscankeycardbutton.lua
f987ffdeaa61901	ui/generated/widgets/ingame/mp/br/buystationitembutton.lua
76553a68ba6dd7d	ui/generated/widgets/ingame/mp/br/buystationitemlistbutton.lua
61aac2302a251b6	ui/generated/widgets/ingame/mp/br/buystationitemlistcontent.lua
6d63d8b90f7f913	ui/generated/widgets/ingame/mp/br/buystationitemlistcontentcostwidget.lua
f686760707735c6	ui/generated/widgets/ingame/mp/br/buystationredeployallcostwidget.lua
c414f2b9151a778	ui/generated/widgets/ingame/mp/br/buystationredeploylistbutton.lua
2668c6f713201f5	ui/generated/widgets/ingame/mp/br/buystationredeploylistcontent.lua
f4776d250d07c43	ui/generated/widgets/ingame/mp/br/buystationwarningindicator.lua
c1afda330905c2e	ui/generated/widgets/ingame/mp/br/centeredmatchstatusscores.lua
7956e620de4c4b3	ui/generated/widgets/ingame/mp/br/duallabels.lua
c9ddca359fea56f	ui/generated/widgets/ingame/mp/br/gulagchyron.lua
5a0ef09faabbedd	ui/generated/widgets/ingame/mp/br/healthbar.lua
0461aa9c3812c3d	ui/generated/widgets/ingame/mp/br/leavepartywarning.lua
1ba108111fb7863	ui/generated/widgets/ingame/mp/br/loadoutstationbrcontent.lua
7f4583a9d6dadf7	ui/generated/widgets/ingame/mp/br/loadoutstationcontentbutton.lua
b7d486c1e3eda3d	ui/generated/widgets/ingame/mp/br/menumapfloatingprompt.lua
7f6d16c67fa13f4	ui/generated/widgets/ingame/mp/br/menumapmatchstatusinfo.lua
91dfe4c4f154870	ui/generated/widgets/ingame/mp/br/menumapmatchstatusinforow.lua
450947fabb050df	ui/generated/widgets/ingame/mp/br/numberboxbackgroundshine.lua
43a1078d10b0293	ui/generated/widgets/ingame/mp/br/poistarrating.lua
c563e5106d3ca32	ui/generated/widgets/ingame/mp/br/respawntimedrop.lua
039d9417c23726c	ui/generated/widgets/ingame/mp/br/resurgencemenumapredeployinfo.lua
6f611b64ab00940	ui/generated/widgets/ingame/mp/br/resurgencerespawncountdown.lua
a1bedf545e1c8a6	ui/generated/widgets/ingame/mp/br/runningbar.lua
40b12a4e3b0bac7	ui/generated/widgets/ingame/mp/br/shoprecipeitemdisplay.lua
79e3bca53d05d69	ui/generated/widgets/ingame/mp/br/squadidinfo.lua
895472a4dbecf31	ui/generated/widgets/ingame/mp/br/squadleadcontrollerscheme.lua
c3085f9e7a84b14	ui/generated/widgets/ingame/mp/br/squadleadinfoprompt.lua
ef1e06efb447237	ui/generated/widgets/ingame/mp/br/threatpipfilled.lua
f47e318777bd1c6	ui/generated/widgets/ingame/mp/br/wzscoreboardmenu.lua
bdeed8e37757c13	ui/generated/widgets/ingame/mp/br/wzscoreboardrow.lua
ff29cd9000c92cb	ui/generated/widgets/ingame/mp/br/wzscoreboardrowtotal.lua
4d6b542b7078b2e	ui/generated/widgets/ingame/mp/br/zcscorebar.lua
7f124cd9e4a45dd	ui/generated/widgets/ingame/mp/br/zcscorebarovertime.lua
a2468c1eb4a9cea	ui/generated/widgets/ingame/mp/bradley/bradleyammocounter.lua
50b1a2101114629	ui/generated/widgets/ingame/mp/bradley/tankchassis.lua
7d4de6a5ee0b8cc	ui/generated/widgets/ingame/mp/bradley/tankdiagram.lua
337bf0e933adab9	ui/generated/widgets/ingame/mp/bradley/tankdrivertacticals.lua
7fb750ad0f8733a	ui/generated/widgets/ingame/mp/bradley/tankreload.lua
3ffc7df404594ca	ui/generated/widgets/ingame/mp/bradley/tankturretback.lua
72f932bc896ebcf	ui/generated/widgets/ingame/mp/bradley/tankturretcounter.lua
7fb67a19d4396fa	ui/generated/widgets/ingame/mp/bradley/vehiclelevels.lua
d71c4c891428da8	ui/generated/widgets/ingame/mp/bradleycontrols.lua
ea4160a88246dac	ui/generated/widgets/ingame/mp/brbuystationcashdisplay.lua
ff6495b49850b07	ui/generated/widgets/ingame/mp/brperkshudwidget.lua
c3f51ef8479e173	ui/generated/widgets/ingame/mp/brperkshudwidgetinfo.lua
8bde716ed7f8ad8	ui/generated/widgets/ingame/mp/chyron.lua
e4b66af4af76008	ui/generated/widgets/ingame/mp/contractinfosplash.lua
a6e404a2a4bb3ca	ui/generated/widgets/ingame/mp/contractinfosplashbanner.lua
c56564e41632636	ui/generated/widgets/ingame/mp/contractremindersplash.lua
efe4cb1bc16a50c	ui/generated/widgets/ingame/mp/contractresultssplash.lua
2d97996dc6ceef6	ui/generated/widgets/ingame/mp/contractresultssplashbanner.lua
98a8fe0c51fe521	ui/generated/widgets/ingame/mp/currentobjective.lua
410a4e6fc640210	ui/generated/widgets/ingame/mp/damageoverlay.lua
fd899cd6dae3fd6	ui/generated/widgets/ingame/mp/dangerwarning.lua
3801509da09befb	ui/generated/widgets/ingame/mp/dangerwarningcontent.lua
3757bdae8860e55	ui/generated/widgets/ingame/mp/dartmarkzeromanualtoggle.lua
736b1047b1b8fda	ui/generated/widgets/ingame/mp/deadsilenceoverlay.lua
bf6bcb835767ecc	ui/generated/widgets/ingame/mp/disguisesixthsenseoverlay.lua
fb98bb34539a903	ui/generated/widgets/ingame/mp/dmz/biolabcountdown.lua
9332ffb91f64b6a	ui/generated/widgets/ingame/mp/dmz/brcontractcancelsplash.lua
9864a2cb2e5b39d	ui/generated/widgets/ingame/mp/dmz/dmzdisguiseoverlay.lua
ae78011f5660509	ui/generated/widgets/ingame/mp/dmz/dmzingamemissionsoverview.lua
f99ad01d7de9911	ui/generated/widgets/ingame/mp/dmz/dmzwarpconfirmationprompt.lua
0d250d2d1b7d519	ui/generated/widgets/ingame/mp/dmz/dmzwarpnotification.lua
08e2778d6ccf70a	ui/generated/widgets/ingame/mp/dmz/dmzwarpstatuspanel.lua
19048a80be7ac14	ui/generated/widgets/ingame/mp/dmz/enteringpoicontainer.lua
f69316447542b0e	ui/generated/widgets/ingame/mp/dmz/enteringpoisplash.lua
cf7db91acd73c9e	ui/generated/widgets/ingame/mp/dmz/factionmissioncountdown.lua
93c6bf91c5fccb7	ui/generated/widgets/ingame/mp/dmz/intelnote.lua
9b54af14f780ff7	ui/generated/widgets/ingame/mp/dmz/pmcmissionprogresssplash.lua
29b45af8a19d90b	ui/generated/widgets/ingame/mp/dmz/pmcmissionprogresssplashforwarder.lua
f42427ee8662706	ui/generated/widgets/ingame/mp/dmz/poieventsplash.lua
b517bafccda2d90	ui/generated/widgets/ingame/mp/dmz/poieventsplashbanner.lua
52095d9f7f06218	ui/generated/widgets/ingame/mp/duallabelsbackground.lua
0e9316376ce4513	ui/generated/widgets/ingame/mp/edgeglowoverlay.lua
a4330242fa10ff3	ui/generated/widgets/ingame/mp/edgeglowoverlayaisixthsense.lua
e717e4901b278e2	ui/generated/widgets/ingame/mp/edgeglowoverlaytrials.lua
5ed3c7400369ce9	ui/generated/widgets/ingame/mp/empbuttoncombo.lua
cf64d6915c4dc6b	ui/generated/widgets/ingame/mp/eodtablet.lua
d9476e16b52da52	ui/generated/widgets/ingame/mp/equippedperkssplash.lua
7b2cf878464043b	ui/generated/widgets/ingame/mp/equippedperkssplashicon.lua
bca11123d17992c	ui/generated/widgets/ingame/mp/esportspausenotification.lua
2322350d2019955	ui/generated/widgets/ingame/mp/ffaplayerscore.lua
09aa592b99a60fb	ui/generated/widgets/ingame/mp/ffascorehud.lua
1f002ea07ce0153	ui/generated/widgets/ingame/mp/ffavictoryplayernamebg.lua
355ae6c88eaeff1	ui/generated/widgets/ingame/mp/fieldupgrade.lua
22d09cd56efc278	ui/generated/widgets/ingame/mp/fieldupgradeicon.lua
4c2e56bee588de6	ui/generated/widgets/ingame/mp/fieldupgrademeter.lua
80d1428bea6f112	ui/generated/widgets/ingame/mp/fieldupgradenotification.lua
220bff05d77558f	ui/generated/widgets/ingame/mp/fieldupgradenotificationcontent.lua
64333a31dd1e008	ui/generated/widgets/ingame/mp/fieldupgraderealism.lua
dc7ff51be981ec1	ui/generated/widgets/ingame/mp/fieldupgrades/rallyingcryplayerindicator.lua
5ce9fb3b1657f65	ui/generated/widgets/ingame/mp/fieldupgrades/rallyingcrytargetdetectorcontainer.lua
11f7de946e1c0a3	ui/generated/widgets/ingame/mp/fieldupgradeusemessage.lua
c89fa0f23d2c34e	ui/generated/widgets/ingame/mp/frontlineimmuneicon.lua
f145359a5196073	ui/generated/widgets/ingame/mp/gameinfo.lua
27a0e70fe31b9b2	ui/generated/widgets/ingame/mp/gameplaysplash.lua
98ffeb01d842129	ui/generated/widgets/ingame/mp/gameplaysplashcontainer.lua
f4cdcc581109ed1	ui/generated/widgets/ingame/mp/genericprogress.lua
ca5b25f35f9a37a	ui/generated/widgets/ingame/mp/genericprogressnameplate.lua
47ef305fba6a695	ui/generated/widgets/ingame/mp/genericsplash.lua
c8316d9f6ff47a0	ui/generated/widgets/ingame/mp/genericsplashalt.lua
c09a2c81c4c2b82	ui/generated/widgets/ingame/mp/genericsplashanimatedaccentcap.lua
6b35996e9e323d7	ui/generated/widgets/ingame/mp/genericsplashanimatedaccentcapextension.lua
85c6cad3d72e8bf	ui/generated/widgets/ingame/mp/genericsplashcap.lua
545804f98594fae	ui/generated/widgets/ingame/mp/genericsplashcapalt.lua
bff9ea83638f18e	ui/generated/widgets/ingame/mp/genericsplashcontrolhintalt.lua
78a569e7720108d	ui/generated/widgets/ingame/mp/genericsplashcontrolhintbanner.lua
2a797f7d8d35473	ui/generated/widgets/ingame/mp/genericsplashflare.lua
1126304d5749942	ui/generated/widgets/ingame/mp/genericsplashfullscreenextensions.lua
c95ee70164b815f	ui/generated/widgets/ingame/mp/genericsplashheaderalt.lua
5cb11090b525464	ui/generated/widgets/ingame/mp/genericsplashheaderbacker.lua
c94c529f56ec830	ui/generated/widgets/ingame/mp/genericsplashheaderbaralt.lua
86c834e3b1fbf40	ui/generated/widgets/ingame/mp/genericsplashheadercontentalt.lua
39efbfbf7bc4e9c	ui/generated/widgets/ingame/mp/genericsplashheaderoverlay.lua
4fbc137823b069c	ui/generated/widgets/ingame/mp/genericsplashicon.lua
699640c9c274f8f	ui/generated/widgets/ingame/mp/genericsplashiconalt.lua
2a6754b185ab9cf	ui/generated/widgets/ingame/mp/genericsplashleftalt.lua
d4fa942a5ab55e7	ui/generated/widgets/ingame/mp/genericsplashleftstackalt.lua
d3190923c98e96f	ui/generated/widgets/ingame/mp/genericsplashsubheaderalt.lua
5824e3d71c8db94	ui/generated/widgets/ingame/mp/genericsplashsubheaderbacker.lua
925811fe6cf3200	ui/generated/widgets/ingame/mp/genericsplashsupportsymbol.lua
84204c2da497703	ui/generated/widgets/ingame/mp/genericsteppedprogressbar.lua
04a1b0eea3d0e00	ui/generated/widgets/ingame/mp/globalplayersplash.lua
782b922ec030a8c	ui/generated/widgets/ingame/mp/globalplayersplashcallout.lua
1bcf02631b2c335	ui/generated/widgets/ingame/mp/globalplayersplashtags.lua
0c2e4bcf2acafc6	ui/generated/widgets/ingame/mp/grenadestuckmessage.lua
8c04c948d8afbd2	ui/generated/widgets/ingame/mp/guntablecallouts.lua
5ef11e972432b5d	ui/generated/widgets/ingame/mp/hardcorehudpip.lua
e2593bf5524af0e	ui/generated/widgets/ingame/mp/hardcorehudstreak.lua
51b8445dfa56011	ui/generated/widgets/ingame/mp/heartbeatsensortablet.lua
8f8412a1bc2c908	ui/generated/widgets/ingame/mp/hqspawnmessage.lua
7340ba476d747d3	ui/generated/widgets/ingame/mp/hudicontype.lua
7cc96f9e225bcdc	ui/generated/widgets/ingame/mp/hudprompt.lua
9e82b7631b0af2e	ui/generated/widgets/ingame/mp/hudpromptwithlabel.lua
ee20807b3fbf9ff	ui/generated/widgets/ingame/mp/hvtplayermessage.lua
662d7e5f8539f9e	ui/generated/widgets/ingame/mp/inactivitywarnings.lua
3be28ce3bfdaa89	ui/generated/widgets/ingame/mp/infofeed.lua
9127cca81918994	ui/generated/widgets/ingame/mp/infofeedmessage.lua
88be8c0fcd51406	ui/generated/widgets/ingame/mp/ingamemenutimerstatus.lua
85154688814b846	ui/generated/widgets/ingame/mp/intelinfosplashbanner.lua
8666482e11d668b	ui/generated/widgets/ingame/mp/invasionimagelist.lua
9e94c4c2e17ba5f	ui/generated/widgets/ingame/mp/invasionkillimage.lua
43d6fc1d8c161c8	ui/generated/widgets/ingame/mp/javelincornerglow.lua
a7f50b253d8e9d8	ui/generated/widgets/ingame/mp/javelincrosshair.lua
2745af1384bdbf9	ui/generated/widgets/ingame/mp/javelinicon.lua
758799eeb79a8f4	ui/generated/widgets/ingame/mp/javelintargetingbox.lua
bc6b10dd65afd54	ui/generated/widgets/ingame/mp/javelinvision.lua
58f46aa2f282468	ui/generated/widgets/ingame/mp/killcam.lua
fa95c69f53c3c0f	ui/generated/widgets/ingame/mp/killcounter.lua
2dcc6d75dbdbc73	ui/generated/widgets/ingame/mp/killcounterbackground.lua
ad17a7a0cf275a7	ui/generated/widgets/ingame/mp/killedmessage.lua
088cb67e022ef97	ui/generated/widgets/ingame/mp/killstreakconnectionwindow.lua
0ba0233ac041db8	ui/generated/widgets/ingame/mp/killstreakenemytarget.lua
828a53ffac9f445	ui/generated/widgets/ingame/mp/killstreakenemytargetvtol.lua
74f7dd956327671	ui/generated/widgets/ingame/mp/killstreakfriendlytarget.lua
207364c3b477991	ui/generated/widgets/ingame/mp/killstreaks/activestreak.lua
6b67b8f948709b0	ui/generated/widgets/ingame/mp/killstreaks/earnedstreak.lua
68df14800929ff0	ui/generated/widgets/ingame/mp/killstreaks/streakprompticon.lua
b75b661dbb1be80	ui/generated/widgets/ingame/mp/killstreaksplash.lua
84416da350fadf1	ui/generated/widgets/ingame/mp/killstreaktargetedwarning.lua
1cbf4140e8b68c4	ui/generated/widgets/ingame/mp/kioskbutton.lua
4388eeff7029cff	ui/generated/widgets/ingame/mp/largeuppernotification.lua
12d47af410cf78d	ui/generated/widgets/ingame/mp/legacyhudprompt.lua
8ba0a3ad2b6282a	ui/generated/widgets/ingame/mp/localplayersplash.lua
ac825fba73abb9c	ui/generated/widgets/ingame/mp/localplayersplashbanner.lua
9b78199268bb7d3	ui/generated/widgets/ingame/mp/locationselectormap.lua
8b938b2d4d5a0e0	ui/generated/widgets/ingame/mp/lowhealthhud.lua
5129369d00ffa0f	ui/generated/widgets/ingame/mp/lrdetectoroverlay.lua
4316f36edb3c675	ui/generated/widgets/ingame/mp/masterchallengeheader.lua
ab6926bcc7784e9	ui/generated/widgets/ingame/mp/masterchallengeicon.lua
1da0edfec0574fb	ui/generated/widgets/ingame/mp/masterchallengesplash.lua
2e34a45ec571257	ui/generated/widgets/ingame/mp/matchnotificationbanner.lua
750045d6dfc1413	ui/generated/widgets/ingame/mp/matchroundpip.lua
91f9ac735bdaf8a	ui/generated/widgets/ingame/mp/matchstart.lua
ee22bf957013689	ui/generated/widgets/ingame/mp/matchstartcountdown.lua
e22645262c71bed	ui/generated/widgets/ingame/mp/matchstartobjective.lua
4e4399196813814	ui/generated/widgets/ingame/mp/matchstatuscontestedicon.lua
78d8879cd21ea8f	ui/generated/widgets/ingame/mp/matchstatusenemyteamhealth.lua
8fd3c124ad5604c	ui/generated/widgets/ingame/mp/matchstatusfriendlyteamhealth.lua
dac0e29fed07507	ui/generated/widgets/ingame/mp/matchstatusnotification.lua
788cf78d951b36a	ui/generated/widgets/ingame/mp/matchstatusnotificationmessage.lua
f223dfcb5c8b11c	ui/generated/widgets/ingame/mp/matchstatusobjectiveprogress.lua
e4cafac9ec52a18	ui/generated/widgets/ingame/mp/matchstatusobjectives.lua
7ec4230078d9f5e	ui/generated/widgets/ingame/mp/matchstatusplayers.lua
ad0e953789b172d	ui/generated/widgets/ingame/mp/matchstatusplayerscustom.lua
c28a89a364f5b7a	ui/generated/widgets/ingame/mp/matchstatusplayersrow.lua
f852f7eecc31def	ui/generated/widgets/ingame/mp/matchstatusremaininglives.lua
ae3b1a8901f000d	ui/generated/widgets/ingame/mp/matchstatusrounds.lua
e4619dbcfff3e9b	ui/generated/widgets/ingame/mp/matchstatusscorebar.lua
09948d461c477eb	ui/generated/widgets/ingame/mp/matchstatusscores.lua
dab4e73ff0c609a	ui/generated/widgets/ingame/mp/matchstatusteams.lua
704e869f405657f	ui/generated/widgets/ingame/mp/matchstatustext.lua
13e85894117b5ed	ui/generated/widgets/ingame/mp/matchstatustimer.lua
f1583df5f4bb93d	ui/generated/widgets/ingame/mp/meatshieldvictimwarning.lua
9da0b2e42415d64	ui/generated/widgets/ingame/mp/minimap.lua
0be40c9de50b4fd	ui/generated/widgets/ingame/mp/minimaphoverobjective.lua
40e59fdfe480965	ui/generated/widgets/ingame/mp/miscmessages.lua
e193747d30350f4	ui/generated/widgets/ingame/mp/miscmessagescontainer.lua
f2045f3299f091c	ui/generated/widgets/ingame/mp/missionprogresssplashbase.lua
21b6cfc21ee2bf4	ui/generated/widgets/ingame/mp/momentummeter.lua
e4ee67d07e69541	ui/generated/widgets/ingame/mp/mperrormessage.lua
bcaead2f17ea604	ui/generated/widgets/ingame/mp/mplowermessage.lua
7e4ec90f7ac0a2e	ui/generated/widgets/ingame/mp/mpmodemessage.lua
d933ebec7435486	ui/generated/widgets/ingame/mp/mpscoreboardgrid.lua
57eda5339eb01c1	ui/generated/widgets/ingame/mp/mpscoreboardmenu.lua
aab01e7230d562a	ui/generated/widgets/ingame/mp/mpscoreboardrow.lua
cfc923cada83d7c	ui/generated/widgets/ingame/mp/mpscoreboardrowscore.lua
71d6b0efe05d57d	ui/generated/widgets/ingame/mp/mpscoreboardrowwrapper.lua
17071a01cdfd2b8	ui/generated/widgets/ingame/mp/mpscoreboardselectedplayerdetails.lua
f0672fbd0e40eee	ui/generated/widgets/ingame/mp/netstatsdev.lua
d77a058766ca53b	ui/generated/widgets/ingame/mp/netstatsicons.lua
7a0cd6341ab35cc	ui/generated/widgets/ingame/mp/nukewarning.lua
02ca8852c055ba3	ui/generated/widgets/ingame/mp/nukewarningcontainer.lua
184e6dd965049ee	ui/generated/widgets/ingame/mp/obituary.lua
ebc7829ee6e9d05	ui/generated/widgets/ingame/mp/obituarycontainer.lua
be76446735184d9	ui/generated/widgets/ingame/mp/objectivecontestedchevrons.lua
a00f977d7013779	ui/generated/widgets/ingame/mp/objectivepinnedprogress.lua
68fba41e311b2d3	ui/generated/widgets/ingame/mp/objectiveprogress.lua
e7e35f728756c34	ui/generated/widgets/ingame/mp/objectiveprogressbar.lua
b42f4fdd6884869	ui/generated/widgets/ingame/mp/onworldbombtimer.lua
09d76dbd0974fc7	ui/generated/widgets/ingame/mp/overtimegameplaytimer.lua
aa0e46cd36a056f	ui/generated/widgets/ingame/mp/perkactive.lua
729a77642425c09	ui/generated/widgets/ingame/mp/perkactiverow.lua
ba507a8a99b7740	ui/generated/widgets/ingame/mp/perkbonusbuffcontainer.lua
a2d8d728d35f822	ui/generated/widgets/ingame/mp/perkbonusbuffsplash.lua
7374cd27de7bbb7	ui/generated/widgets/ingame/mp/perkshudwidget.lua
4e7b3c2b06210a3	ui/generated/widgets/ingame/mp/perkshudwidgetinfo.lua
a1b4c115b954e64	ui/generated/widgets/ingame/mp/perkslayout.lua
97d2d10b447c362	ui/generated/widgets/ingame/mp/perksplash.lua
339a1f753a25693	ui/generated/widgets/ingame/mp/playermicdisplay.lua
63e4e2eabb3157a	ui/generated/widgets/ingame/mp/playermicdisplaybase.lua
19a7a204d8e9cca	ui/generated/widgets/ingame/mp/playershrapnelhudelement.lua
402b17c2a3d7478	ui/generated/widgets/ingame/mp/pointspopup.lua
bf98d2fd10f7863	ui/generated/widgets/ingame/mp/pointspopupwrapper.lua
b3554f45447f1fe	ui/generated/widgets/ingame/mp/prekillcamplayercard.lua
21d4ecf748a2943	ui/generated/widgets/ingame/mp/progressionunlocksplash.lua
f5dd4374bb543e4	ui/generated/widgets/ingame/mp/properk.lua
ee6024522ca0500	ui/generated/widgets/ingame/mp/publiceventfullscreenatlas.lua
7794251023fb9e1	ui/generated/widgets/ingame/mp/publiceventgameplaytimer.lua
2d6db5519840737	ui/generated/widgets/ingame/mp/publiceventsplash.lua
65e9403feeaa565	ui/generated/widgets/ingame/mp/publiceventsplashbanner.lua
48355e4a9f2b6b3	ui/generated/widgets/ingame/mp/publiceventsplashdetailfluff.lua
3066abf3e6669d6	ui/generated/widgets/ingame/mp/publiceventsplashedge.lua
659c5c46cc26265	ui/generated/widgets/ingame/mp/rankupsplash.lua
216697401055d76	ui/generated/widgets/ingame/mp/resizablematchstatusscorebar.lua
3f7b4498ed4c64d	ui/generated/widgets/ingame/mp/reticlephonethermalcenter.lua
5eab21d598b334c	ui/generated/widgets/ingame/mp/rewardnotificationcontainer.lua
000bdb560e69b49	ui/generated/widgets/ingame/mp/rewardnotificationicons.lua
dd8509d620d97dd	ui/generated/widgets/ingame/mp/rewardnotificationwidget.lua
969ff7084d52c7a	ui/generated/widgets/ingame/mp/roundendenemyscore.lua
b68fab5003fefe0	ui/generated/widgets/ingame/mp/roundendmatchbonus.lua
436659f74b6dad6	ui/generated/widgets/ingame/mp/roundendscore.lua
d2f79103164cdf3	ui/generated/widgets/ingame/mp/roundendteamrank.lua
366cc6b5cdbb915	ui/generated/widgets/ingame/mp/roundendteamscore.lua
8b96810496fb8b3	ui/generated/widgets/ingame/mp/scoreeventfeed.lua
826c702fec89999	ui/generated/widgets/ingame/mp/scoreeventline.lua
ed76eb52569532a	ui/generated/widgets/ingame/mp/scorestreaks/apachescreenelements.lua
5c9e7b5347b9132	ui/generated/widgets/ingame/mp/scorestreaks/dartmk0controls.lua
5d579b7f407b42d	ui/generated/widgets/ingame/mp/scorestreaks/fieldupgradeactivationtablet.lua
19e9298a90f26b8	ui/generated/widgets/ingame/mp/scorestreaks/killstreakfuelmeter.lua
5f2e683e3590301	ui/generated/widgets/ingame/mp/scorestreaks/locationselector2d.lua
50a79a1d309b08f	ui/generated/widgets/ingame/mp/scorestreaks/locationselectorinfo.lua
6cfc53d804bd7a6	ui/generated/widgets/ingame/mp/scorestreaks/locationselectormain.lua
854deb2085d06ad	ui/generated/widgets/ingame/mp/scorestreaks/locationselectormarker.lua
dac61874d6ae13b	ui/generated/widgets/ingame/mp/scorestreaks/locationselectortablet.lua
f95bb89bdf6070a	ui/generated/widgets/ingame/mp/scorestreaks/lockedbyenemywarning.lua
2c7734f7f63c114	ui/generated/widgets/ingame/mp/scorestreaks/meterwithlabel.lua
95e661cb87820f5	ui/generated/widgets/ingame/mp/scorestreaks/minialtimeter.lua
a0b99d0b2b9bfff	ui/generated/widgets/ingame/mp/scorestreaks/outofrange.lua
120cbb559947730	ui/generated/widgets/ingame/mp/scorestreaks/rcxdcontrols.lua
9991eea7197f9e7	ui/generated/widgets/ingame/mp/scorestreaks/requisitionsstoreprogressbar.lua
ae59f5bbe2544b3	ui/generated/widgets/ingame/mp/scorestreaks/streakactivationkeypad.lua
7b44f3cdcf5842c	ui/generated/widgets/ingame/mp/scorestreaks/streakactivationnukebanner.lua
8748391c566447d	ui/generated/widgets/ingame/mp/scorestreaks/streakactivationphone.lua
f8fe86a516cdeab	ui/generated/widgets/ingame/mp/scorestreaks/streakactivationtablet.lua
f8dd65ba993c30e	ui/generated/widgets/ingame/mp/scorestreaks/streakhealthbar.lua
5e2549a20646a66	ui/generated/widgets/ingame/mp/scorestreaks/streakouterreticle.lua
e28c076b14078ad	ui/generated/widgets/ingame/mp/scorestreaks/streaksquareiconexpandable.lua
fe78480018f075f	ui/generated/widgets/ingame/mp/scorestreaks/trinitybaseoverlay.lua
caa85b78d05ddb4	ui/generated/widgets/ingame/mp/scorestreaks/trinityoverlay.lua
241cc9a513e1485	ui/generated/widgets/ingame/mp/scorestreaks/turretspinreticle.lua
0fbdabb7289bcad	ui/generated/widgets/ingame/mp/sdmessage.lua
564b1e6321393c4	ui/generated/widgets/ingame/mp/sensorscannerbox.lua
2250e432d316407	ui/generated/widgets/ingame/mp/shopbarterpane.lua
b2a284d3464c1e9	ui/generated/widgets/ingame/mp/shopbartertabcontent.lua
fb9feb151cf781f	ui/generated/widgets/ingame/mp/shopedgeglowoverlay.lua
d9ed02df8b8a0fa	ui/generated/widgets/ingame/mp/shopgeartabcontent.lua
2f3c5fc3b64645f	ui/generated/widgets/ingame/mp/shopinfopane.lua
dd47bd93e213371	ui/generated/widgets/ingame/mp/shopperkpackageinfopane.lua
b6e136b6ddab7cf	ui/generated/widgets/ingame/mp/shopperkpackageperk.lua
49791efcf32f616	ui/generated/widgets/ingame/mp/shopperkpackageperkslayout.lua
cfe432942929890	ui/generated/widgets/ingame/mp/shoppinghint.lua
c8177f9ece57d0b	ui/generated/widgets/ingame/mp/shoprecipebutton.lua
ac3fe936cad5c52	ui/generated/widgets/ingame/mp/shopsectionpane.lua
92f58b5af2c197b	ui/generated/widgets/ingame/mp/shopweaponinfopane.lua
5c47e1c8c46a613	ui/generated/widgets/ingame/mp/shoulderswaphint.lua
bf9790ddba3fa81	ui/generated/widgets/ingame/mp/skirmish/skirmishrespawncontainer.lua
aefdb076d2fc4c5	ui/generated/widgets/ingame/mp/specialtargetinfo.lua
8006cbfaae5b4fb	ui/generated/widgets/ingame/mp/specialtargetinfoboxbacking.lua
0f5be3bd3f5d5d4	ui/generated/widgets/ingame/mp/specialtargetinfocontainer.lua
34184ce9a4bfac2	ui/generated/widgets/ingame/mp/specialtargetinfoscannerbox.lua
8758968d72fd71b	ui/generated/widgets/ingame/mp/specialweaponsplash.lua
f924f67d3d2f81e	ui/generated/widgets/ingame/mp/specialweaponsplashwrapper.lua
cfc18eb6816df81	ui/generated/widgets/ingame/mp/spectating.lua
915011374ee1be2	ui/generated/widgets/ingame/mp/spectatingloadingmessage.lua
4fe3edfc503cc46	ui/generated/widgets/ingame/mp/spectatingplayercontrols.lua
9f6729a6501affb	ui/generated/widgets/ingame/mp/spiketraptimer.lua
360c245bded4016	ui/generated/widgets/ingame/mp/splashbaseiconbacker.lua
25e0a6687474da6	ui/generated/widgets/ingame/mp/splashtimersubheader.lua
eb8ea154eb6e880	ui/generated/widgets/ingame/mp/splashtrapheader.lua
42322f7fb2286f0	ui/generated/widgets/ingame/mp/splashtrapsubheader.lua
76b5940d37796a6	ui/generated/widgets/ingame/mp/splashzombiesmissionprogresstracker.lua
21b9d016e79b640	ui/generated/widgets/ingame/mp/squadspawnwarning.lua
6f0fc24317cd453	ui/generated/widgets/ingame/mp/statusfeed.lua
1e0f7c26d1ba513	ui/generated/widgets/ingame/mp/streak.lua
85006b3ef72c99b	ui/generated/widgets/ingame/mp/streaklist.lua
febac7f936a0f0e	ui/generated/widgets/ingame/mp/streaklistrealism.lua
51f8e50eb7b5200	ui/generated/widgets/ingame/mp/streakpip.lua
e630a8cdf886d58	ui/generated/widgets/ingame/mp/streakpoints.lua
713001379b983c6	ui/generated/widgets/ingame/mp/streakrealism.lua
bfbaf3aa53a214c	ui/generated/widgets/ingame/mp/subfactionsplash.lua
632bc0ec80b461e	ui/generated/widgets/ingame/mp/systemrebootbar.lua
72971b40083ab10	ui/generated/widgets/ingame/mp/tacmapcontrollerscheme.lua
8be8d3d39d890e8	ui/generated/widgets/ingame/mp/tacopsmapspawn.lua
cfaacc758c9dfbe	ui/generated/widgets/ingame/mp/tacticalmap.lua
1a00ae9d5ba9145	ui/generated/widgets/ingame/mp/tacticalmapnodata.lua
35ba58f21b49de8	ui/generated/widgets/ingame/mp/teamselectbutton.lua
6c113aacbb78d00	ui/generated/widgets/ingame/mp/teamselectmenubuttons.lua
c76faef14ea2156	ui/generated/widgets/ingame/mp/teamselectpanel.lua
c43eac7c887807a	ui/generated/widgets/ingame/mp/teamstatus.lua
80d024556025801	ui/generated/widgets/ingame/mp/teamstatuscontainer.lua
05131675db2ceb3	ui/generated/widgets/ingame/mp/teamstatusicon.lua
e1a2999034b6f20	ui/generated/widgets/ingame/mp/thermalvision.lua
24f2f5fafd499fd	ui/generated/widgets/ingame/mp/thermalvisionenemydefault.lua
fd2389136a87638	ui/generated/widgets/ingame/mp/thermalvisionfriendlydefault.lua
572d068a7a33a61	ui/generated/widgets/ingame/mp/timetobeat.lua
04e40a7087b9d41	ui/generated/widgets/ingame/mp/trialstatus.lua
08af17ed66aa7a2	ui/generated/widgets/ingame/mp/turretplacement.lua
55ddbf09caa5077	ui/generated/widgets/ingame/mp/vehicle/apcdiagram.lua
a2be23e2bdee291	ui/generated/widgets/ingame/mp/vehicle/apcrusdiagram.lua
24e57676a863e65	ui/generated/widgets/ingame/mp/vehicle/armoredpatroldiagram.lua
0cf870ce63d3226	ui/generated/widgets/ingame/mp/vehicle/atvdiagram.lua
8d72e99a3675eac	ui/generated/widgets/ingame/mp/vehicle/cargotruckdiagram.lua
1de30b71bee6fe8	ui/generated/widgets/ingame/mp/vehicle/cargotruckmgdiagram.lua
33f1d5fe6dcc75b	ui/generated/widgets/ingame/mp/vehicle/driverhud.lua
6e87202a1d6af38	ui/generated/widgets/ingame/mp/vehicle/driverhud2014pickup.lua
8c3a70b6069f723	ui/generated/widgets/ingame/mp/vehicle/driverhudapc.lua
b8dfc0e3f0d4f03	ui/generated/widgets/ingame/mp/vehicle/driverhudapcrus.lua
831c94ae42fa57d	ui/generated/widgets/ingame/mp/vehicle/driverhudarmoredpatrol.lua
3cb3ea95d1dbcf8	ui/generated/widgets/ingame/mp/vehicle/driverhudatv.lua
0cddfc60701ef4c	ui/generated/widgets/ingame/mp/vehicle/driverhudcargotruck.lua
dbe9ee32a37f75c	ui/generated/widgets/ingame/mp/vehicle/driverhudcargotruckmg.lua
dac7d0e6256580a	ui/generated/widgets/ingame/mp/vehicle/driverhudhoopty.lua
1861d66eb85dc65	ui/generated/widgets/ingame/mp/vehicle/driverhudhooptytruck.lua
0eb280fa7f41967	ui/generated/widgets/ingame/mp/vehicle/driverhudjeep.lua
634e731db5bd217	ui/generated/widgets/ingame/mp/vehicle/driverhudjltv.lua
f8772e94d60eb5b	ui/generated/widgets/ingame/mp/vehicle/driverhudlgtransport.lua
3950c64590ed5f8	ui/generated/widgets/ingame/mp/vehicle/driverhudmedtransport.lua
a8e7a98b022a9a8	ui/generated/widgets/ingame/mp/vehicle/driverhudmilcargotruck.lua
015a1a9db39beda	ui/generated/widgets/ingame/mp/vehicle/driverhudpickuptruck.lua
891e1b0a2e4236a	ui/generated/widgets/ingame/mp/vehicle/driverhudrhib.lua
d1ce83dbc88010b	ui/generated/widgets/ingame/mp/vehicle/driverhudsedanhatchback.lua
0275b4dec3be207	ui/generated/widgets/ingame/mp/vehicle/driverhudtacrover.lua
5cbb1b4d953d99a	ui/generated/widgets/ingame/mp/vehicle/driverhudtechnical.lua
340cf23b659a68c	ui/generated/widgets/ingame/mp/vehicle/driverhudtechorebel.lua
d597c4653d156fc	ui/generated/widgets/ingame/mp/vehicle/driverhudvan.lua
f4c087cb184fc96	ui/generated/widgets/ingame/mp/vehicle/hooptydiagram.lua
48f76ce29ca81a5	ui/generated/widgets/ingame/mp/vehicle/hooptytruckdiagram.lua
a1a601056f6d935	ui/generated/widgets/ingame/mp/vehicle/jeepdiagram.lua
4dabeebee105571	ui/generated/widgets/ingame/mp/vehicle/jltvdiagram.lua
b768e8270a05177	ui/generated/widgets/ingame/mp/vehicle/lgtransportdiagram.lua
7aa03eb7968a178	ui/generated/widgets/ingame/mp/vehicle/medtransportdiagram.lua
0d2c40b1e0496ca	ui/generated/widgets/ingame/mp/vehicle/milcargotruckdiagram.lua
444d2cbf41233d8	ui/generated/widgets/ingame/mp/vehicle/pickup2014diagram.lua
8f589c145eb8bac	ui/generated/widgets/ingame/mp/vehicle/pickuptruckdiagram.lua
21db4262e4750c6	ui/generated/widgets/ingame/mp/vehicle/rhibdiagram.lua
7a21fddb3a5265d	ui/generated/widgets/ingame/mp/vehicle/sedanhatchbackdiagram.lua
2d7ca538f5aafb0	ui/generated/widgets/ingame/mp/vehicle/suv1996diagram.lua
d859b6e505e3061	ui/generated/widgets/ingame/mp/vehicle/tacroverdiagram.lua
355755f5ebfe3e8	ui/generated/widgets/ingame/mp/vehicle/technicaldiagram.lua
68ff45495d4275c	ui/generated/widgets/ingame/mp/vehicle/techorebeldiagram.lua
e66dc125e24c75a	ui/generated/widgets/ingame/mp/vehicle/vandiagram.lua
99ee59eda90c752	ui/generated/widgets/ingame/mp/vehicle/vehicleability.lua
6221d9917ab533d	ui/generated/widgets/ingame/mp/vehicle/vehicleabilityprogress.lua
35a161f245df15f	ui/generated/widgets/ingame/mp/vehicle/vehiclealtimeter.lua
116012653a69431	ui/generated/widgets/ingame/mp/vehicle/vehiclealtimetermarker.lua
a416b3bd2b08756	ui/generated/widgets/ingame/mp/vehicle/vehiclebatterymetersegmented.lua
5bcc596f42040d1	ui/generated/widgets/ingame/mp/vehicle/vehiclediagram.lua
be3090e3068d2b1	ui/generated/widgets/ingame/mp/vehicle/vehiclefuelmeter.lua
ec5cf8ce820cb37	ui/generated/widgets/ingame/mp/vehicle/vehiclehealthbar.lua
c7d191cddc05d90	ui/generated/widgets/ingame/mp/vehicle/vehicleinstruction.lua
34bc835575ab26c	ui/generated/widgets/ingame/mp/vehicle/vehicleprogressbar.lua
1b799af03208c1c	ui/generated/widgets/ingame/mp/vehicle/vehicleseatassignment.lua
98b8cc5f43ce6fc	ui/generated/widgets/ingame/mp/vehicle/vehicletirehealth.lua
ccc57241aba979a	ui/generated/widgets/ingame/mp/vehicle/vehiclewarningdestruct.lua
e74de1641032b3c	ui/generated/widgets/ingame/mp/vehicle/vehiclewarningmissile.lua
e2df7548f1b455a	ui/generated/widgets/ingame/mp/vehicle/vehiclewarningshockstick.lua
0e56a5a5ecfa72e	ui/generated/widgets/ingame/mp/wcglobalplayersplash.lua
0038c2911fb8b98	ui/generated/widgets/ingame/mp/youindicatorleft.lua
0e086ed740f8e19	ui/generated/widgets/ingame/mp/youindicatorright.lua
51c76374332ff58	ui/generated/widgets/ingame/objective.lua
be7069ac43c60b2	ui/generated/widgets/ingame/objectivecontestedmeter.lua
dce3b37fdd87536	ui/generated/widgets/ingame/objectivedescription.lua
1822b45b238fd1d	ui/generated/widgets/ingame/objectivefill.lua
a505cdb50564b8a	ui/generated/widgets/ingame/objectiveheading.lua
1199d852775ce42	ui/generated/widgets/ingame/objectivetitle.lua
2f78a17cc4670bb	ui/generated/widgets/ingame/objectivetitlebase.lua
430bfd3b4e2f39d	ui/generated/widgets/ingame/obsquadmissions.lua
a526b0b313dfe7a	ui/generated/widgets/ingame/overheatindicator.lua
c87e6246e9d37d0	ui/generated/widgets/ingame/overlaytargetmarkerenemy.lua
007d4d838d5806b	ui/generated/widgets/ingame/overlaytargetmarkerfriendly.lua
cb0b47f10d495a4	ui/generated/widgets/ingame/perkpackagesplash.lua
de28f7a15c35fc9	ui/generated/widgets/ingame/pingradialmenu.lua
88b69ae3389ca31	ui/generated/widgets/ingame/progressbartieroverlay.lua
5b0cbdbe0b283eb	ui/generated/widgets/ingame/progressbartierseparators.lua
96d1aa88999b936	ui/generated/widgets/ingame/quickprompt.lua
5e8be59c09dee21	ui/generated/widgets/ingame/quickprompthealthbar.lua
6ea3432649825ed	ui/generated/widgets/ingame/radialmenu.lua
d524b968b882791	ui/generated/widgets/ingame/radialmenu2slice.lua
e319c36cc96a3c7	ui/generated/widgets/ingame/radialmenu4slice.lua
422e9611c05a57b	ui/generated/widgets/ingame/radialmenu8slice.lua
09d052e07074ba2	ui/generated/widgets/ingame/radialmenuplaceholder.lua
51ac4a92cda298d	ui/generated/widgets/ingame/radialselectionarrow.lua
5ed7e08b603b840	ui/generated/widgets/ingame/radialsensor.lua
f1e4718fd830174	ui/generated/widgets/ingame/rallyingcrytargetdetector.lua
c1133074a85a46f	ui/generated/widgets/ingame/recondroneparked.lua
9e343d03e0e3c84	ui/generated/widgets/ingame/reinforcementflarereminder.lua
be421169ccd56c0	ui/generated/widgets/ingame/remoteturretparked.lua
f66a4bc6d0f8c2f	ui/generated/widgets/ingame/replaycontrolbutton.lua
bb108f206477913	ui/generated/widgets/ingame/replayplayerselect.lua
03fab47a1dd170b	ui/generated/widgets/ingame/replayseekbar.lua
bb211861bf38d1f	ui/generated/widgets/ingame/resourcepips.lua
a95184829e5c57a	ui/generated/widgets/ingame/reticlefullscreenoverlay.lua
14f3ee2c78760b3	ui/generated/widgets/ingame/reticles/amberdot.lua
b20622aeba1168f	ui/generated/widgets/ingame/reticles/blackdot.lua
9c7bd243e9be3d3	ui/generated/widgets/ingame/reticles/blackdotmagnified.lua
3a382886e3c6334	ui/generated/widgets/ingame/reticles/bluedot.lua
4fb18e2fa4d99e2	ui/generated/widgets/ingame/reticles/catdot.lua
461ee95f98cd065	ui/generated/widgets/ingame/reticles/crimsondot.lua
ce6289aa26d44c7	ui/generated/widgets/ingame/reticles/cryodot.lua
f9c9b7138952075	ui/generated/widgets/ingame/reticles/dotbase.lua
03309bc47afbc58	ui/generated/widgets/ingame/reticles/drsdigitalthermalsight.lua
bbd9ebe19389eb4	ui/generated/widgets/ingame/reticles/flyingbananas.lua
8492fd236dae745	ui/generated/widgets/ingame/reticles/fourxhelima.lua
62de096a8471fdc	ui/generated/widgets/ingame/reticles/fourxhelimaice.lua
8c53b6d92bb1a46	ui/generated/widgets/ingame/reticles/fourxhelimasoul.lua
43321fa45212fee	ui/generated/widgets/ingame/reticles/fourxhelimawhite.lua
65cf11e73f6b585	ui/generated/widgets/ingame/reticles/genericimagereticle.lua
202aa18295574e6	ui/generated/widgets/ingame/reticles/golddot.lua
4a71ca04a5c3c78	ui/generated/widgets/ingame/reticles/golddotstreak.lua
653158654c8f7ef	ui/generated/widgets/ingame/reticles/goldendot.lua
2cb58654c65d067	ui/generated/widgets/ingame/reticles/greendot.lua
b7c00e74bf6a6fd	ui/generated/widgets/ingame/reticles/greendot_lime.lua
dbf97c907a3e02f	ui/generated/widgets/ingame/reticles/greendot_muted.lua
9f0d45f7fd68527	ui/generated/widgets/ingame/reticles/greenyellowdot.lua
3411646972dbd71	ui/generated/widgets/ingame/reticles/javelinbuttons.lua
80c0512ee84fca6	ui/generated/widgets/ingame/reticles/javelinsubcrosshair.lua
d5f397eb5a498f9	ui/generated/widgets/ingame/reticles/jup_snscope_hsierra.lua
3de084a76a323c1	ui/generated/widgets/ingame/reticles/jup_snscope_hsierra2.lua
881b46c07d1323d	ui/generated/widgets/ingame/reticles/leafchild.lua
1624a6dc765c7ee	ui/generated/widgets/ingame/reticles/lightbluedot.lua
bad12148b55b15e	ui/generated/widgets/ingame/reticles/lightyellowdot.lua
5a9927c5c62e808	ui/generated/widgets/ingame/reticles/mintdot.lua
fb6f24013e2ab7e	ui/generated/widgets/ingame/reticles/orangedot.lua
6940fe09d9ab37c	ui/generated/widgets/ingame/reticles/paranormaldirectional.lua
e209eea544bf52e	ui/generated/widgets/ingame/reticles/paranormaldirectionalteal.lua
4323b756024a32a	ui/generated/widgets/ingame/reticles/paranormalstatic.lua
e4323ce1cdf7904	ui/generated/widgets/ingame/reticles/paranormalstaticteal.lua
971f4548c999004	ui/generated/widgets/ingame/reticles/pentagram.lua
9acca0e6af77c74	ui/generated/widgets/ingame/reticles/pinkdot.lua
7991310046fbda6	ui/generated/widgets/ingame/reticles/pinkdot2.lua
8ab25223f385c79	ui/generated/widgets/ingame/reticles/pinkdot3.lua
2cc0be814eecbda	ui/generated/widgets/ingame/reticles/purpledot.lua
e24d8b1648a7601	ui/generated/widgets/ingame/reticles/purpledot_rich.lua
df206c3a39530f6	ui/generated/widgets/ingame/reticles/purpledot_royal.lua
e77a8628f6f3dfb	ui/generated/widgets/ingame/reticles/purpledot_tim.lua
72f677c7bc50847	ui/generated/widgets/ingame/reticles/reddot.lua
703af8544c6b0f9	ui/generated/widgets/ingame/reticles/reddot_broken_a.lua
cb87cf302f1003b	ui/generated/widgets/ingame/reticles/reddotmagnified.lua
42f9875963078f8	ui/generated/widgets/ingame/reticles/reddotmagnifiedhybridgreen.lua
606129ad923e7c9	ui/generated/widgets/ingame/reticles/reddotmagnifiedhybridprimary.lua
3c1e536777c5e29	ui/generated/widgets/ingame/reticles/reddotmagnifiedhybridprimarypink.lua
1fa1b3eea5745c8	ui/generated/widgets/ingame/reticles/redwhitebluedot.lua
a6d500e383e3959	ui/generated/widgets/ingame/reticles/reflex09_dotbase.lua
d760bd12df6de19	ui/generated/widgets/ingame/reticles/ret_cer_fourx01_def.lua
0616cb72c172670	ui/generated/widgets/ingame/reticles/ret_cer_fourx02_def.lua
04ad63a1210cd92	ui/generated/widgets/ingame/reticles/ret_cer_guide.lua
2be739b4f15c2af	ui/generated/widgets/ingame/reticles/ret_cer_holorange_def.lua
bc2e56ca665b8f6	ui/generated/widgets/ingame/reticles/ret_cer_long_01_mp.lua
467ab4abe6109ec	ui/generated/widgets/ingame/reticles/ret_cer_long_01_mp_rangefinder.lua
3b696e6a5f273d7	ui/generated/widgets/ingame/reticles/ret_cer_long_01_mp_therm.lua
135d011b25929c2	ui/generated/widgets/ingame/reticles/ret_cer_long_01_wz.lua
c7d737ddeb873a8	ui/generated/widgets/ingame/reticles/ret_cer_long_01_wz_rangefinder.lua
dda785f27157f63	ui/generated/widgets/ingame/reticles/ret_cer_long_01_wz_therm.lua
25db58f520fd472	ui/generated/widgets/ingame/reticles/ret_cer_long_01_zm.lua
4221c5e91ea6038	ui/generated/widgets/ingame/reticles/ret_cer_long_01_zm_rangefinder.lua
d49047486f72db3	ui/generated/widgets/ingame/reticles/ret_cer_long_01_zm_therm.lua
94cae70c0b1c0c1	ui/generated/widgets/ingame/reticles/ret_cer_long_02_mp.lua
23229ef8ec2e147	ui/generated/widgets/ingame/reticles/ret_cer_long_02_mp_rangefinder.lua
9ede7f3ae691810	ui/generated/widgets/ingame/reticles/ret_cer_long_02_mp_therm.lua
d937772ed490529	ui/generated/widgets/ingame/reticles/ret_cer_long_02_wz.lua
b2587be3c3493af	ui/generated/widgets/ingame/reticles/ret_cer_long_02_wz_rangefinder.lua
9cff9acdd1e29a8	ui/generated/widgets/ingame/reticles/ret_cer_long_02_wz_therm.lua
d8e25d4dec657bd	ui/generated/widgets/ingame/reticles/ret_cer_long_02_zm.lua
663bda63df71733	ui/generated/widgets/ingame/reticles/ret_cer_long_02_zm_rangefinder.lua
8469b1ac0c3789c	ui/generated/widgets/ingame/reticles/ret_cer_long_02_zm_therm.lua
cb7be2d582d3924	ui/generated/widgets/ingame/reticles/ret_cer_long_03_mp.lua
3a4b7bc6133f41e	ui/generated/widgets/ingame/reticles/ret_cer_long_03_mp_rangefinder.lua
a76820e2e16e8b5	ui/generated/widgets/ingame/reticles/ret_cer_long_03_mp_therm.lua
ae0215295b23608	ui/generated/widgets/ingame/reticles/ret_cer_long_03_wz.lua
28e421f1eabf862	ui/generated/widgets/ingame/reticles/ret_cer_long_03_wz_rangefinder.lua
3eeeed248a2b9f9	ui/generated/widgets/ingame/reticles/ret_cer_long_03_wz_therm.lua
f632c1064c2612c	ui/generated/widgets/ingame/reticles/ret_cer_long_03_zm.lua
17401d9a455c326	ui/generated/widgets/ingame/reticles/ret_cer_long_03_zm_rangefinder.lua
1ccd2527ea4714d	ui/generated/widgets/ingame/reticles/ret_cer_long_03_zm_therm.lua
5a0aebd0dcc9517	ui/generated/widgets/ingame/reticles/ret_cer_long_04_mp.lua
da5b14450cd4ad9	ui/generated/widgets/ingame/reticles/ret_cer_long_04_mp_rangefinder.lua
cd2c2d532babeae	ui/generated/widgets/ingame/reticles/ret_cer_long_04_mp_therm.lua
8f7e4f769a905df	ui/generated/widgets/ingame/reticles/ret_cer_long_04_wz.lua
0de5746f96a2561	ui/generated/widgets/ingame/reticles/ret_cer_long_04_wz_rangefinder.lua
f548015d31e7626	ui/generated/widgets/ingame/reticles/ret_cer_long_04_wz_therm.lua
38ad4ca4fa2237f	ui/generated/widgets/ingame/reticles/ret_cer_long_04_zm.lua
22751cbcbc9c741	ui/generated/widgets/ingame/reticles/ret_cer_long_04_zm_rangefinder.lua
8e4cdbb193b2106	ui/generated/widgets/ingame/reticles/ret_cer_long_04_zm_therm.lua
fd94b7d309fad82	ui/generated/widgets/ingame/reticles/ret_cer_long_05_mp.lua
270cbed901cff68	ui/generated/widgets/ingame/reticles/ret_cer_long_05_mp_rangefinder.lua
7c25e5fb5346723	ui/generated/widgets/ingame/reticles/ret_cer_long_05_mp_therm.lua
d9dccbf1b7be94e	ui/generated/widgets/ingame/reticles/ret_cer_long_05_wz.lua
a54bebfe36db444	ui/generated/widgets/ingame/reticles/ret_cer_long_05_wz_rangefinder.lua
63eec49fc90975f	ui/generated/widgets/ingame/reticles/ret_cer_long_05_wz_therm.lua
e96c1f46249711e	ui/generated/widgets/ingame/reticles/ret_cer_long_05_zm.lua
7617caa51f4acb4	ui/generated/widgets/ingame/reticles/ret_cer_long_05_zm_rangefinder.lua
c480e3fc942d70f	ui/generated/widgets/ingame/reticles/ret_cer_long_05_zm_therm.lua
cb9130645b38400	ui/generated/widgets/ingame/reticles/ret_cer_loot_80sarsenal.lua
0d0de800a7c9f54	ui/generated/widgets/ingame/reticles/ret_cer_loot_80sarsenal_alt.lua
2b6d8ca8025ca5a	ui/generated/widgets/ingame/reticles/ret_cer_loot_80sarsenal_rangefinder.lua
f60d4b8025b4309	ui/generated/widgets/ingame/reticles/ret_cer_loot_90splaid.lua
126ea160a05d401	ui/generated/widgets/ingame/reticles/ret_cer_loot_90splaid_alt.lua
ad7356c5708394f	ui/generated/widgets/ingame/reticles/ret_cer_loot_90splaid_rangefinder.lua
91ce7773d4b0de4	ui/generated/widgets/ingame/reticles/ret_cer_loot_anime_mecha.lua
ae07f92da189f60	ui/generated/widgets/ingame/reticles/ret_cer_loot_anime_mecha_alt.lua
d19e2d63bd28dde	ui/generated/widgets/ingame/reticles/ret_cer_loot_anime_mecha_rangefinder.lua
cd006a4c048c8f2	ui/generated/widgets/ingame/reticles/ret_cer_loot_art_deco.lua
e50bf96e502393a	ui/generated/widgets/ingame/reticles/ret_cer_loot_art_deco_alt.lua
d1de415fbc76cb8	ui/generated/widgets/ingame/reticles/ret_cer_loot_art_deco_rangefinder.lua
dc8795affbf4240	ui/generated/widgets/ingame/reticles/ret_cer_loot_bank_robber.lua
55df9f8f04dae94	ui/generated/widgets/ingame/reticles/ret_cer_loot_bank_robber_alt.lua
dcbc3d20e9179df	ui/generated/widgets/ingame/reticles/ret_cer_loot_bank_robber_element.lua
f07016083ce5e9a	ui/generated/widgets/ingame/reticles/ret_cer_loot_bank_robber_rangefinder.lua
6215d247d90c079	ui/generated/widgets/ingame/reticles/ret_cer_loot_bong.lua
99ac34c4054b4f1	ui/generated/widgets/ingame/reticles/ret_cer_loot_bong_alt.lua
c74262e5a62c81f	ui/generated/widgets/ingame/reticles/ret_cer_loot_bong_rangefinder.lua
7cadf0e7043c873	ui/generated/widgets/ingame/reticles/ret_cer_loot_christmas.lua
a973d26ebc08477	ui/generated/widgets/ingame/reticles/ret_cer_loot_christmas_alt.lua
c8e77bc54f140a5	ui/generated/widgets/ingame/reticles/ret_cer_loot_christmas_rangefinder.lua
702465d2d381106	ui/generated/widgets/ingame/reticles/ret_cer_loot_cyberunicorn.lua
e07071d76c4c916	ui/generated/widgets/ingame/reticles/ret_cer_loot_cyberunicorn_alt.lua
60491e34980055c	ui/generated/widgets/ingame/reticles/ret_cer_loot_cyberunicorn_rangefinder.lua
0a63df71aa49c60	ui/generated/widgets/ingame/reticles/ret_cer_loot_deadop.lua
cc7ec4fee444674	ui/generated/widgets/ingame/reticles/ret_cer_loot_deadop_alt.lua
619101b2afa00fa	ui/generated/widgets/ingame/reticles/ret_cer_loot_deadop_rangefinder.lua
62d56225e72a9a1	ui/generated/widgets/ingame/reticles/ret_cer_loot_decay.lua
61e85d5e7fd56f9	ui/generated/widgets/ingame/reticles/ret_cer_loot_decay_alt.lua
5c8e931e693d267	ui/generated/widgets/ingame/reticles/ret_cer_loot_decay_rangefinder.lua
fa0f8f3b73bcadd	ui/generated/widgets/ingame/reticles/ret_cer_loot_egaux.lua
40332f91512176d	ui/generated/widgets/ingame/reticles/ret_cer_loot_egaux_alt.lua
cc754fccddc1613	ui/generated/widgets/ingame/reticles/ret_cer_loot_egaux_rangefinder.lua
4029f0f354d8bb6	ui/generated/widgets/ingame/reticles/ret_cer_loot_fireworks_nye.lua
67349921aaa0646	ui/generated/widgets/ingame/reticles/ret_cer_loot_fireworks_nye_alt.lua
ec8f1d8180b5eac	ui/generated/widgets/ingame/reticles/ret_cer_loot_fireworks_nye_rangefinder.lua
9deecbe1f178572	ui/generated/widgets/ingame/reticles/ret_cer_loot_forge_dragon.lua
ff1adb57108fdba	ui/generated/widgets/ingame/reticles/ret_cer_loot_forge_dragon_alt.lua
baad0fe70f3c138	ui/generated/widgets/ingame/reticles/ret_cer_loot_forge_dragon_rangefinder.lua
ffbbd884ba7e053	ui/generated/widgets/ingame/reticles/ret_cer_loot_knights_templar.lua
1d382bdc887a297	ui/generated/widgets/ingame/reticles/ret_cer_loot_knights_templar_alt.lua
30e61bdf97291c5	ui/generated/widgets/ingame/reticles/ret_cer_loot_knights_templar_rangefinder.lua
c55f59773d2d2f3	ui/generated/widgets/ingame/reticles/ret_cer_loot_occult.lua
c01bd8327fb76f7	ui/generated/widgets/ingame/reticles/ret_cer_loot_occult_alt.lua
66e3c0a88238325	ui/generated/widgets/ingame/reticles/ret_cer_loot_occult_rangefinder.lua
a83e03db109a3e0	ui/generated/widgets/ingame/reticles/ret_cer_loot_pmorte.lua
cd1fc2cdc7f85f4	ui/generated/widgets/ingame/reticles/ret_cer_loot_pmorte_alt.lua
1fd6dbe4978307a	ui/generated/widgets/ingame/reticles/ret_cer_loot_pmorte_rangefinder.lua
3b2d7e3325703f5	ui/generated/widgets/ingame/reticles/ret_cer_loot_s2bp1.lua
432b3e0230e7425	ui/generated/widgets/ingame/reticles/ret_cer_loot_s2bp1_alt.lua
ce73e85343ca1ab	ui/generated/widgets/ingame/reticles/ret_cer_loot_s2bp1_rangefinder.lua
51689e90df0f32c	ui/generated/widgets/ingame/reticles/ret_cer_loot_s2bp6.lua
8687aac52a8de08	ui/generated/widgets/ingame/reticles/ret_cer_loot_s2bp6_alt.lua
6a30c764978b526	ui/generated/widgets/ingame/reticles/ret_cer_loot_s2bp6_rangefinder.lua
70a306ba0eef34d	ui/generated/widgets/ingame/reticles/ret_cer_loot_s2bp6_therm.lua
c9bad92907ac60a	ui/generated/widgets/ingame/reticles/ret_cer_loot_s2bp8.lua
6a36505e615ca12	ui/generated/widgets/ingame/reticles/ret_cer_loot_s2bp8_alt.lua
c7c2182f0e94130	ui/generated/widgets/ingame/reticles/ret_cer_loot_s2bp8_rangefinder.lua
f6032519439e28e	ui/generated/widgets/ingame/reticles/ret_cer_loot_s2carnival.lua
a65f8241663d63e	ui/generated/widgets/ingame/reticles/ret_cer_loot_s2carnival_alt.lua
17e05d90cf3aa84	ui/generated/widgets/ingame/reticles/ret_cer_loot_s2carnival_rangefinder.lua
28756bcf567c68a	ui/generated/widgets/ingame/reticles/ret_cer_loot_s2cartoon.lua
5c5df6337311292	ui/generated/widgets/ingame/reticles/ret_cer_loot_s2cartoon_alt.lua
5e7b6c9f7e299b0	ui/generated/widgets/ingame/reticles/ret_cer_loot_s2cartoon_rangefinder.lua
8ff1cc33c3ea7d2	ui/generated/widgets/ingame/reticles/ret_cer_loot_s2cdplayer.lua
5b6afa203b29fda	ui/generated/widgets/ingame/reticles/ret_cer_loot_s2cdplayer_alt.lua
21fd049bdd36058	ui/generated/widgets/ingame/reticles/ret_cer_loot_s2cdplayer_rangefinder.lua
90db8fd1153d61c	ui/generated/widgets/ingame/reticles/ret_cer_loot_s2ghillie.lua
7c47a2afc1ae238	ui/generated/widgets/ingame/reticles/ret_cer_loot_s2ghillie_alt.lua
50d87b574e8bc36	ui/generated/widgets/ingame/reticles/ret_cer_loot_s2ghillie_rangefinder.lua
2708163a94b4a1d	ui/generated/widgets/ingame/reticles/ret_cer_loot_s2ghillie_therm.lua
51930d041b5c789	ui/generated/widgets/ingame/reticles/ret_cer_loot_s2icenlava.lua
95c8c98d418e081	ui/generated/widgets/ingame/reticles/ret_cer_loot_s2icenlava_alt.lua
d1d4d779099d5cf	ui/generated/widgets/ingame/reticles/ret_cer_loot_s2icenlava_rangefinder.lua
320d9a79dec00aa	ui/generated/widgets/ingame/reticles/ret_cer_loot_s2saintpat.lua
04e762ed2d2c372	ui/generated/widgets/ingame/reticles/ret_cer_loot_s2saintpat_alt.lua
2b322547bd58990	ui/generated/widgets/ingame/reticles/ret_cer_loot_s2saintpat_rangefinder.lua
30da015d9a6ece3	ui/generated/widgets/ingame/reticles/ret_cer_loot_s2special.lua
f80de0bc0c05d27	ui/generated/widgets/ingame/reticles/ret_cer_loot_s2special_alt.lua
4c0789f913f7fb5	ui/generated/widgets/ingame/reticles/ret_cer_loot_s2special_rangefinder.lua
d28ac2362e1028e	ui/generated/widgets/ingame/reticles/ret_cer_loot_s2thai.lua
4fdf9167e8cf63e	ui/generated/widgets/ingame/reticles/ret_cer_loot_s2thai_alt.lua
b0f30d93d80ca84	ui/generated/widgets/ingame/reticles/ret_cer_loot_s2thai_rangefinder.lua
7a6dd164b3ca59a	ui/generated/widgets/ingame/reticles/ret_cer_loot_s2vtuber.lua
df322cdac977ca2	ui/generated/widgets/ingame/reticles/ret_cer_loot_s2vtuber_alt.lua
8beff940bea1439	ui/generated/widgets/ingame/reticles/ret_cer_loot_s2vtuber_element.lua
fc15a60f3d62281	ui/generated/widgets/ingame/reticles/ret_cer_loot_s2vtuber_element2.lua
aafb7a5f8327720	ui/generated/widgets/ingame/reticles/ret_cer_loot_s2vtuber_rangefinder.lua
d5281289a511e2f	ui/generated/widgets/ingame/reticles/ret_cer_loot_s2wizard.lua
b468a470a309a1b	ui/generated/widgets/ingame/reticles/ret_cer_loot_s2wizard_alt.lua
f3fd4b27cde1991	ui/generated/widgets/ingame/reticles/ret_cer_loot_s2wizard_rangefinder.lua
231668266ef4513	ui/generated/widgets/ingame/reticles/ret_cer_loot_s35jcrafts.lua
538520a5008a057	ui/generated/widgets/ingame/reticles/ret_cer_loot_s35jcrafts_alt.lua
cc143877a759a85	ui/generated/widgets/ingame/reticles/ret_cer_loot_s35jcrafts_rangefinder.lua
076a94b1bcf2255	ui/generated/widgets/ingame/reticles/ret_cer_loot_s35magic.lua
01013150113ffc5	ui/generated/widgets/ingame/reticles/ret_cer_loot_s35magic_alt.lua
08d4e767f7324cb	ui/generated/widgets/ingame/reticles/ret_cer_loot_s35magic_rangefinder.lua
71dc2826ef922b7	ui/generated/widgets/ingame/reticles/ret_cer_loot_s35redact.lua
a957c6280795383	ui/generated/widgets/ingame/reticles/ret_cer_loot_s35redact_alt.lua
04081a98f71d339	ui/generated/widgets/ingame/reticles/ret_cer_loot_s35redact_rangefinder.lua
78b4b6634c8bff0	ui/generated/widgets/ingame/reticles/ret_cer_loot_s35ssword.lua
e268e0547e8d004	ui/generated/widgets/ingame/reticles/ret_cer_loot_s35ssword_alt.lua
d17b47ab79b3baa	ui/generated/widgets/ingame/reticles/ret_cer_loot_s35ssword_rangefinder.lua
4a8ae83b79b3b73	ui/generated/widgets/ingame/reticles/ret_cer_loot_s3bdog.lua
bd29cb55bbca777	ui/generated/widgets/ingame/reticles/ret_cer_loot_s3bdog_alt.lua
241963a538fc3a5	ui/generated/widgets/ingame/reticles/ret_cer_loot_s3bdog_rangefinder.lua
87212601b31e0b5	ui/generated/widgets/ingame/reticles/ret_cer_loot_s3brush.lua
1c800ccd3d88be5	ui/generated/widgets/ingame/reticles/ret_cer_loot_s3brush_alt.lua
d29f38f5378c16b	ui/generated/widgets/ingame/reticles/ret_cer_loot_s3brush_rangefinder.lua
5275352d3c385f4	ui/generated/widgets/ingame/reticles/ret_cer_loot_s3carver.lua
25790f15cfd5f70	ui/generated/widgets/ingame/reticles/ret_cer_loot_s3carver_alt.lua
9042c09c299658e	ui/generated/widgets/ingame/reticles/ret_cer_loot_s3carver_rangefinder.lua
783ecee79ab9ce5	ui/generated/widgets/ingame/reticles/ret_cer_loot_s3comics.lua
9162c04af819455	ui/generated/widgets/ingame/reticles/ret_cer_loot_s3comics_alt.lua
d13a0db6c0a6bfb	ui/generated/widgets/ingame/reticles/ret_cer_loot_s3comics_rangefinder.lua
62aae46bad09450	ui/generated/widgets/ingame/reticles/ret_cer_loot_s3ev7a.lua
611cbdff2621f24	ui/generated/widgets/ingame/reticles/ret_cer_loot_s3ev7a_alt.lua
b58dd15b613644a	ui/generated/widgets/ingame/reticles/ret_cer_loot_s3ev7a_rangefinder.lua
17deeaf5dbea267	ui/generated/widgets/ingame/reticles/ret_cer_loot_s3hydro.lua
9bfa8a0fe2ab3f3	ui/generated/widgets/ingame/reticles/ret_cer_loot_s3hydro_alt.lua
6906ac9fe011dc9	ui/generated/widgets/ingame/reticles/ret_cer_loot_s3hydro_rangefinder.lua
8700732ee2cff27	ui/generated/widgets/ingame/reticles/ret_cer_loot_s3nuclear.lua
1f0b7a379384cb3	ui/generated/widgets/ingame/reticles/ret_cer_loot_s3nuclear_alt.lua
2146fb276248189	ui/generated/widgets/ingame/reticles/ret_cer_loot_s3nuclear_rangefinder.lua
deda96090d7698d	ui/generated/widgets/ingame/reticles/ret_cer_loot_s3over.lua
1e0c8c923781d9d	ui/generated/widgets/ingame/reticles/ret_cer_loot_s3over_alt.lua
0ae91c05d8d41e3	ui/generated/widgets/ingame/reticles/ret_cer_loot_s3over_rangefinder.lua
95d8185c67adc9b	ui/generated/widgets/ingame/reticles/ret_cer_loot_s3pink.lua
993cb7579b451df	ui/generated/widgets/ingame/reticles/ret_cer_loot_s3pink_alt.lua
3d65a2113bd34ed	ui/generated/widgets/ingame/reticles/ret_cer_loot_s3pink_rangefinder.lua
f14d4717fc11e10	ui/generated/widgets/ingame/reticles/ret_cer_loot_s3swolf.lua
bff730578bc65e4	ui/generated/widgets/ingame/reticles/ret_cer_loot_s3swolf_alt.lua
344b54ba289a90a	ui/generated/widgets/ingame/reticles/ret_cer_loot_s3swolf_rangefinder.lua
5c12d85aced6968	ui/generated/widgets/ingame/reticles/ret_cer_loot_s4bnoir.lua
3e3f514ee38797c	ui/generated/widgets/ingame/reticles/ret_cer_loot_s4bnoir_alt.lua
213d9c48ca48d82	ui/generated/widgets/ingame/reticles/ret_cer_loot_s4bnoir_rangefinder.lua
5759441acb158ae	ui/generated/widgets/ingame/reticles/ret_cer_loot_s4dadler.lua
3b0546a1c16ad1e	ui/generated/widgets/ingame/reticles/ret_cer_loot_s4dadler_alt.lua
3b55a6095df6864	ui/generated/widgets/ingame/reticles/ret_cer_loot_s4dadler_rangefinder.lua
3928d0a6a9e600b	ui/generated/widgets/ingame/reticles/ret_cer_loot_s4improv.lua
8a970294478374f	ui/generated/widgets/ingame/reticles/ret_cer_loot_s4improv_alt.lua
34171e0b903d37d	ui/generated/widgets/ingame/reticles/ret_cer_loot_s4improv_rangefinder.lua
b7a78621b1a066f	ui/generated/widgets/ingame/reticles/ret_cer_loot_s4infrared.lua
222fcb7f658e85b	ui/generated/widgets/ingame/reticles/ret_cer_loot_s4infrared_alt.lua
d8cb9aeaa5371d1	ui/generated/widgets/ingame/reticles/ret_cer_loot_s4infrared_rangefinder.lua
be454cffc369d9d	ui/generated/widgets/ingame/reticles/ret_cer_loot_s4milsas.lua
66578242e71602d	ui/generated/widgets/ingame/reticles/ret_cer_loot_s4milsas_alt.lua
bfa0e59114d8ed3	ui/generated/widgets/ingame/reticles/ret_cer_loot_s4milsas_rangefinder.lua
e23796e4830c9bc	ui/generated/widgets/ingame/reticles/ret_cer_loot_s4versus.lua
68f8e49b8a48398	ui/generated/widgets/ingame/reticles/ret_cer_loot_s4versus_alt.lua
47386ba22a34696	ui/generated/widgets/ingame/reticles/ret_cer_loot_s4versus_rangefinder.lua
fd55a3f4a0d383f	ui/generated/widgets/ingame/reticles/ret_cer_loot_shroudhitman.lua
f98246a4245966b	ui/generated/widgets/ingame/reticles/ret_cer_loot_shroudhitman_alt.lua
09b65f8693f3001	ui/generated/widgets/ingame/reticles/ret_cer_loot_shroudhitman_rangefinder.lua
bd68e48abae8a77	ui/generated/widgets/ingame/reticles/ret_cer_loot_steampunk.lua
7511e9c446fd443	ui/generated/widgets/ingame/reticles/ret_cer_loot_steampunk_alt.lua
3fa1a0442876ef9	ui/generated/widgets/ingame/reticles/ret_cer_loot_steampunk_rangefinder.lua
636421d8d08d929	ui/generated/widgets/ingame/reticles/ret_cer_loot_stingray01.lua
187fb91c0540ce1	ui/generated/widgets/ingame/reticles/ret_cer_loot_stingray01_alt.lua
edf778d3e3627af	ui/generated/widgets/ingame/reticles/ret_cer_loot_stingray01_rangefinder.lua
37e90c528989c6d	ui/generated/widgets/ingame/reticles/ret_cer_loot_tactvamp.lua
86a97bc1d6ed03d	ui/generated/widgets/ingame/reticles/ret_cer_loot_tactvamp_alt.lua
5c387b6aaccb003	ui/generated/widgets/ingame/reticles/ret_cer_loot_tactvamp_rangefinder.lua
e920b6039b2b525	ui/generated/widgets/ingame/reticles/ret_cer_loot_transparent.lua
8509fbe1e413e95	ui/generated/widgets/ingame/reticles/ret_cer_loot_transparent_alt.lua
b8561a62bc5a63b	ui/generated/widgets/ingame/reticles/ret_cer_loot_transparent_rangefinder.lua
429196a0b7491d1	ui/generated/widgets/ingame/reticles/ret_cer_loot_zombiex.lua
25a230bee6b3ca9	ui/generated/widgets/ingame/reticles/ret_cer_loot_zombiex_alt.lua
4a6773e8104e477	ui/generated/widgets/ingame/reticles/ret_cer_loot_zombiex_rangefinder.lua
aba21d0178e647e	ui/generated/widgets/ingame/reticles/ret_cer_med_01_mp.lua
fe057b0b66414ae	ui/generated/widgets/ingame/reticles/ret_cer_med_01_mp_alt.lua
4c1a035ea17084a	ui/generated/widgets/ingame/reticles/ret_cer_med_01_wz.lua
23459fd12f08252	ui/generated/widgets/ingame/reticles/ret_cer_med_01_wz_alt.lua
f268a0be793252a	ui/generated/widgets/ingame/reticles/ret_cer_med_01_zm.lua
1518ef0d7cc6ff2	ui/generated/widgets/ingame/reticles/ret_cer_med_01_zm_alt.lua
53f3de2156e2869	ui/generated/widgets/ingame/reticles/ret_cer_med_02_mp.lua
7482e2955411921	ui/generated/widgets/ingame/reticles/ret_cer_med_02_mp_alt.lua
377335a9b5b8611	ui/generated/widgets/ingame/reticles/ret_cer_med_02_wz.lua
a0a0561070e3fe9	ui/generated/widgets/ingame/reticles/ret_cer_med_02_wz_alt.lua
46bf9208b4743d5	ui/generated/widgets/ingame/reticles/ret_cer_med_02_zm.lua
88883f54c38f945	ui/generated/widgets/ingame/reticles/ret_cer_med_02_zm_alt.lua
d4279ef677a368c	ui/generated/widgets/ingame/reticles/ret_cer_med_03_mp.lua
7192f5cd1f60c28	ui/generated/widgets/ingame/reticles/ret_cer_med_03_mp_alt.lua
11bb31207d6c410	ui/generated/widgets/ingame/reticles/ret_cer_med_03_wz.lua
a8a1221d0e76be4	ui/generated/widgets/ingame/reticles/ret_cer_med_03_wz_alt.lua
b3a2a89d4a94a64	ui/generated/widgets/ingame/reticles/ret_cer_med_03_zm.lua
d0007195166e3e0	ui/generated/widgets/ingame/reticles/ret_cer_med_03_zm_alt.lua
fcc46dd4eea5f9f	ui/generated/widgets/ingame/reticles/ret_cer_med_04_mp.lua
88513ca9b86e88b	ui/generated/widgets/ingame/reticles/ret_cer_med_04_mp_alt.lua
671edbe0923cf27	ui/generated/widgets/ingame/reticles/ret_cer_med_04_wz.lua
7a473340fc41cb3	ui/generated/widgets/ingame/reticles/ret_cer_med_04_wz_alt.lua
12ae2ed1239a217	ui/generated/widgets/ingame/reticles/ret_cer_med_04_zm.lua
780578c051b8fa3	ui/generated/widgets/ingame/reticles/ret_cer_med_04_zm_alt.lua
74cd5b76beececa	ui/generated/widgets/ingame/reticles/ret_cer_med_05_mp.lua
4e3560d2c6df0d2	ui/generated/widgets/ingame/reticles/ret_cer_med_05_mp_alt.lua
1f7b324189bfb56	ui/generated/widgets/ingame/reticles/ret_cer_med_05_wz.lua
f15153e6f62e8a6	ui/generated/widgets/ingame/reticles/ret_cer_med_05_wz_alt.lua
58a79827c8e53f6	ui/generated/widgets/ingame/reticles/ret_cer_med_05_zm.lua
73a78aed04a0086	ui/generated/widgets/ingame/reticles/ret_cer_med_05_zm_alt.lua
3a9de6b7306af05	ui/generated/widgets/ingame/reticles/ret_cer_med_06_mp.lua
c9f5eab186edd35	ui/generated/widgets/ingame/reticles/ret_cer_med_06_mp_alt.lua
261e69019feb7dd	ui/generated/widgets/ingame/reticles/ret_cer_med_06_wz.lua
ba9f70d3c86546d	ui/generated/widgets/ingame/reticles/ret_cer_med_06_wz_alt.lua
5ec685d2d156421	ui/generated/widgets/ingame/reticles/ret_cer_med_06_zm.lua
5b64f3c0f9ef979	ui/generated/widgets/ingame/reticles/ret_cer_med_06_zm_alt.lua
b22c1b93e63cfa8	ui/generated/widgets/ingame/reticles/ret_cer_med_07_mp.lua
2e4f6a26a039ebc	ui/generated/widgets/ingame/reticles/ret_cer_med_07_mp_alt.lua
efc1ef9d55970dc	ui/generated/widgets/ingame/reticles/ret_cer_med_07_wz.lua
4d1e9a7f7fca0f8	ui/generated/widgets/ingame/reticles/ret_cer_med_07_wz_alt.lua
dbc3fee6ab05020	ui/generated/widgets/ingame/reticles/ret_cer_med_07_zm.lua
6140f8a9fac9034	ui/generated/widgets/ingame/reticles/ret_cer_med_07_zm_alt.lua
34b24a0e033043b	ui/generated/widgets/ingame/reticles/ret_cer_med_08_mp.lua
7a5f40f95d5583f	ui/generated/widgets/ingame/reticles/ret_cer_med_08_mp_alt.lua
bda5c10d09865b3	ui/generated/widgets/ingame/reticles/ret_cer_med_08_wz.lua
dcb2e393ece25b7	ui/generated/widgets/ingame/reticles/ret_cer_med_08_wz_alt.lua
bedae4bfd73e3b3	ui/generated/widgets/ingame/reticles/ret_cer_med_08_zm.lua
bf62c73eda883b7	ui/generated/widgets/ingame/reticles/ret_cer_med_08_zm_alt.lua
a601d00a051d8e6	ui/generated/widgets/ingame/reticles/ret_cer_med_09_mp.lua
7750e393f105f36	ui/generated/widgets/ingame/reticles/ret_cer_med_09_mp_alt.lua
2f8e9fa54c93512	ui/generated/widgets/ingame/reticles/ret_cer_med_09_wz.lua
8eb4dedae70661a	ui/generated/widgets/ingame/reticles/ret_cer_med_09_wz_alt.lua
f93b4ca13247262	ui/generated/widgets/ingame/reticles/ret_cer_med_09_zm.lua
1fe9c2c2b8b4a2a	ui/generated/widgets/ingame/reticles/ret_cer_med_09_zm_alt.lua
39e8fc56dcc6943	ui/generated/widgets/ingame/reticles/ret_cer_med_09_zm_therm.lua
ee59344d66c56dc	ui/generated/widgets/ingame/reticles/ret_cer_med_10_mp.lua
6769f1b1298e6f8	ui/generated/widgets/ingame/reticles/ret_cer_med_10_mp_alt.lua
e465f7666220980	ui/generated/widgets/ingame/reticles/ret_cer_med_10_wz.lua
83d858e36a03cd4	ui/generated/widgets/ingame/reticles/ret_cer_med_10_wz_alt.lua
feafc418d0cee34	ui/generated/widgets/ingame/reticles/ret_cer_med_10_zm.lua
cae9eba74dc78b0	ui/generated/widgets/ingame/reticles/ret_cer_med_10_zm_alt.lua
9c4afd896c6ece5	ui/generated/widgets/ingame/reticles/ret_cer_med_10_zm_therm.lua
a603d97532d0d9b	ui/generated/widgets/ingame/reticles/ret_cer_med_thermal01_def.lua
71fc863341fc7db	ui/generated/widgets/ingame/reticles/ret_cer_sawblade.lua
3bcf9c8d78a5d69	ui/generated/widgets/ingame/reticles/ret_cer_short_02_mp.lua
1f4ef415d77bb11	ui/generated/widgets/ingame/reticles/ret_cer_short_02_wz.lua
2e9b5074d6378d5	ui/generated/widgets/ingame/reticles/ret_cer_short_02_zm.lua
bc035d629966b8c	ui/generated/widgets/ingame/reticles/ret_cer_short_03_mp.lua
f996ef8c9f2f910	ui/generated/widgets/ingame/reticles/ret_cer_short_03_wz.lua
9b7e67096c57f64	ui/generated/widgets/ingame/reticles/ret_cer_short_03_zm.lua
812d084cd87bec2	ui/generated/widgets/ingame/reticles/ret_cer_short_04__wz.lua
e4a02c41106949f	ui/generated/widgets/ingame/reticles/ret_cer_short_04_mp.lua
4efa9a4cb400427	ui/generated/widgets/ingame/reticles/ret_cer_short_04_wz.lua
fa89ed3d455d717	ui/generated/widgets/ingame/reticles/ret_cer_short_04_zm.lua
5ca919e2e0b03ca	ui/generated/widgets/ingame/reticles/ret_cer_short_05_mp.lua
0756f0adab83056	ui/generated/widgets/ingame/reticles/ret_cer_short_05_wz.lua
40835693eaa88f6	ui/generated/widgets/ingame/reticles/ret_cer_short_05_zm.lua
2279a523522e405	ui/generated/widgets/ingame/reticles/ret_cer_short_06_mp.lua
0dfa276dc1aecdd	ui/generated/widgets/ingame/reticles/ret_cer_short_06_wz.lua
46a2443ef319921	ui/generated/widgets/ingame/reticles/ret_cer_short_06_zm.lua
9a07da0008004a8	ui/generated/widgets/ingame/reticles/ret_cer_short_07_mp.lua
d79dae09775a5dc	ui/generated/widgets/ingame/reticles/ret_cer_short_07_wz.lua
c39fbd52ccc8520	ui/generated/widgets/ingame/reticles/ret_cer_short_07_zm.lua
1c8e087a24f393b	ui/generated/widgets/ingame/reticles/ret_cer_short_08_mp.lua
a5817f792b49ab3	ui/generated/widgets/ingame/reticles/ret_cer_short_08_wz.lua
a6b6a32bf9018b3	ui/generated/widgets/ingame/reticles/ret_cer_short_08_zm.lua
8ddd8e7626e0de6	ui/generated/widgets/ingame/reticles/ret_cer_short_09_mp.lua
176a5e116e56a12	ui/generated/widgets/ingame/reticles/ret_cer_short_09_wz.lua
e1170b0d540a762	ui/generated/widgets/ingame/reticles/ret_cer_short_09_zm.lua
d634f2b98888bdc	ui/generated/widgets/ingame/reticles/ret_cer_short_10_mp.lua
cc41b5d283e3e80	ui/generated/widgets/ingame/reticles/ret_cer_short_10_wz.lua
e68b8284f292334	ui/generated/widgets/ingame/reticles/ret_cer_short_10_zm.lua
80433e24f4ad514	ui/generated/widgets/ingame/reticles/ret_cer_snprscopear_def.lua
1146db53b2781e8	ui/generated/widgets/ingame/reticles/ret_cer_snprscopedm_def.lua
c8958f94ec75858	ui/generated/widgets/ingame/reticles/ret_cer_snprthermal_def.lua
06dd8fab3dd35fd	ui/generated/widgets/ingame/reticles/ret_cer_thermalholo_def.lua
2bbaa12e84bd0d7	ui/generated/widgets/ingame/reticles/ret_cer_twox01_def.lua
0e7b12e1646c112	ui/generated/widgets/ingame/reticles/ret_cer_varizoom01_def.lua
4707df7cbd45917	ui/generated/widgets/ingame/reticles/ret_cer_varizoom02_def.lua
68b82409d5a48e0	ui/generated/widgets/ingame/reticles/reticle01.lua
09ffc5b2daa79a5	ui/generated/widgets/ingame/reticles/reticle02.lua
1c42938a7598e22	ui/generated/widgets/ingame/reticles/reticle03.lua
1dc2f67e3228967	ui/generated/widgets/ingame/reticles/reticle04.lua
dfa4f5467a01401	ui/generated/widgets/ingame/reticles/reticle04greendot.lua
49a2e5d5cb6905c	ui/generated/widgets/ingame/reticles/reticle05.lua
48da76bebf31f21	ui/generated/widgets/ingame/reticles/reticle06.lua
730b6616570798e	ui/generated/widgets/ingame/reticles/reticle07.lua
8446f373c8bfbe3	ui/generated/widgets/ingame/reticles/reticle08.lua
b036e2cb621b5d8	ui/generated/widgets/ingame/reticles/reticle09.lua
611d449f1b4343e	ui/generated/widgets/ingame/reticles/reticle10.lua
ba8c76790343a91	ui/generated/widgets/ingame/reticles/reticle11.lua
4bf106fc8667acc	ui/generated/widgets/ingame/reticles/reticle12.lua
04b0f624ed4b517	ui/generated/widgets/ingame/reticles/reticle13.lua
25a493933995492	ui/generated/widgets/ingame/reticles/reticle14.lua
043d6db54e77c0c	ui/generated/widgets/ingame/reticles/reticle14hybrid.lua
6055a3ed1ee4315	ui/generated/widgets/ingame/reticles/reticle15.lua
a16a4530bedc910	ui/generated/widgets/ingame/reticles/reticle16.lua
29eb6bf45d10ec1	ui/generated/widgets/ingame/reticles/reticle16hybrida.lua
d4342e657dec187	ui/generated/widgets/ingame/reticles/reticle16hybridc.lua
23ca3458f78da5b	ui/generated/widgets/ingame/reticles/reticle17.lua
8eb748c0e5cdaf8	ui/generated/widgets/ingame/reticles/reticle17hybrida.lua
4f02d9bd909cf7d	ui/generated/widgets/ingame/reticles/reticle17hybridb.lua
0d85c963a587bda	ui/generated/widgets/ingame/reticles/reticle17hybridc.lua
dc9dd178ec525f6	ui/generated/widgets/ingame/reticles/reticle18.lua
245e0a78ff83208	ui/generated/widgets/ingame/reticles/reticle18hybrid.lua
c45af2d761c0a09	ui/generated/widgets/ingame/reticles/reticle19.lua
9b455b2f937678d	ui/generated/widgets/ingame/reticles/reticle20.lua
13d46c07567e3ea	ui/generated/widgets/ingame/reticles/reticle21.lua
101e1d7e6e65754	ui/generated/widgets/ingame/reticles/reticle21hybrid.lua
458a1da0b44ad93	ui/generated/widgets/ingame/reticles/reticle22.lua
cd6c89e435838d5	ui/generated/widgets/ingame/reticles/reticle22hybrid.lua
561deb784dd1588	ui/generated/widgets/ingame/reticles/reticle23.lua
7c2c1cfb8934249	ui/generated/widgets/ingame/reticles/reticle24.lua
f5cefbeb6599336	ui/generated/widgets/ingame/reticles/reticle25.lua
8464ceac98d530f	ui/generated/widgets/ingame/reticles/reticle26.lua
e772be48d68aba4	ui/generated/widgets/ingame/reticles/reticle27.lua
afe6ce5fc65d955	ui/generated/widgets/ingame/reticles/reticle28.lua
dd85bdb76123fd2	ui/generated/widgets/ingame/reticles/reticle29.lua
4be53f58044d0b8	ui/generated/widgets/ingame/reticles/reticle30.lua
1ff550006af16c3	ui/generated/widgets/ingame/reticles/reticle31.lua
51656ec6eea743e	ui/generated/widgets/ingame/reticles/reticle_fvats.lua
30a0f8f3720b760	ui/generated/widgets/ingame/reticles/reticle_fvats2.lua
987710a8c051101	ui/generated/widgets/ingame/reticles/reticleacog.lua
9ea495622686a1c	ui/generated/widgets/ingame/reticles/reticleacogeast.lua
b882fce4ade9acd	ui/generated/widgets/ingame/reticles/reticleairburst.lua
09acac12857cd65	ui/generated/widgets/ingame/reticles/reticlearbase.lua
db02fa0f439b342	ui/generated/widgets/ingame/reticles/reticlearscope_vz01.lua
63e89ae88a7bc0b	ui/generated/widgets/ingame/reticles/reticlearscope_vz02.lua
8fc88a4023bc300	ui/generated/widgets/ingame/reticles/reticlearscope_vz03.lua
a82118f18747421	ui/generated/widgets/ingame/reticles/reticlearscopetherm01.lua
f287be8c5be1b8e	ui/generated/widgets/ingame/reticles/reticlearscopetherm01cyber.lua
4b46e7efc6d1333	ui/generated/widgets/ingame/reticles/reticlearscopetherm01gold.lua
eaba29a8fe742da	ui/generated/widgets/ingame/reticles/reticlearscopevz02.lua
b399b5776ccaa2e	ui/generated/widgets/ingame/reticles/reticleaug.lua
1c7a874aa43220e	ui/generated/widgets/ingame/reticles/reticlecirclegreen.lua
9f5520c590999bf	ui/generated/widgets/ingame/reticles/reticlecrossbow.lua
1133cb70ed25343	ui/generated/widgets/ingame/reticles/reticlecrossdotred.lua
496da66b2e81d82	ui/generated/widgets/ingame/reticles/reticlecrosshairauto.lua
6dca2b7e52d1cf8	ui/generated/widgets/ingame/reticles/reticlecrosshairbase.lua
c3a928d4de2112b	ui/generated/widgets/ingame/reticles/reticlecrosshairbaseouter.lua
bc530581577e3dd	ui/generated/widgets/ingame/reticles/reticlecrosshairburst.lua
0f5fcfa0b308c4c	ui/generated/widgets/ingame/reticles/reticlecrosshaircannon.lua
d9efc0c18d4e758	ui/generated/widgets/ingame/reticles/reticlecrosshairdot.lua
ce4062d6006c752	ui/generated/widgets/ingame/reticles/reticlecrosshairjuliet.lua
d419da7d9c19c85	ui/generated/widgets/ingame/reticles/reticlecrosshairlauncher.lua
92d3bc635ebea55	ui/generated/widgets/ingame/reticles/reticlecrosshairrcdronegb.lua
4103ca79de9ded0	ui/generated/widgets/ingame/reticles/reticlecrosshairrpg.lua
96d00e17b07a56d	ui/generated/widgets/ingame/reticles/reticlecrosshairsingle.lua
ffbc5c7420a67c8	ui/generated/widgets/ingame/reticles/reticlecrosshairsinglesmall.lua
04e48bd46ff31a2	ui/generated/widgets/ingame/reticles/reticlecrosshairspread.lua
ca5151d6d45c845	ui/generated/widgets/ingame/reticles/reticlecrossspier9.lua
7e727da7e6794ff	ui/generated/widgets/ingame/reticles/reticledmscope01.lua
b466eae4432927d	ui/generated/widgets/ingame/reticles/reticledmscopetherm01.lua
03c94f71fd794ec	ui/generated/widgets/ingame/reticles/reticledmscopetherm01domascus.lua
23db3dfc8e05677	ui/generated/widgets/ingame/reticles/reticledmscopevz01.lua
c8da6938a34bd4b	ui/generated/widgets/ingame/reticles/reticledmscopevz01_darkritual.lua
6ba70b4ca7de636	ui/generated/widgets/ingame/reticles/reticledmscopevz01_darkritual_focuschild.lua
dc40ecc597f22a8	ui/generated/widgets/ingame/reticles/reticledmscopevz01_darkritual_heptachild.lua
b6a78c76ea2fe9e	ui/generated/widgets/ingame/reticles/reticledmscopevz02.lua
3ab67b9f244bc71	ui/generated/widgets/ingame/reticles/reticledmscopevz03.lua
39ba8ec68146ea4	ui/generated/widgets/ingame/reticles/reticledmscopevz03center.lua
f76d63c82d951b1	ui/generated/widgets/ingame/reticles/reticledmscopevz03centerthor.lua
8f0f41656c1bb37	ui/generated/widgets/ingame/reticles/reticledmscopevz03centerzoom.lua
7d2a043dd1989e6	ui/generated/widgets/ingame/reticles/reticledmscopevz03centerzoomthor.lua
de5b0a9b2231780	ui/generated/widgets/ingame/reticles/reticledmscopevz03thor.lua
6f5d879f207e829	ui/generated/widgets/ingame/reticles/reticlefourx04vday.lua
4575e5e58571d63	ui/generated/widgets/ingame/reticles/reticlefourx04vdayheart.lua
d4508a5f99e0bfa	ui/generated/widgets/ingame/reticles/reticlefourx04vdayheartbreak.lua
9cf23befe9c2364	ui/generated/widgets/ingame/reticles/reticlefourx04vdayheartbreakr.lua
2867cc6dfd23822	ui/generated/widgets/ingame/reticles/reticlefourx05.lua
0a0dc9fd6fbaf03	ui/generated/widgets/ingame/reticles/reticlefourxaugolf.lua
6130e224cddbefb	ui/generated/widgets/ingame/reticles/reticlefourxsalpha21.lua
b42ad5420501a27	ui/generated/widgets/ingame/reticles/reticleholo.lua
e26cfd23e166139	ui/generated/widgets/ingame/reticles/reticleholo02.lua
7d9abab52792d03	ui/generated/widgets/ingame/reticles/reticleholo04.lua
82706176a1a8b1b	ui/generated/widgets/ingame/reticles/reticleholo04pink.lua
83c366d60aedb45	ui/generated/widgets/ingame/reticles/reticleholo04scifi.lua
a97aaa0cc0d33f8	ui/generated/widgets/ingame/reticles/reticleholo05.lua
69c63b096ba287d	ui/generated/widgets/ingame/reticles/reticleholo06.lua
1b5d4954e491366	ui/generated/widgets/ingame/reticles/reticleholobase.lua
45c832eb8756ca4	ui/generated/widgets/ingame/reticles/reticleholobasebcell.lua
97beaa712fd478b	ui/generated/widgets/ingame/reticles/reticleholobcell.lua
2bde0dc419d2def	ui/generated/widgets/ingame/reticles/reticleholorange01.lua
89c0f5ca1d01016	ui/generated/widgets/ingame/reticles/reticleholorange01pstl.lua
99edec5e04e56f1	ui/generated/widgets/ingame/reticles/reticleholorange01scifi.lua
f0934efc7506154	ui/generated/widgets/ingame/reticles/reticleholorange01scifipstl.lua
ee70cff067f55d4	ui/generated/widgets/ingame/reticles/reticleholotherm01.lua
2b3e293fe55ce47	ui/generated/widgets/ingame/reticles/reticleholotherm01alt.lua
05e2e641b8b10a7	ui/generated/widgets/ingame/reticles/reticleholotherm01altdark.lua
cdf71d5bd0df747	ui/generated/widgets/ingame/reticles/reticleholotherm01altpenumbra.lua
84d3bb1ed808778	ui/generated/widgets/ingame/reticles/reticleholotherm01dark.lua
946df2129f56a6d	ui/generated/widgets/ingame/reticles/reticleholotherm01paranormal.lua
60b6bb72c7ce132	ui/generated/widgets/ingame/reticles/reticleholotherm01paranormaldirection.lua
f10bf8a6e4eae60	ui/generated/widgets/ingame/reticles/reticleholotherm01penumbra.lua
f04671a34882639	ui/generated/widgets/ingame/reticles/reticleholotherm02.lua
0155d934bf9ec83	ui/generated/widgets/ingame/reticles/reticlehybrid02.lua
2d35c88c58df378	ui/generated/widgets/ingame/reticles/reticlehybrid03.lua
a2fab43dbf3a4bb	ui/generated/widgets/ingame/reticles/reticlehybrid03altvday.lua
33ef04fcbf145fe	ui/generated/widgets/ingame/reticles/reticlehybrid03pshock.lua
dd1dee855fdd998	ui/generated/widgets/ingame/reticles/reticlehybrid03vday.lua
4fd804ee11fc534	ui/generated/widgets/ingame/reticles/reticlehybrid03vdaycounter.lua
389e270b8464224	ui/generated/widgets/ingame/reticles/reticlehybrid03vdayheart.lua
305d7b125006093	ui/generated/widgets/ingame/reticles/reticlehybrid03vdayheartbreak.lua
66281ba379720b9	ui/generated/widgets/ingame/reticles/reticlehybrid04.lua
86e6fa311eafae6	ui/generated/widgets/ingame/reticles/reticlehybrid05.lua
5b7cabc0a3e30ff	ui/generated/widgets/ingame/reticles/reticlehybrid06.lua
4faf0ecb4cb9e4f	ui/generated/widgets/ingame/reticles/reticlehybrid15b.lua
84cda1a9818f405	ui/generated/widgets/ingame/reticles/reticlehybridrange01.lua
0cb80aba21cc704	ui/generated/widgets/ingame/reticles/reticlehybridwest02.lua
f804d0c71aff0a4	ui/generated/widgets/ingame/reticles/reticleint.lua
e5e3e16530f6257	ui/generated/widgets/ingame/reticles/reticlelaunchergrid.lua
08079bbb80b3ffe	ui/generated/widgets/ingame/reticles/reticlelaunchergromeo.lua
b29cdb440c25669	ui/generated/widgets/ingame/reticles/reticlelaunchergromeolock.lua
8ab03daa27bb953	ui/generated/widgets/ingame/reticles/reticlelaunchergustav.lua
aa3f7770c8d95ec	ui/generated/widgets/ingame/reticles/reticlelaunchermike32.lua
12ab6b1d4aed90f	ui/generated/widgets/ingame/reticles/reticlelauncherrpapa8lockon.lua
98e29174a766dfc	ui/generated/widgets/ingame/reticles/reticlelauncherrpapa8lockonframe.lua
6a9bcc86ba561a8	ui/generated/widgets/ingame/reticles/reticlelmgbase.lua
1817656528a17ac	ui/generated/widgets/ingame/reticles/reticleminireddot03animeshine.lua
037949ba80296d6	ui/generated/widgets/ingame/reticles/reticleminireddot03elecblue.lua
1fd11f5d549ea82	ui/generated/widgets/ingame/reticles/reticleminireddot03spider.lua
33b85128a7a3ce5	ui/generated/widgets/ingame/reticles/reticleminireddotgotago.lua
6844f73b7e10bdd	ui/generated/widgets/ingame/reticles/reticleminireddotgotagochild.lua
e58ed2bcc896654	ui/generated/widgets/ingame/reticles/reticlenotchedcircledotgreen.lua
d493caa1778aaa4	ui/generated/widgets/ingame/reticles/reticlenotchedcircledotred.lua
ce2bc6211cac6cc	ui/generated/widgets/ingame/reticles/reticleoutercirclefourx02.lua
33aef068413955a	ui/generated/widgets/ingame/reticles/reticleoutercirclefourx02_ct.lua
a7df52b7cfda092	ui/generated/widgets/ingame/reticles/reticleoutercirclefourx04.lua
1b357ae1eeb837e	ui/generated/widgets/ingame/reticles/reticleoutercirclefourx04vday.lua
e2906311b528f15	ui/generated/widgets/ingame/reticles/reticleoutercirclefourx05.lua
8a91d6de997859d	ui/generated/widgets/ingame/reticles/reticleoutercirclefourx_classic.lua
9cebfb22aa29a56	ui/generated/widgets/ingame/reticles/reticleoutercirclehybrid02.lua
bb091c814dca769	ui/generated/widgets/ingame/reticles/reticleoutercirclehybrid03.lua
95f276aef5d0f4d	ui/generated/widgets/ingame/reticles/reticleoutercirclehybrid03vday.lua
f18b1b19aa91e17	ui/generated/widgets/ingame/reticles/reticleoutercirclemike9.lua
5890b1d2fe28903	ui/generated/widgets/ingame/reticles/reticleoutercircleroots.lua
f5593e3dd73b98d	ui/generated/widgets/ingame/reticles/reticlephonethermalframe.lua
62fb93860df32f7	ui/generated/widgets/ingame/reticles/reticlepiscope01.lua
cf35ca030c0a834	ui/generated/widgets/ingame/reticles/reticlereflex02snoop.lua
cb22e1c804d680c	ui/generated/widgets/ingame/reticles/reticlereflex06animeshine.lua
09c77e78da01ab6	ui/generated/widgets/ingame/reticles/reticlereflex06elecblue.lua
8f84fcef3c1f37f	ui/generated/widgets/ingame/reticles/reticleshscope01.lua
baef4b5fb6ebd66	ui/generated/widgets/ingame/reticles/reticleshscope02.lua
62800f09ac3cae1	ui/generated/widgets/ingame/reticles/reticlesmgbase.lua
ecda927c36540f2	ui/generated/widgets/ingame/reticles/reticlesnadjust01.lua
3331b0df119c628	ui/generated/widgets/ingame/reticles/reticlesnintercept.lua
ffb8e2841034d70	ui/generated/widgets/ingame/reticles/reticlesniper.lua
ac3e0b8bbfb7abb	ui/generated/widgets/ingame/reticles/reticlesniper01.lua
16686a7781d49f2	ui/generated/widgets/ingame/reticles/reticlesniper02.lua
e8c97b1fe70e375	ui/generated/widgets/ingame/reticles/reticlesniper03.lua
ff049b7da0ad2ac	ui/generated/widgets/ingame/reticles/reticlesniper04.lua
56c4cd578742c77	ui/generated/widgets/ingame/reticles/reticlesniper05.lua
e9911bd1e36d49e	ui/generated/widgets/ingame/reticles/reticlesniper06.lua
6da00afa1d89271	ui/generated/widgets/ingame/reticles/reticlesniper07.lua
26b09886ee6caa8	ui/generated/widgets/ingame/reticles/reticlesniper08.lua
a90c87af2716f33	ui/generated/widgets/ingame/reticles/reticlesniper09.lua
256359e57502685	ui/generated/widgets/ingame/reticles/reticlesniper10.lua
6e566abd0f90582	ui/generated/widgets/ingame/reticles/reticlesniper11.lua
e56900279146771	ui/generated/widgets/ingame/reticles/reticlesniperbase.lua
eb702d65be6875e	ui/generated/widgets/ingame/reticles/reticlesniperbriefcaseks.lua
ce7799848d478aa	ui/generated/widgets/ingame/reticles/reticlesniperbriefcaseks_internal.lua
c6a468e3691bd7a	ui/generated/widgets/ingame/reticles/reticlesnipercharlie725.lua
0baaa2cac8c2d7a	ui/generated/widgets/ingame/reticles/reticlesniperdelta.lua
3092082a65d546e	ui/generated/widgets/ingame/reticles/reticlesniperhdromeo.lua
18e9d389feeeae6	ui/generated/widgets/ingame/reticles/reticlesniperhdromeovz.lua
881bd4258292f72	ui/generated/widgets/ingame/reticles/reticlesniperhdromeovzballistics.lua
b3766f6b1a6ef19	ui/generated/widgets/ingame/reticles/reticlesniperhdromeovzreset.lua
77ed1446f459918	ui/generated/widgets/ingame/reticles/reticlesniperkilo98.lua
df589d664ff8b07	ui/generated/widgets/ingame/reticles/reticlesniperlimax.lua
b8e0e7588ba6afc	ui/generated/widgets/ingame/reticles/reticlesnipersksierra.lua
202d1474ba66c10	ui/generated/widgets/ingame/reticles/reticlesnprmike4illu.lua
14c0edcfd262e11	ui/generated/widgets/ingame/reticles/reticlesnscope05.lua
c0449fadfa5b383	ui/generated/widgets/ingame/reticles/reticlesnscope05classic.lua
a6257e535586e4c	ui/generated/widgets/ingame/reticles/reticlesnscope06.lua
74293be3e0eb95d	ui/generated/widgets/ingame/reticles/reticlesnscopelimax.lua
77a2fbba2f97bc0	ui/generated/widgets/ingame/reticles/reticlesnscopevz02.lua
b0b75f1ca4a1186	ui/generated/widgets/ingame/reticles/reticlesnscopevz02purple.lua
8d076352c68234d	ui/generated/widgets/ingame/reticles/reticlesplaunchergromeo.lua
36c462bb447c08a	ui/generated/widgets/ingame/reticles/reticlethermal.lua
76439afed0b4a1d	ui/generated/widgets/ingame/reticles/reticlethermal01.lua
47c46e31d8fa3e0	ui/generated/widgets/ingame/reticles/reticlethermal01paranormal.lua
10ce3f0b4ad7fc4	ui/generated/widgets/ingame/reticles/reticlethermal01paranormaldirectional.lua
c1a84cb401e1418	ui/generated/widgets/ingame/reticles/reticlethermal02.lua
c7b85d0dba83923	ui/generated/widgets/ingame/reticles/reticlethermal03.lua
46093ba719e8606	ui/generated/widgets/ingame/reticles/reticlethermal04.lua
fa0e3ea53a41b7d	ui/generated/widgets/ingame/reticles/reticlethermalanov94.lua
b6cb0b0c2fde71d	ui/generated/widgets/ingame/reticles/reticlethermaloutercircle.lua
829c39bdaeaaedd	ui/generated/widgets/ingame/reticles/reticlethermalsnpr.lua
55373c465c1effc	ui/generated/widgets/ingame/reticles/reticlevz01.lua
7f0e8a7da203641	ui/generated/widgets/ingame/reticles/reticlevz02.lua
20a7e1bddb5dcd5	ui/generated/widgets/ingame/reticles/reticlexmike109.lua
ad113d4d2914e73	ui/generated/widgets/ingame/reticles/santavdot.lua
a6c9f03148cef43	ui/generated/widgets/ingame/reticles/santavdotchild.lua
0c4bd41cae5e522	ui/generated/widgets/ingame/reticles/santavfourx02.lua
cb25cf4f72b6e40	ui/generated/widgets/ingame/reticles/stardot.lua
d862f20293e6b43	ui/generated/widgets/ingame/reticles/starreddot.lua
bf19ee2cac2a2d2	ui/generated/widgets/ingame/reticles/swagdot.lua
47b5fedaca3e9f0	ui/generated/widgets/ingame/reticles/tealdotmagnified.lua
51d98e6844afa3d	ui/generated/widgets/ingame/reticles/whitedot.lua
63699ca5a76e04b	ui/generated/widgets/ingame/reticles/yellowcross.lua
56136bdbc73c7f8	ui/generated/widgets/ingame/reticles/yellowdot.lua
9f69f9b2443b43c	ui/generated/widgets/ingame/scorestreakitem.lua
6dc6f1b6d6a3254	ui/generated/widgets/ingame/scorestreakitembacker.lua
5b5dca6e12217b3	ui/generated/widgets/ingame/scorestreakitemcontainer.lua
544f124fcda9954	ui/generated/widgets/ingame/scorestreakprogress.lua
d625951f7ac3531	ui/generated/widgets/ingame/scriptedwidgetinteractivenote.lua
c42777419d51cc6	ui/generated/widgets/ingame/scriptedwidgetpoweruptimerscontainer.lua
0184c0df65bfd86	ui/generated/widgets/ingame/scriptedwidgetrewardselection.lua
6f0be572f6937c4	ui/generated/widgets/ingame/shared/armorbarpipsdynamic.lua
22f2c5abf1d80da	ui/generated/widgets/ingame/shared/armorhealth.lua
0e4639ffca54775	ui/generated/widgets/ingame/shared/audiovisualizer.lua
cc46350ebd90c35	ui/generated/widgets/ingame/shared/audiovisualizerquadrant.lua
566a9bc1db27e45	ui/generated/widgets/ingame/shared/connectionpuzzle/connectionpuzzlelegendentry.lua
22844f6169a405d	ui/generated/widgets/ingame/shared/connectionpuzzle/connectionpuzzletipentry.lua
65bef9251368a9c	ui/generated/widgets/ingame/shared/connectionpuzzle/scriptedwidgetconnectionpuzzle.lua
ab37a4860a88d5d	ui/generated/widgets/ingame/shared/connectionpuzzle/scriptedwidgetconnectionpuzzlespectator.lua
f4e5603b90370e9	ui/generated/widgets/ingame/shared/contextualobjective.lua
1498d62646f5ec6	ui/generated/widgets/ingame/shared/contextualplayercount.lua
4968fdfbef96c6f	ui/generated/widgets/ingame/shared/contextualplayercounticon.lua
a25d45b3745b9ef	ui/generated/widgets/ingame/shared/contextualplayerinformation.lua
b367b0e8d09ef5e	ui/generated/widgets/ingame/shared/contextualplayerplacement.lua
ef79a895d50cc6a	ui/generated/widgets/ingame/shared/contextualplayershealth.lua
cb066095823d812	ui/generated/widgets/ingame/shared/dynamicarmorsquadstatusicon.lua
a309e6b667aa747	ui/generated/widgets/ingame/shared/dynamicarmorsquaduserinfobase.lua
32fa5d554b0386d	ui/generated/widgets/ingame/shared/healthchunks.lua
326746d527228f2	ui/generated/widgets/ingame/shared/horizontaltapebackerblackwithedges.lua
b855c82b6a09eb8	ui/generated/widgets/ingame/shared/horizontaltapebackerwhitewithedges.lua
15a8117b9455d85	ui/generated/widgets/ingame/shared/horizontaltapebackerwithedges.lua
d429bfde306e6e6	ui/generated/widgets/ingame/shared/masterybadgenotification.lua
84d69f657ee451c	ui/generated/widgets/ingame/shared/optimalreload.lua
eb45e9b123ddd93	ui/generated/widgets/ingame/shared/optimalreloadcontainer.lua
88b5da4e7ab3cf5	ui/generated/widgets/ingame/shared/qteprompt.lua
9db15ffe0141f44	ui/generated/widgets/ingame/shared/scriptedwidgetaltimeterdisplay.lua
4a3e4ddf9cc6f0e	ui/generated/widgets/ingame/shared/scriptedwidgetdialoguespeaker.lua
9863dfa5ff006d4	ui/generated/widgets/ingame/shared/scriptedwidgetfrequencymatchingpuzzle.lua
39484f5cbf9fa2d	ui/generated/widgets/ingame/shared/scriptedwidgetgenericicon.lua
673a70fea6892a6	ui/generated/widgets/ingame/shared/scriptedwidgetgenericradialprogressandimage.lua
321e12f18f278d3	ui/generated/widgets/ingame/shared/scriptedwidgethelperbarprompts.lua
c08be6019e6c3b8	ui/generated/widgets/ingame/shared/scriptedwidgetinputprompts.lua
a1543713defb1dd	ui/generated/widgets/ingame/shared/shinebox.lua
fe3fab6ef3cd5c1	ui/generated/widgets/ingame/shared/singlearmorpip.lua
55fe754233e746a	ui/generated/widgets/ingame/sp/hint/hintinteraction.lua
05c8cbfa6699b1f	ui/generated/widgets/ingame/sp/scriptedwidgethelperbarprompttext.lua
a0e5e3961a66557	ui/generated/widgets/ingame/sp/scriptedwidgethintcontainer.lua
db4ec429895925e	ui/generated/widgets/ingame/sp/scriptedwidgethinttoastcontainer.lua
a435d72e163ffb7	ui/generated/widgets/ingame/sp/scriptedwidgetsignaldetected.lua
0083eba95cfeabe	ui/generated/widgets/ingame/sp/scriptedwidgetstealthdisplay.lua
14da30b71ce6814	ui/generated/widgets/ingame/sp/scriptedwidgettaskcountdowntimer.lua
404b3d3948087f7	ui/generated/widgets/ingame/sp/stance.lua
06613ae95de59b7	ui/generated/widgets/ingame/sp/t10/scriptedwidgetkeypadpuzzle.lua
2d6a13a77909ead	ui/generated/widgets/ingame/sp/t10/scriptedwidgetlockpick.lua
dc696eaa04eca39	ui/generated/widgets/ingame/sp/t10/scriptedwidgetpowerup.lua
68917e76b9a07b8	ui/generated/widgets/ingame/splashgenericbackerbottom.lua
5eeb5f875141126	ui/generated/widgets/ingame/splashgenericbackercenter.lua
11e049312eb361a	ui/generated/widgets/ingame/splashobjectives.lua
08553cc6d221d64	ui/generated/widgets/ingame/spotterscope.lua
dbb6b1be3c5c77e	ui/generated/widgets/ingame/spotterscopecoordbox.lua
0b52e5c3716c184	ui/generated/widgets/ingame/spotterscopeoffhand.lua
cb81a6d3a0827c6	ui/generated/widgets/ingame/streakready.lua
7d9defa0d69baaf	ui/generated/widgets/ingame/streakreadyglow.lua
2fbbaf8a4e377cc	ui/generated/widgets/ingame/streakstatusmessage.lua
cefc23a9d5c404e	ui/generated/widgets/ingame/subtitleentrybase.lua
ac5fd02e5d31c5f	ui/generated/widgets/ingame/taccamparked.lua
9cfbc5a2363643f	ui/generated/widgets/ingame/temp.lua
e7f79f245cc36d1	ui/generated/widgets/ingame/theaterhudoverlay.lua
2d8e20f914a7f15	ui/generated/widgets/ingame/theaterhudrecordingcountdown.lua
216fb13afa48ac5	ui/generated/widgets/ingame/trainingcoursemessage.lua
90e25092ea39a0a	ui/generated/widgets/ingame/tutorialmessage.lua
b5f5488107e2790	ui/generated/widgets/ingame/weaponaltinstruction.lua
bb07a65feeb43bd	ui/generated/widgets/ingame/weaponaltnotify.lua
7346f211fded6a2	ui/generated/widgets/ingame/weaponimage.lua
56f7a5788f390c0	ui/generated/widgets/ingame/weaponinspectionitem.lua
f441791b883db37	ui/generated/widgets/ingame/weaponinspectionpanel.lua
291beb1f505b856	ui/generated/widgets/ingame/weaponpickupflyout.lua
6996eff213b42e1	ui/generated/widgets/ingame/weaponpickupflyoutwrapper.lua
05b8828bc747f51	ui/generated/widgets/ingame/weapontacstanceinstruction.lua
ba4b1a1a47cd680	ui/generated/widgets/ingame/whizby.lua
e234c899f9c88b3	ui/generated/widgets/ingame/whizbyback.lua
bdeea3958bf2d8f	ui/generated/widgets/ingame/whizbyfront.lua
58760fd44fbdf13	ui/generated/widgets/ingame/whizbyside.lua
176d2de10827a8e	ui/generated/widgets/ingame/zm/gobbleguminteractiveobjectamount.lua
583d1595db09607	ui/generated/widgets/ingame/zm/inventorypanelbacker.lua
6931562b8ecc1a6	ui/generated/widgets/ingame/zm/laststandcontainer.lua
41db4ed3f8f50dc	ui/generated/widgets/ingame/zm/manglercannonlockon.lua
e5e5a55d3cd6968	ui/generated/widgets/ingame/zm/perkcontainer.lua
b134fe2950af148	ui/generated/widgets/ingame/zm/perkdecaycontainer.lua
26cedb0db35d9a7	ui/generated/widgets/ingame/zm/perkdecaystatus.lua
9d456038fee5b47	ui/generated/widgets/ingame/zm/perkstatus.lua
b6f09dd35abac63	ui/generated/widgets/ingame/zm/roundchalkmark.lua
1be5d33a012ad3e	ui/generated/widgets/ingame/zm/roundchalkmarknumber.lua
f648161d8aaed96	ui/generated/widgets/ingame/zm/roundnumber.lua
daa99fcd86c675d	ui/generated/widgets/ingame/zm/roundnumbercontainer.lua
e4b30cc69b0e906	ui/generated/widgets/ingame/zm/wwdrillgunscreen.lua
c8cca5269a33ef8	ui/generated/widgets/ingame/zm/zm_safe.lua
8f2be3ae6cf53fb	ui/generated/widgets/ingame/zm/zm_safedigitset.lua
38a0eba275d34c2	ui/generated/widgets/ingame/zm/zmammomodwidget.lua
8082fcd9f1f8ecb	ui/generated/widgets/ingame/zm/zmarmorcraftwidget.lua
bba505b4dff8572	ui/generated/widgets/ingame/zm/zmbink.lua
10bf9144e519d58	ui/generated/widgets/ingame/zm/zmbosshealthbarwidget.lua
e7721f58d67bf5e	ui/generated/widgets/ingame/zm/zmcontracttracker.lua
b2ede7dd6e9a869	ui/generated/widgets/ingame/zm/zmcontracttrackerobjectiveinfo.lua
011df8274137377	ui/generated/widgets/ingame/zm/zmcontracttrackersubobjectiveinfo.lua
63a99a9a08e7862	ui/generated/widgets/ingame/zm/zmcraftwidget.lua
6630f2363c6d3a3	ui/generated/widgets/ingame/zm/zmgobblegumacquiredsplash.lua
21bd024ee67753c	ui/generated/widgets/ingame/zm/zmgobblegumactivatedsplash.lua
654fa7f83f05c39	ui/generated/widgets/ingame/zm/zmgobblegummodalhuditem.lua
57c0e66182e98cd	ui/generated/widgets/ingame/zm/zmgobblegummodallist.lua
613468df46ec9bf	ui/generated/widgets/ingame/zm/zmgobblegumpickupsplash.lua
3a02fd11c19de82	ui/generated/widgets/ingame/zm/zmgobblegumpickupsplashheaderbacker.lua
58f1f3b4cf29b77	ui/generated/widgets/ingame/zm/zmhealthbar.lua
aeb0e70712db603	ui/generated/widgets/ingame/zm/zmhealthbardamagepip.lua
a23898db3b9901b	ui/generated/widgets/ingame/zm/zmintelpickupsplash.lua
c478bd03f7ff334	ui/generated/widgets/ingame/zm/zminteractivelootcard.lua
cd065ed3d998c3b	ui/generated/widgets/ingame/zm/zminteractiveobjectbutton.lua
f53f30df3739804	ui/generated/widgets/ingame/zm/zminventoryitemstages.lua
8de6e95a5da8b91	ui/generated/widgets/ingame/zm/zmitemset.lua
3f78cbff049dd22	ui/generated/widgets/ingame/zm/zmpausemenubuttons.lua
239b50e6e28f189	ui/generated/widgets/ingame/zm/zmplayerinfo.lua
47bc044556bb003	ui/generated/widgets/ingame/zm/zmpowerupsplash.lua
d83b5ac8a270431	ui/generated/widgets/ingame/zm/zmpoweruptimer.lua
22588a16472ef89	ui/generated/widgets/ingame/zm/zmquestleaderboard.lua
2c542e2d02bdd8b	ui/generated/widgets/ingame/zm/zmquestleaderboardrow.lua
64c9dae0aefacfa	ui/generated/widgets/ingame/zm/zmquestleaderboardwinnertag.lua
e6017ec9ba9516a	ui/generated/widgets/ingame/zm/zmquestplacementsplash.lua
1408939da73db3c	ui/generated/widgets/ingame/zm/zmquesttrackingsplashwidget.lua
5475fd5a5c65dfc	ui/generated/widgets/ingame/zm/zmquesttrackingtimer.lua
2f45a68f24ae67f	ui/generated/widgets/ingame/zm/zmquesttrackingwidget.lua
3c49ff417810d35	ui/generated/widgets/ingame/zm/zmriftrunicon.lua
46278c7e5c0ff82	ui/generated/widgets/ingame/zm/zmscoreboardinventory.lua
f1d73d66248d7b6	ui/generated/widgets/ingame/zm/zmscoreboardsavingstatus.lua
24289eeaca60296	ui/generated/widgets/ingame/zm/zmsquadvotewidget.lua
b71b5b078ae848c	ui/generated/widgets/ingame/zm/zmtacmapstorymodetracker.lua
6f44b494085fb52	ui/generated/widgets/ingame/zm/zmtelescopevignette.lua
808024c063a6b63	ui/generated/widgets/ingame/zm/zmtrialstrackingsplashwidget.lua
fcfde4bff9c3430	ui/generated/widgets/ingame/zm/zmtrialstrackingwidget.lua
7997858ddad3091	ui/generated/widgets/ingame/zm/zmtrialstrackingwidgetnewrewardtier.lua
b3da399d31bad7a	ui/generated/widgets/ingame/zm/zmvotecontrols.lua
95b0e7cfe227e7a	ui/generated/widgets/ingame/zm/zmvotestatus.lua
1eb32230359d8f0	ui/generated/widgets/ingame/zm/zmweapontierupgradewidget.lua
67f0b5e0ed74334	ui/generated/widgets/ingame/zm/zmweaponupgradewidget.lua
ca798f467917dd4	ui/generated/widgets/ingame/zmammocounterpanel.lua
5c7b159d2c09c44	ui/generated/widgets/ingame/zmammocounterpanelclassic.lua
81e62a2ae96205e	ui/generated/widgets/installmanager/filepackmanager_packinfo.lua
4a28e9835f3d04c	ui/generated/widgets/installmanager/installmanager_filepackbutton.lua
e5abd8ddcbc11d1	ui/generated/widgets/installmanager/installmanager_gamebutton.lua
70041d7fd651a14	ui/generated/widgets/installmanager/installmanager_gamebuttoninstallprogressbar.lua
cb71560fdfd443c	ui/generated/widgets/installmanager/installmanager_gamebuttonneedupdate.lua
9f2b02e855def80	ui/generated/widgets/installmanager/installmanager_gamebuttonnotinstalled.lua
e87b8355b209bc5	ui/generated/widgets/installmanager/managefilespopupinfos.lua
3d6ab6f6d3565ce	ui/generated/widgets/installmanager/managefilespopupinfosbuttons.lua
2440ef4c20adf13	ui/generated/widgets/installmanager/modifyandexitbutton.lua
6d5ebf212701717	ui/generated/widgets/interrogationsplash.lua
316369cc5793bee	ui/generated/widgets/interrogationsquadmarked.lua
c5289e2e4c8e57d	ui/generated/widgets/inventory/controllerschemecolumn.lua
8a89733374b23f8	ui/generated/widgets/inventory/inventory.lua
cce187a22dcd1d6	ui/generated/widgets/inventory/inventoryammobutton_wz.lua
ea18e39b8e9a340	ui/generated/widgets/inventory/inventorybackerfocus.lua
b3373ec5aad1416	ui/generated/widgets/inventory/inventorybackpackbacker_wz.lua
20a75ff0965fd22	ui/generated/widgets/inventory/inventorybackpackbutton.lua
f16e79cddcf94e8	ui/generated/widgets/inventory/inventorybackpackbuttonshort.lua
2e683591ce284b1	ui/generated/widgets/inventory/inventorybackpackbuttontall.lua
632f38c0f2da914	ui/generated/widgets/inventory/inventorybuttonbacker.lua
8ec54c8ec977cdd	ui/generated/widgets/inventory/inventorybuttonbackercommonitemrarity.lua
e9e3f647c6dfa77	ui/generated/widgets/inventory/inventorybuttonbackerrarity.lua
77de4718c668a72	ui/generated/widgets/inventory/inventorybuttonbackerrarityicon.lua
ab4802d54843218	ui/generated/widgets/inventory/inventorybuttonfocus_wz.lua
248e45dc1259e9e	ui/generated/widgets/inventory/inventoryconsumabledescriptioncontainer.lua
8645567533ca122	ui/generated/widgets/inventory/inventoryconsumableeffect.lua
3c656d9115cc3a7	ui/generated/widgets/inventory/inventorycontainerbacker.lua
4e7d3e51d4200a7	ui/generated/widgets/inventory/inventorycontrollerscheme.lua
17907878c1cf148	ui/generated/widgets/inventory/inventorycontrollerschemeitem.lua
85451cc3e14ea8f	ui/generated/widgets/inventory/inventorydefaultbuttonfocus.lua
3296c66d3f01526	ui/generated/widgets/inventory/inventorydogtagdescriptionunit.lua
063046e66fd3ac8	ui/generated/widgets/inventory/inventorydynamicnamedisplay.lua
3a2419a2832b9a7	ui/generated/widgets/inventory/inventorygasmaskfillbar_wz.lua
6e1947315a5432b	ui/generated/widgets/inventory/inventoryitemdetailsalert.lua
9078707b493dc2b	ui/generated/widgets/inventory/inventoryitemdetailsdescription.lua
e6ad6a89821cc44	ui/generated/widgets/inventory/inventoryitemdetailsplacard.lua
e3bf09e8d997c16	ui/generated/widgets/inventory/inventoryitemdetailsresourcecount.lua
802398911e6e32f	ui/generated/widgets/inventory/inventoryitemdetailstitle.lua
915aa836cb9e17b	ui/generated/widgets/inventory/inventoryitemdetailsweaponinfo.lua
abacceda687becc	ui/generated/widgets/inventory/inventoryloadoutbacker_wz.lua
7827fe9ae6ff5e8	ui/generated/widgets/inventory/inventoryloadoutbutton_wz.lua
d699497cec2aa38	ui/generated/widgets/inventory/inventoryperkbacker_wz.lua
e1df2b8e5e41856	ui/generated/widgets/inventory/inventoryquestgrid.lua
6820c8bf1871462	ui/generated/widgets/inventory/inventoryquestslot.lua
d24381e4d9036d2	ui/generated/widgets/inventory/inventorystaticdescriptiondisplay.lua
274035fdc4e9360	ui/generated/widgets/inventory/inventorystaticitemnamedisplay_wz.lua
de71b79ecda8f41	ui/generated/widgets/inventory/inventoryutilitybackerchampionquest_wz.lua
6e446f848e535d0	ui/generated/widgets/inventory/inventoryweaponbutton.lua
b85d28fd7d33eec	ui/generated/widgets/inventory/inventoryweaponbutton_wz.lua
77f94e252a4d68b	ui/generated/widgets/inventory/lootedperkreadoutperk_wz.lua
0613a16f0086cf0	ui/generated/widgets/inventory/lootedperkreadoutseparator_wz.lua
df50ba214736a95	ui/generated/widgets/inventorysecondarybuttonfocus.lua
694af09ed25c347	ui/generated/widgets/iteminfobox.lua
10dadc9e3b94396	ui/generated/widgets/juggernautframe.lua
b72a358d35982ff	ui/generated/widgets/juggernautoverlay.lua
25d1e3e3bae017b	ui/generated/widgets/kbmbutton.lua
ac23f12e7dfa404	ui/generated/widgets/kbmbuttonwithprogress.lua
30b8f39f44ed0b8	ui/generated/widgets/killcamsmallplayercard.lua
f0fc31d0329b504	ui/generated/widgets/koreanratingscontainer.lua
cb6313b15851319	ui/generated/widgets/labeledglowbutton.lua
0a56ad71024688d	ui/generated/widgets/labeledimageselectionbutton.lua
81063e84620af14	ui/generated/widgets/launchchunknewphasepopup.lua
a98c2d516490737	ui/generated/widgets/launchchunkwidget.lua
815666ce6cd03c4	ui/generated/widgets/leagueplay/lobbymapvetoresultoverlay.lua
1050f04dc7ecd13	ui/generated/widgets/leagueplay/lphowtoplayrewardstab.lua
2a9d488dd1b97f8	ui/generated/widgets/leagueplay/lploadoutitemrestrictionwarning.lua
5fedb7630112b3e	ui/generated/widgets/leagueplay/lpmapsmodesdetails.lua
082007c654009d8	ui/generated/widgets/leagueplay/lpmatchmakingrestrictedinfo.lua
f038aa6b0711c57	ui/generated/widgets/leagueplay/lpoperatorskinvariant.lua
ca8e7a650bd8042	ui/generated/widgets/leagueplay/lppartialrestrictionwarning.lua
0ed40320bf09d69	ui/generated/widgets/leagueplay/lpprematchbutton.lua
89f2a8906d0a8b0	ui/generated/widgets/leagueplay/lprankskinstab.lua
0e433076cf198e9	ui/generated/widgets/leagueplay/lprestrictionwarning.lua
eb91a516857b5cc	ui/generated/widgets/leagueplay/lprewardbutton.lua
c87a3e1dbb98da0	ui/generated/widgets/leagueplay/lprewardcategory.lua
f1ce07ad78dd632	ui/generated/widgets/leagueplay/lprewarddetails.lua
b3d1faae1ca92c4	ui/generated/widgets/leagueplay/lpseasonalrewardbutton.lua
d4a4022dd520f38	ui/generated/widgets/leagueplay/lpseasonalrewardstab.lua
6a8640edb1b9c38	ui/generated/widgets/leagueplay/lpseasonendreward.lua
51f68247abca418	ui/generated/widgets/leagueplay/lpunlockchallenge.lua
a35898e232a1a82	ui/generated/widgets/leagueplay/lpunlockcountdown.lua
c8e8b532e29634a	ui/generated/widgets/leagueplay/lpvictoryflame.lua
0babba1ef68a788	ui/generated/widgets/leagueplay/lpwinchallengestab.lua
51c01ca922353ae	ui/generated/widgets/leagueplay/wzlpseasonendgenericreward.lua
f5f32d7f7beb69a	ui/generated/widgets/letterbox.lua
efb78e7bdec4fbf	ui/generated/widgets/limitedtimenotification.lua
f0870e4ca59dabe	ui/generated/widgets/listlineseparator.lua
3a3da2cd93456be	ui/generated/widgets/listpiphorizontal.lua
97b2a20ec2ce517	ui/generated/widgets/loadingdots.lua
27fc904857039f1	ui/generated/widgets/loadinghintsection.lua
b707d2bb17b14b8	ui/generated/widgets/loadingspinner.lua
17767c374b13d17	ui/generated/widgets/loadoutbuttonbacker.lua
d264cb8bbe98f3a	ui/generated/widgets/loadoutshare.lua
477fd9e2eb3e5eb	ui/generated/widgets/loadoutwildcardgrantsview.lua
fe712a44269b8e0	ui/generated/widgets/loadoutwildcardview.lua
07e30952c4fb6d7	ui/generated/widgets/lobbyfilterplaylistdetails.lua
68d30a5a65d68a1	ui/generated/widgets/lobbyquickplaydetail.lua
c5afce971a652fe	ui/generated/widgets/lockcountdowntimer.lua
210828e5d65d58b	ui/generated/widgets/lockedbonuschallenge.lua
39d688bc1d6de5a	ui/generated/widgets/lootedperkreadout_wz.lua
60b291710fa0a32	ui/generated/widgets/lootnameandimagegrid.lua
b91c1be1dc6be95	ui/generated/widgets/lootrarityicon.lua
a9304da991556c4	ui/generated/widgets/lootstemlinewidget.lua
8017fa7fef2f4a1	ui/generated/widgets/lpgenericrevealprogressbar.lua
f03b0a2f948fcc2	ui/generated/widgets/lpglowbuttoneffects.lua
034b71dc2904990	ui/generated/widgets/ltminfopaneldetailsentry.lua
b972ce8fe5187a5	ui/generated/widgets/mastery/camomasterycallingcardreward.lua
1ddac01d9a67b6f	ui/generated/widgets/mastery/masterybadgebacker.lua
5c6104abbcd79df	ui/generated/widgets/mastery/masterybadgebutton.lua
bfeb4d823777de7	ui/generated/widgets/mastery/masterybadgebuttonbacker.lua
e910612bf8840de	ui/generated/widgets/mastery/masterybadgegridicon.lua
9251a2f215c4472	ui/generated/widgets/mastery/masterybadgeicon.lua
3d26aaeebe2fe63	ui/generated/widgets/mastery/masterybadgeinfo.lua
7862c8d2e1da0f8	ui/generated/widgets/mastery/masterybadgeitem.lua
aa2538841956e75	ui/generated/widgets/mastery/masterybadgerewardicon.lua
eb942dfa17b0f0f	ui/generated/widgets/mastery/masterybadgerewardsmall.lua
05843903b3fa7b8	ui/generated/widgets/mastery/masterybadgerewardsmallprogress.lua
c8d2bf86633bb84	ui/generated/widgets/mastery/masterybadgerewardsmalltiers.lua
94d577a3b3392f8	ui/generated/widgets/mastery/masterycategorybutton.lua
74a84072b37b400	ui/generated/widgets/mastery/masterycategoryinfo.lua
f302591de3ad133	ui/generated/widgets/mastery/masterycategoryreward.lua
aa7dacf9a0df3d3	ui/generated/widgets/mastery/masterycategoryselecttab.lua
b232c988e25b26a	ui/generated/widgets/mastery/masterycategoryshortinfo.lua
f905ef4160958d5	ui/generated/widgets/mastery/masterychallengebutton.lua
2034e998add6f1c	ui/generated/widgets/mastery/masterychallengeselecttab.lua
14ab8ff9d9a151d	ui/generated/widgets/mastery/masteryfinishedstatsbacker.lua
361f2f7e3a7f581	ui/generated/widgets/mastery/masteryhubchallengesinfo.lua
3dd0e4a4c3115e9	ui/generated/widgets/mastery/masteryshowcaseslot.lua
106e988ce822838	ui/generated/widgets/mastery/masteryshowcaseslothint.lua
e80306138a677b4	ui/generated/widgets/mastery/masteryshowcaseslotsmall.lua
5878dc8eed38b1c	ui/generated/widgets/mastery/masteryxprewarditem.lua
a1c2dd2cd589a8f	ui/generated/widgets/matchnotificationbannersubtitle.lua
73db3a400fddbcc	ui/generated/widgets/matchstatusbacker.lua
f9cc9d70a534bc2	ui/generated/widgets/matchstatusbackersecondary.lua
cac443dfb214bf6	ui/generated/widgets/meatshieldhint.lua
b8aab099e652057	ui/generated/widgets/medalnotification.lua
661f1eb9f06259e	ui/generated/widgets/medalscollectiondetailpanel.lua
bf575326ad81a4f	ui/generated/widgets/medalscollectiondetailstats.lua
7b97dad0d229e52	ui/generated/widgets/medalscollectionitem.lua
50ecaff23806e0f	ui/generated/widgets/medalstackmultiplier.lua
2000fcbe225c7e4	ui/generated/widgets/memorygraphicsliderbar.lua
c6e203235078cde	ui/generated/widgets/memorymanagedwidgetcontainer.lua
45b11642174c722	ui/generated/widgets/menubutton.lua
d4dce0048b44fdb	ui/generated/widgets/menubuttoncheckbox.lua
635714666d65f9b	ui/generated/widgets/menubuttoncheckboxnew.lua
6dbe896e70e5673	ui/generated/widgets/menubuttoncheckboxthreestates.lua
ba58b4f542f0709	ui/generated/widgets/menubuttonradio.lua
50463027969d241	ui/generated/widgets/menubuttonradiowithdescription.lua
ba534b67ad28a3a	ui/generated/widgets/menubuttontoggle.lua
7f0027f18fec0eb	ui/generated/widgets/menusettingsbutton.lua
979f988fc34d586	ui/generated/widgets/messagepopup.lua
b331bd88472d028	ui/generated/widgets/miclevelsliderbar.lua
8bc0639608e3bfa	ui/generated/widgets/minimapstealthborders.lua
8b34d3ee35398b1	ui/generated/widgets/modeselectmenubutton.lua
00fb8f35f00033a	ui/generated/widgets/motdskipbutton.lua
75ea52a024cd97a	ui/generated/widgets/motdskipbuttonbackground.lua
85153173bff35e0	ui/generated/widgets/motdwebview.lua
3f5918210f3fa1e	ui/generated/widgets/mousecursorcontextualmenu.lua
7519cb55f79a9d0	ui/generated/widgets/mousecursorcontextualmenuaction.lua
d1316c1aa8ee546	ui/generated/widgets/mousecursorcontextualmenubuttonbackground.lua
03fd435801c6c97	ui/generated/widgets/mousecursorcontextualmenuhelperbar.lua
16e235a0ca9b578	ui/generated/widgets/mousecursorcontextualmenupanel.lua
2e777d7be0ed23e	ui/generated/widgets/mousecursorcontextualmenuplayerheader.lua
3f83dbd361e63c1	ui/generated/widgets/mousecursorcontextualmenuseparator.lua
f2976a179cae27c	ui/generated/widgets/mousecursorcontextualmenutitle.lua
ccc08451d1633fd	ui/generated/widgets/mousecursortooltip.lua
79010955f55490a	ui/generated/widgets/mousecursortooltipcontent.lua
6b27f359bc14759	ui/generated/widgets/mousecursortooltipdescription.lua
c0cc65ccae8224d	ui/generated/widgets/mousecursortooltipdetails.lua
3c04675d1ee92af	ui/generated/widgets/mousecursortooltiplocked.lua
d199416d794fa19	ui/generated/widgets/mousecursortooltiptitle.lua
07f625d46d0a7be	ui/generated/widgets/mp/brendgameresults.lua
97e2f6e53e81a39	ui/generated/widgets/mp/cardgridmember.lua
c0c0cc9d1655661	ui/generated/widgets/mp/combatdetails.lua
46f985bd6c52663	ui/generated/widgets/mp/combatdetailsrow.lua
cb2f68645b7019c	ui/generated/widgets/mp/combatdetailswrapper.lua
2e141ab6b218ebf	ui/generated/widgets/mp/ffascoreboardbase.lua
2706046e8419283	ui/generated/widgets/mp/gameendscoreteam.lua
25b4d4c8c95c2c9	ui/generated/widgets/mp/havocmodifierslegend.lua
9965ebeb11220a8	ui/generated/widgets/mp/havocmodifiersrow.lua
4c489b84a96dfa3	ui/generated/widgets/mp/missionprogresstrackerbase.lua
4ace06eaa94aea7	ui/generated/widgets/mp/mpscoreboardheader.lua
6ccd9782d8fcacb	ui/generated/widgets/mp/mpscoreboardroundpip.lua
e30451aa9c655ff	ui/generated/widgets/mp/mpscoreboardrounds.lua
6f99d0d44b3f559	ui/generated/widgets/mp/mpscoreboardtabsmenu.lua
5bd595d979a8af3	ui/generated/widgets/mp/mpscoreboardteamscore.lua
75ab6a82c0b91a7	ui/generated/widgets/mp/mpscoreboardtitleitem.lua
6f4663424cfdb29	ui/generated/widgets/mp/mptacticalmap.lua
7ef12a2a4acf344	ui/generated/widgets/mp/mptacticalmapkey.lua
643586f80841270	ui/generated/widgets/mp/perceptioncombatdetails.lua
5efff36fa66d7c6	ui/generated/widgets/mp/procontentsplash.lua
0a2682c670e264e	ui/generated/widgets/mp/redeployallbutton.lua
d4279da3b46e18f	ui/generated/widgets/mp/redeploylist.lua
cf3a46432f61554	ui/generated/widgets/mp/shopbartertab.lua
49764db8cae83f9	ui/generated/widgets/mp/shopgeartab.lua
ea835b32234116f	ui/generated/widgets/mp/shopmaintab.lua
21512c0f912aab6	ui/generated/widgets/mp/shopperkpackagetab.lua
6c1e3768230aa45	ui/generated/widgets/mp/tacopsmap.lua
1298bd414244f27	ui/generated/widgets/mp/teamscoreboardbase.lua
d5097fae62a9afa	ui/generated/widgets/mpflakjacketdisplay.lua
0e17e645c822310	ui/generated/widgets/mpperceptiveeye.lua
78b7428ed1d2674	ui/generated/widgets/mpperceptiveindicator.lua
fcb58fdadbf3dd7	ui/generated/widgets/mpplayagainbuttons.lua
afceab971f31fa4	ui/generated/widgets/mpplayagainpanel.lua
e49bab4328791d3	ui/generated/widgets/mptacticalmaplegendcontainer.lua
f51d9169c88b2e9	ui/generated/widgets/mutestrategyselectpopup.lua
bfe6f1f4b422aa4	ui/generated/widgets/navigationarrow.lua
a0a675fec3f1afc	ui/generated/widgets/netgraphiconcontainer.lua
b0b18732e2323de	ui/generated/widgets/netstatwidget.lua
fee31b2296fdb14	ui/generated/widgets/neutralyouindicator.lua
4f56abae79af271	ui/generated/widgets/newitemnotification.lua
3c4f8000c363698	ui/generated/widgets/newitemsmallicon.lua
2d55cdfbc4c0863	ui/generated/widgets/newtag.lua
49f44dd2ced1220	ui/generated/widgets/notchedprogressbar.lua
2c52a0d3a60d478	ui/generated/widgets/notificationcenternotification.lua
31e095f43ed7869	ui/generated/widgets/notificationeventcontainer.lua
981e92fe0278156	ui/generated/widgets/notificationsettingsalerttab.lua
1c14ed17b76a8d8	ui/generated/widgets/notificationsettingsfiltertab.lua
c6a5db1aa927b3a	ui/generated/widgets/notificationsettingssidepopup.lua
4f5576f6b5706d7	ui/generated/widgets/numdifferencecount.lua
048e22c8d876c9f	ui/generated/widgets/obcenteredtextbutton.lua
65554eae69d32a8	ui/generated/widgets/obdoublenotchedbacker.lua
307c8252f6cadfa	ui/generated/widgets/obfieldacquisitionloadoutitem.lua
f5a690d5675b9a6	ui/generated/widgets/obitembonus.lua
2a3edb8412792a9	ui/generated/widgets/objectivearrow.lua
618d6cd8cba91af	ui/generated/widgets/objectivebonusoutline.lua
8308acf4687bd64	ui/generated/widgets/objectivecountdowntimer.lua
e79d3ed3b3de94e	ui/generated/widgets/objectivecrossfade.lua
d7a19b4faa6a9b3	ui/generated/widgets/objectivepinnedicon.lua
506c9e33fe76cc9	ui/generated/widgets/objectives.lua
ed844ba04a88082	ui/generated/widgets/objectivestatusplate.lua
7c212985c654923	ui/generated/widgets/obobjective.lua
c4832939abae786	ui/generated/widgets/obobjectivegroup.lua
ef43681e9c82023	ui/generated/widgets/operatorbloodtype.lua
ef8cc01ddb81308	ui/generated/widgets/operatorskinpreview.lua
a44870dfe740b69	ui/generated/widgets/operatorskinpreviewimage.lua
e9904de8621ab89	ui/generated/widgets/options/audiospeaker.lua
a0501a351cd4223	ui/generated/widgets/options/audiotestspeakerssetup.lua
d9ace27e9701d8f	ui/generated/widgets/options/bindinglabel.lua
8a5887df4bd3a9f	ui/generated/widgets/options/brightnessguide.lua
6925f8ee700f2a3	ui/generated/widgets/options/buttonlayoutleftprompt.lua
9ad669f07710e21	ui/generated/widgets/options/buttonlayoutoptionsmenu.lua
3506403f88a7e96	ui/generated/widgets/options/buttonlayoutprompt.lua
41d4b5e8dd33a73	ui/generated/widgets/options/buttonlayoutprompts.lua
8236fdd79b718b2	ui/generated/widgets/options/calibrationguide.lua
6c69b22e43ea5a2	ui/generated/widgets/options/calibrationswatch.lua
493cceff495a35b	ui/generated/widgets/options/changemodeprompt.lua
85d07d17c6e8678	ui/generated/widgets/options/colorblindswatch.lua
f6bc1887ed18f0f	ui/generated/widgets/options/colorcustomizationcontent.lua
a9897633761cf1f	ui/generated/widgets/options/colorpickerbutton.lua
6d6fd1a923f8103	ui/generated/widgets/options/colorpickergrid.lua
c9cd6f368b4ae1d	ui/generated/widgets/options/colorselectionbutton.lua
26df8e2e74ca929	ui/generated/widgets/options/colorselectionwidget.lua
c6a59957cfda840	ui/generated/widgets/options/copyimagebutton.lua
89023f3d829bf41	ui/generated/widgets/options/customcolorthumbgenericsliderbar.lua
591dd7088eb11dd	ui/generated/widgets/options/detailsoption.lua
e30c1a5f549a848	ui/generated/widgets/options/embodyimmersestep.lua
050467f7ac07cf6	ui/generated/widgets/options/emptysettings.lua
56d2f9a43a07471	ui/generated/widgets/options/expandcollapsebutton.lua
b1af49cf1c37c4e	ui/generated/widgets/options/favoriteoptionicon.lua
18a290d07748c2f	ui/generated/widgets/options/gamepadbuttonswapoption.lua
67112a715679416	ui/generated/widgets/options/genericiconinnerbutton.lua
6636bf4d4682bcd	ui/generated/widgets/options/genericinnerbutton.lua
57e796efecedb93	ui/generated/widgets/options/generickeybindinnerbutton.lua
39ca10d87446a2d	ui/generated/widgets/options/generickeybindlinkbutton.lua
4cf57addc88cd78	ui/generated/widgets/options/generickeybindoption.lua
78f1eb9ff729a79	ui/generated/widgets/options/hdrblackpointguide.lua
39274a6e61e0593	ui/generated/widgets/options/hdrwhitepointguide.lua
79b3b54497ee517	ui/generated/widgets/options/hudbounddraggableside.lua
b32551998509125	ui/generated/widgets/options/hudbounddraggablesidevertical.lua
fc1a619d220fdca	ui/generated/widgets/options/importsettingsbuttonlist.lua
5636d4324900e24	ui/generated/widgets/options/keybindpresetdetaileddesc.lua
b844a3cc28ab45b	ui/generated/widgets/options/marginsguide.lua
0bb5c0588c21d81	ui/generated/widgets/options/networkinfos.lua
ba7a7b61eb72f65	ui/generated/widgets/options/networkinfoslist.lua
dd4805268f86645	ui/generated/widgets/options/optionpreview.lua
95ee5aed05b21bf	ui/generated/widgets/options/optionwindow.lua
3b4936f9b649d7d	ui/generated/widgets/options/relatedsettingscommonwidget.lua
f5de99011a23708	ui/generated/widgets/options/relatedsettingslist.lua
e634d00d84ebe43	ui/generated/widgets/options/settingeffect.lua
79fe281604e9812	ui/generated/widgets/options/settingeffectslayout.lua
7b17718aa01184e	ui/generated/widgets/options/sticklayoutdirections.lua
dd4d2f895229a29	ui/generated/widgets/options/sticklayoutoptionsmenu.lua
552e225560f9806	ui/generated/widgets/options/subtitlesettingbackground.lua
10df32c66a2803a	ui/generated/widgets/options/subtitlesettingpreview.lua
fd6eea01e0afceb	ui/generated/widgets/options/thumbgenericsliderbar.lua
3a0170a7b11e7b2	ui/generated/widgets/optionsgraphicssliderbar.lua
95fe4b6b5b27214	ui/generated/widgets/optionsgraphicssliderbaroverflow.lua
50b3db6169984bb	ui/generated/widgets/optionskeybindingbanner.lua
101832e09237dca	ui/generated/widgets/outofboundscountdown.lua
56e1f48264ee49d	ui/generated/widgets/outofboundsredchevron.lua
c896345830db73c	ui/generated/widgets/outofboundssplashsymbol.lua
4873bd7322927f5	ui/generated/widgets/outofboundssplashtimer.lua
0462f3b26c438b6	ui/generated/widgets/overclockiconslot.lua
7a211aba5e107be	ui/generated/widgets/oxygenmeter.lua
82e8a3c10d13190	ui/generated/widgets/paginationctavertarrows.lua
ce62fec00357686	ui/generated/widgets/pentagramchild.lua
118c6fb909d8484	ui/generated/widgets/perceptioncombatdetailsrow.lua
c5b5437685d9fad	ui/generated/widgets/perkinfopanel.lua
4f34a69a3d2abe7	ui/generated/widgets/perkpackagedetails.lua
1c7dbefb4ae13f3	ui/generated/widgets/perkpackageoptionspopup.lua
095fa368ece209d	ui/generated/widgets/perkupdatedesc.lua
9d90f56a24f6796	ui/generated/widgets/playercard.lua
c8612f43ddd49e1	ui/generated/widgets/playerdetailsavailability.lua
c3a65c7203438cd	ui/generated/widgets/playerdetailsavailabilitybutton.lua
8dbcf072f6cb9d0	ui/generated/widgets/playerdetailsavailabilitydropdown.lua
101fb49a668ac93	ui/generated/widgets/playerreportcheckbox.lua
a1a99101eb118b0	ui/generated/widgets/playersurveypopupwindow.lua
26855dd6e90d75e	ui/generated/widgets/plundercashfillcontainer.lua
a016d9fa78869a5	ui/generated/widgets/plunderdoublechevronprogressbar.lua
6eb1fb00f3886f3	ui/generated/widgets/plunderfader.lua
88b58b8e65a1421	ui/generated/widgets/popupbutton.lua
95eb39e3bd78296	ui/generated/widgets/popupframe.lua
51cb6aed337c72b	ui/generated/widgets/premiumupsellbutton.lua
b06f9f3822fce0a	ui/generated/widgets/premiumupsellbuttonlarge.lua
08010023ef5d15a	ui/generated/widgets/premiumupsellcontainer.lua
438f914a14581d5	ui/generated/widgets/premiumupsellcontainerlarge.lua
b3dfce0f93353a7	ui/generated/widgets/premiumupsellfreetrialbutton.lua
57a880c245c7bd1	ui/generated/widgets/preorderbuttonlarge.lua
d36437ec961d976	ui/generated/widgets/prestigeawardsweaponinfo.lua
d193091dae22a53	ui/generated/widgets/prestigeinfoburninganimation.lua
cb749f686712f72	ui/generated/widgets/prestigeinfopanel.lua
697a1e3c138ff48	ui/generated/widgets/prestigeprogressbarbacker.lua
60ac2fe13faf669	ui/generated/widgets/progressbarsimpleaugments.lua
5a0c1f59262447c	ui/generated/widgets/progressbarsimpleupdated.lua
44d2eff3a58c226	ui/generated/widgets/quickplaybuttonbackground.lua
fad3f9c2f8b88c9	ui/generated/widgets/registrationtime.lua
db0735bb2612b70	ui/generated/widgets/replaytimelinecontainer.lua
e6ebc0da838ea6b	ui/generated/widgets/restrictsplitscreenpopup.lua
33b108fbcedf306	ui/generated/widgets/resurgenceactionfeed.lua
35ec2f3b668637d	ui/generated/widgets/resurgenceactionfeedback.lua
e39670c25852399	ui/generated/widgets/resurgencecarerequestmessage.lua
889a2abb859ab22	ui/generated/widgets/resurgencerespawnscorefeed.lua
aae421a03588b83	ui/generated/widgets/reticlechallengenotification.lua
7fd939d91ca5ea6	ui/generated/widgets/returncountdown.lua
63e6fe25ae0afc9	ui/generated/widgets/rewarditem.lua
16e283d656ed510	ui/generated/widgets/scorestreaklayer.lua
8ac31f6b7cbc42a	ui/generated/widgets/scorpiontrophycollection.lua
55c8a4197501953	ui/generated/widgets/screenfade.lua
2661a9c74af9b75	ui/generated/widgets/scriptedwidgets/scriptedwidgetbosshealthbar.lua
4946a85544bdd07	ui/generated/widgets/scrollabletextwidget.lua
fcce26b1e59e0df	ui/generated/widgets/scrollbar/arrowdown.lua
96e49cbbe98e4fe	ui/generated/widgets/scrollbar/arrowleft.lua
231fd6f78d8409f	ui/generated/widgets/scrollbar/arrowright.lua
8f36e3d0988731a	ui/generated/widgets/scrollbar/arrowup.lua
0767781c69b55d4	ui/generated/widgets/scrollbar/genericcyclelistpip.lua
e17521cbde16515	ui/generated/widgets/scrollbar/horizontalminimalscrollbar.lua
5beacc21afa8100	ui/generated/widgets/scrollbar/horizontalminimalscrollbarslider.lua
13781dfc04c719d	ui/generated/widgets/scrollbar/horizontalminimalscrollbarsliderarea.lua
8d2d0521b04747c	ui/generated/widgets/scrollbar/horizontalscrollbar.lua
0bfb59addd91a58	ui/generated/widgets/scrollbar/horizontalscrollbarsliderarea.lua
3438e845d6a8723	ui/generated/widgets/scrollbar/pip.lua
e5540764335c727	ui/generated/widgets/scrollbar/pipsecondary.lua
9863a1fc6c09c58	ui/generated/widgets/scrollbar/scrollbar.lua
6f6f142f6865369	ui/generated/widgets/scrollbar/scrollbarslider.lua
9868f5669426a74	ui/generated/widgets/scrollbar/scrollbarsliderarea.lua
d03fed2a8124d9f	ui/generated/widgets/scrollbar/verticalminimalscrollbar.lua
ea96c852afe134a	ui/generated/widgets/scrollbar/verticalminimalscrollbarslider.lua
fe2973e5ef0ffab	ui/generated/widgets/scrollbar/verticalminimalscrollbarsliderarea.lua
ad80bce6c7ef19e	ui/generated/widgets/scrollbar/verticalscrollbar.lua
7ae1b3f9e48df4f	ui/generated/widgets/scrollbar/verticalscrollbarslider.lua
9282e67db3af5ee	ui/generated/widgets/scrollbar/verticalscrollbarsliderarea.lua
6ccc3d66f4e688d	ui/generated/widgets/scrollbargamepadhint.lua
d10b16fef5602d5	ui/generated/widgets/searchcategory.lua
c718b95e7946b54	ui/generated/widgets/secondarytab.lua
d78d837786521d5	ui/generated/widgets/segmentedwipemeter.lua
01d5f19af573286	ui/generated/widgets/selectbaseperkpopup.lua
83b6d0107dacf44	ui/generated/widgets/selectedmissionobjectivebase.lua
c6de04d2870d1c6	ui/generated/widgets/sendbroadcastbutton.lua
021eb0c42c65094	ui/generated/widgets/sendbroadcastpopup.lua
57fd417e4dbd467	ui/generated/widgets/settingsmenubackground.lua
9e9e3ba9c3a433a	ui/generated/widgets/sharpshooterloadoutcountdown.lua
7456708ec75d276	ui/generated/widgets/simplebuttonhint.lua
6d81a0be528aa8a	ui/generated/widgets/simplebuttonhintlist.lua
dc39d7725988b90	ui/generated/widgets/singlechevron.lua
e8119f1c5ba8b15	ui/generated/widgets/skillsplash.lua
e061efcf28e1345	ui/generated/widgets/skillsplashbacker.lua
79ca259b4b9d4c7	ui/generated/widgets/skirmishrespawnonplayerbutton.lua
93448b2bf7ec2c7	ui/generated/widgets/smallplayercard.lua
859cecd57ac6895	ui/generated/widgets/smartphonedmz.lua
acd64fa324d0531	ui/generated/widgets/smokewallrepeat.lua
c655dfb5b9f7edb	ui/generated/widgets/spcompletionrewardsitem.lua
2e303a91d906f40	ui/generated/widgets/specialcamotracker.lua
1bdee8c67339d8d	ui/generated/widgets/spheadertexttextured.lua
a7ae9b7bcc4faba	ui/generated/widgets/spidergraphlabel.lua
1190d9e79bee7ee	ui/generated/widgets/spmultiplayerrewards.lua
3f939d93e7a9504	ui/generated/widgets/sprayprompt.lua
49a3bfd8982a1a0	ui/generated/widgets/sprite.lua
bde8027717f0fa0	ui/generated/widgets/srchallengecontainer.lua
46b7c2284346bd2	ui/generated/widgets/srchallengecore.lua
fd86a0fa7709542	ui/generated/widgets/srchallengeitem.lua
63523b9beee4547	ui/generated/widgets/stickercount.lua
a42e17ebf068bac	ui/generated/widgets/stickerselectbutton.lua
2d3964b932fdbeb	ui/generated/widgets/sticklayoutpreview.lua
a1c2645931cc590	ui/generated/widgets/store/bundlestore.lua
b303d0721c49199	ui/generated/widgets/store/itemmetadata.lua
3a17e964373f66a	ui/generated/widgets/store/pagedstoretablabel.lua
9bc2576e57f9b79	ui/generated/widgets/store/partyskinbundleicon.lua
34576b33ae5953f	ui/generated/widgets/store/productupsell.lua
d0ff6d16482a774	ui/generated/widgets/store/storeactivefiltertag.lua
c6cc682c1a8b371	ui/generated/widgets/store/storeblackcelltopper.lua
514282535656b9e	ui/generated/widgets/store/storeblackcelltoppercarrot.lua
1d013f32dff4512	ui/generated/widgets/store/storeblackcelltopperitem.lua
ad9f24952a33064	ui/generated/widgets/store/storebundlebutton.lua
3a3640dc47d890b	ui/generated/widgets/store/storebundlediscount.lua
84271e3e0c66ce2	ui/generated/widgets/store/storebundlenewtag.lua
67c37e0fb0139c3	ui/generated/widgets/store/storebundleprojecttag.lua
88ae9c00bcf4ebf	ui/generated/widgets/store/storebundletagcontainer.lua
a7160b86197ffa9	ui/generated/widgets/store/storeclearfiltertag.lua
73539b3c58885ba	ui/generated/widgets/store/storecompatibilitylabel.lua
575203fe47d2463	ui/generated/widgets/store/storediscountlabel.lua
59b12d9c2e277b6	ui/generated/widgets/store/storefilteroperatorbutton.lua
b1ba9efd18c3316	ui/generated/widgets/store/storefilterweaponbutton.lua
cbe036258f406ed	ui/generated/widgets/store/storegamepasstag.lua
e6c35b17ff9a4de	ui/generated/widgets/store/storegobblegumsdisabledtilemedium.lua
1ce7960d3aa9a1d	ui/generated/widgets/store/storegobblegumsenabledtilemedium.lua
9c76077af427115	ui/generated/widgets/store/storegobblegumsenabledtileportrait.lua
70954b4db217be5	ui/generated/widgets/store/storegobblegumsenabledtilesquare.lua
148899af3026ef2	ui/generated/widgets/store/storegobblegumssubpagecategory.lua
15223bc118dda83	ui/generated/widgets/store/storegobblegumssubpageinternal.lua
18b4d25ade9892e	ui/generated/widgets/store/storegridrowfeatured.lua
66e4ae09eb52603	ui/generated/widgets/store/storegridrowlarge.lua
5d7bc977d44b783	ui/generated/widgets/store/storegridrowmedium.lua
3290aaabc81b686	ui/generated/widgets/store/storelimitedtag.lua
0f2bf17918a42c4	ui/generated/widgets/store/storemissionitemunlockcriteria.lua
e6b90510254ebd8	ui/generated/widgets/store/storemorefilterstag.lua
395364170e10926	ui/generated/widgets/store/storerowfeaturedbackground.lua
f9d0564affa6a61	ui/generated/widgets/store/storerowfullscreen.lua
6bc16952853754d	ui/generated/widgets/store/storerowfullscreenbutton.lua
4c7dac40748e2f5	ui/generated/widgets/store/storerowgeneric.lua
380d3c0213334d4	ui/generated/widgets/store/storerowhero.lua
086247c923b36d3	ui/generated/widgets/store/storerownavigationhint.lua
24c7fe5e818902b	ui/generated/widgets/store/storerowoptionsbuttion.lua
050f7fc6c1e86e8	ui/generated/widgets/store/storerowspotlight.lua
05ed6565f6e900d	ui/generated/widgets/store/storerowtagbonuseffectdmz.lua
182a9ee0ab03681	ui/generated/widgets/store/storerowtagbonuseffectdmzbutton.lua
9dc2cd6ee56b0a7	ui/generated/widgets/store/storerowtagbonuseffectgeneric.lua
22bb29e97a0acff	ui/generated/widgets/store/storerowtagbonuseffectgenericbacker.lua
c286f6e5222b2d6	ui/generated/widgets/store/storesecondaryfilterpanel.lua
06dfaedba554950	ui/generated/widgets/store/storespotlight_1.lua
93db0de6b379755	ui/generated/widgets/store/storespotlight_2.lua
c179fd3e4e3fdd2	ui/generated/widgets/store/storespotlight_3.lua
5e347d4a0962ee1	ui/generated/widgets/store/storespotlight_3a.lua
1e44296a5f6e139	ui/generated/widgets/store/storespotlight_3a_alt.lua
c75cec1295ca81c	ui/generated/widgets/store/storespotlight_3b.lua
9b6cfcbafc6ee27	ui/generated/widgets/store/storespotlight_3c.lua
01d6601e53ae057	ui/generated/widgets/store/storespotlight_4.lua
04e7ea0f9f01bce	ui/generated/widgets/store/storespotlight_4a.lua
281144bcbfa647e	ui/generated/widgets/store/storespotlight_4a_alt.lua
b0a89a530ef55f7	ui/generated/widgets/store/storespotlight_5a.lua
4374e8cd6b1fe1e	ui/generated/widgets/store/storespotlight_5b.lua
1551a4ac075d80e	ui/generated/widgets/store/storespotlight_5b_alt.lua
c783d7f5a53bbf1	ui/generated/widgets/store/storespotlight_5c.lua
f8fad05a5ebd509	ui/generated/widgets/store/storespotlight_5c_alt.lua
d83db11a16da763	ui/generated/widgets/store/storesubpagefilterbutton.lua
39d677a1ac330a3	ui/generated/widgets/store/storesubpagemenuinternal.lua
294e3770f5d0c43	ui/generated/widgets/store/storetagzombies.lua
fc19976d7a32082	ui/generated/widgets/store/storetilecarousel.lua
8a200d0f607cdea	ui/generated/widgets/store/storetilecarouselinternallarge.lua
10ad8675552278c	ui/generated/widgets/store/storetilecarouselinternalmedium.lua
af0111b964aaf14	ui/generated/widgets/store/storetilecarouselinternalportrait.lua
37ec6413398f207	ui/generated/widgets/store/storetilecarouselinternalportraitcropped.lua
37eacc3ce4532f6	ui/generated/widgets/store/storetilecarouselinternalsmall.lua
baa7f7fd4dea324	ui/generated/widgets/store/storetilecarouselinternalsquare.lua
615312fe3d5b07b	ui/generated/widgets/store/storetilecarouselinternalthreequarter.lua
2380967cf023ea5	ui/generated/widgets/store/storetilecodhq.lua
969dccf3336fe8e	ui/generated/widgets/store/storetilefeatured.lua
14f1da11783a2e3	ui/generated/widgets/store/storetilelarge.lua
53599f99c61c9e3	ui/generated/widgets/store/storetilemedium.lua
961a505c8caad8f	ui/generated/widgets/store/storetileportrait.lua
e474c3f4a4c619a	ui/generated/widgets/store/storetileportraitcropped.lua
7005e1677808e6b	ui/generated/widgets/store/storetilesmall.lua
fff909e2058c7b3	ui/generated/widgets/store/storetilesquare.lua
555f94186ee7ed8	ui/generated/widgets/store/storetilethreequarter.lua
c8cb093c1c6b40b	ui/generated/widgets/store/storetoolbar.lua
e456ba852c310ec	ui/generated/widgets/store/storeupgradetoblackcellbutton.lua
a3f90310ee082cc	ui/generated/widgets/store/storeupsiconcp.lua
4f5bf9470fd33c5	ui/generated/widgets/store/storeupsiconmastercraft.lua
ff6e333553bb048	ui/generated/widgets/store/storeupsiconreactive.lua
82f1aff6b01f436	ui/generated/widgets/store/storeupsicontracer.lua
e7f2a7dd97b7e5a	ui/generated/widgets/store/storeupsiconultraskin.lua
b157c163d7b1f8f	ui/generated/widgets/store/storevaulteditionupsell.lua
f023e510213f05a	ui/generated/widgets/store/wishlistprompt.lua
3914ab2268271a1	ui/generated/widgets/storebundlecollectionprogress.lua
3be75b53d2e18ec	ui/generated/widgets/strongholdmissionpip.lua
2034caf37f8e815	ui/generated/widgets/strongholdmissiontracker.lua
4c0a58520ded83c	ui/generated/widgets/subheader.lua
b9c1781d28c3356	ui/generated/widgets/subheaderwithprompt.lua
050d2e5eee08e41	ui/generated/widgets/subtitlesizeoptionsmenu.lua
dd65d929ff24ae9	ui/generated/widgets/subtitlewidget.lua
3445aa615c3fc98	ui/generated/widgets/subtypetab.lua
71c8a3fdb673c60	ui/generated/widgets/tabbacker.lua
b8a58b62a2a9554	ui/generated/widgets/tabbutton.lua
17d808a27f2cfa7	ui/generated/widgets/targetmarkers.lua
645cccfad6fd163	ui/generated/widgets/telemetrycontainer.lua
cbb83ba93a03faa	ui/generated/widgets/textbackerhardlines.lua
3b239518c9e29f8	ui/generated/widgets/textbackerroundedrectangle.lua
97359a830341bd5	ui/generated/widgets/texturestreamingsysteminfo.lua
9f91d8d697c1f6b	ui/generated/widgets/tilebuttonhighlight.lua
153717eabbef71c	ui/generated/widgets/timerlockedbutton.lua
3009d6b0c3f463d	ui/generated/widgets/titleidpricebutton.lua
3c5caf3097f49a6	ui/generated/widgets/toastholder.lua
1e76a56a60b02cb	ui/generated/widgets/toastnotification.lua
11ebe1002e1acdb	ui/generated/widgets/toastnotificationbutton.lua
217038ecbbb2826	ui/generated/widgets/toastnotificationclosingbutton.lua
c45260157ced38a	ui/generated/widgets/toastnotificationcontainer.lua
94fa5187390d5e9	ui/generated/widgets/togglebutton.lua
5e1466e8c8ca125	ui/generated/widgets/tokenmenu.lua
1ba684f436d58e8	ui/generated/widgets/tooltipbannerholder.lua
ee3e632a66d0488	ui/generated/widgets/touch/mobilebasedamageindicator.lua
152beb6cde9d8ad	ui/generated/widgets/touch/mobileclosemapbutton.lua
0462b72b738648b	ui/generated/widgets/trainingcoursehint.lua
8f32fc8aec0f56a	ui/generated/widgets/trainingcoursehudcontainer.lua
8cbdfa42770d1a6	ui/generated/widgets/trainingcourseobjectiveslist.lua
37d8ce19fab4304	ui/generated/widgets/trainingcoursestationtitle.lua
98f0dedf43e0267	ui/generated/widgets/trainingcoursetargetshitcounter.lua
35a9ced657c7947	ui/generated/widgets/trainingcoursetutoriallistitem.lua
98e9ad4feaebff2	ui/generated/widgets/trials/notrialticket.lua
b6c2b3dc39d4ff9	ui/generated/widgets/trials/trialeventaccordionbutton.lua
7a99f14c0ce13c8	ui/generated/widgets/trials/trialeventaccoriontimer.lua
c5fb9c923db3f04	ui/generated/widgets/trials/trialeventleaderboard.lua
cd37da6a449aca2	ui/generated/widgets/trials/trialeventleaderboardline.lua
4264302b3ccb3fc	ui/generated/widgets/trials/trialeventrewardpopup.lua
50449ba24b0f167	ui/generated/widgets/trials/trialeventstartpopup.lua
dad33c28c6d8295	ui/generated/widgets/trials/trialeventstartpopupmedalcontainer.lua
660a4b0d0bbbaad	ui/generated/widgets/trials/trialobjectivelabels.lua
cab1ecb5432ba17	ui/generated/widgets/trials/trialrewardmedalslarge.lua
be0a42f451052d8	ui/generated/widgets/trials/trialrewardstarslarge.lua
69d809fd2c0a450	ui/generated/widgets/trials/trialrewardstarssmall.lua
a3b910063b8c54b	ui/generated/widgets/trials/trialskinny.lua
c1b7613103e2143	ui/generated/widgets/trials/trialskinnydetails.lua
38f91bf463762b4	ui/generated/widgets/trials/trialskinnyreward.lua
a0801622c2482c0	ui/generated/widgets/trials/trialskinnyrewardtier.lua
4f0e754a04dafa7	ui/generated/widgets/triggerlayoutpreview.lua
6377b38a8fd93fa	ui/generated/widgets/turretheatmeter.lua
2df24dc29e9b072	ui/generated/widgets/tutorialvideo.lua
a89dd483b27b5a8	ui/generated/widgets/tutorialvideomaximized.lua
65939c58a42abd6	ui/generated/widgets/uitestcrosslaunchbutton.lua
586065e900a7ade	ui/generated/widgets/ultimatebuttonbacker.lua
02a20c7a61d9361	ui/generated/widgets/ultimatebuttonbackercolor.lua
a91639f917b4e33	ui/generated/widgets/ultimatebuttonbackerframe.lua
f0b075ee672c80a	ui/generated/widgets/ultimatebuttonfocus.lua
16f77937fceb4ef	ui/generated/widgets/universalwrapicon.lua
5bcdc167fcf51ca	ui/generated/widgets/universalwrapsbonus.lua
048e71539241d16	ui/generated/widgets/vehiclefiltermenubutton.lua
27dbc2fda1185e1	ui/generated/widgets/vehiclefilterpopup.lua
5c2bde35def4afd	ui/generated/widgets/vfx/badnogkilllistrtt.lua
813528d943c87cd	ui/generated/widgets/vfx/badnognameitem.lua
ff6aa9923373430	ui/generated/widgets/vfx/badnognametagrtt.lua
82d016042004823	ui/generated/widgets/visordamageoverlay.lua
30d5baddc86d2c6	ui/generated/widgets/voicechattab.lua
7c33ddcaaf97c3c	ui/generated/widgets/warzoneonboardingendbuttons.lua
d9165a7860b9fc6	ui/generated/widgets/wcminorabilityradialprogress.lua
d1fbe7da9a74477	ui/generated/widgets/wcnotificationsplashiconbacking.lua
a9c112738f0ecac	ui/generated/widgets/weaponattributename.lua
f66aab861eef2e9	ui/generated/widgets/weaponattributestat.lua
b24cb2b4342db62	ui/generated/widgets/weaponbuildaddbutton.lua
ef9746b3dfc3970	ui/generated/widgets/weaponcooldown.lua
9a57570d2e74692	ui/generated/widgets/weapondamagerangestatcomparison.lua
ffa7acfab4b0ba6	ui/generated/widgets/weaponeffecticons.lua
a0091971a80b597	ui/generated/widgets/weaponlevelupnotification.lua
96ca5128ddd3553	ui/generated/widgets/weaponpickupprompt.lua
88bb8f585d8db75	ui/generated/widgets/weaponprogressiononboarding.lua
b3cb8e9c62e9c50	ui/generated/widgets/weaponstatcategorydifferencebarcomparison.lua
56a90b679056102	ui/generated/widgets/weaponstatnumericalcomparison.lua
e52e2d98d3a57a3	ui/generated/widgets/winchallengeitemtag.lua
86e53d7abb5c406	ui/generated/widgets/wintoken.lua
120d2162fbb0396	ui/generated/widgets/wzscoreboardgrid.lua
11aa565f6798fac	ui/generated/widgets/wzscoreboardrowscore.lua
243137bc1f9547c	ui/generated/widgets/wzscoreboardtitle.lua
b3388aca788888b	ui/generated/widgets/xpflyoutstripe.lua
2359ad2798eaef6	ui/generated/widgets/xptokenflyoutnotification.lua
88cbc8685c50cee	ui/generated/widgets/xptokenflyoutnotificationelement.lua
df98cd9a8b909c4	ui/generated/widgets/xptonextlevelprogression.lua
df7063681a34b9c	ui/generated/widgets/zm/boatracecontrols.lua
7b03d846babc391	ui/generated/widgets/zm/editgobblegumloadoutbutton.lua
c33343312a01266	ui/generated/widgets/zm/storymodeoperatortip.lua
8ea8c8be4402550	ui/generated/widgets/zm/zmhighestround.lua
dc80ceab7437a4b	ui/generated/widgets/zm/zmmenubutton.lua
37235cec3fc12ff	ui/generated/widgets/zm/zmoperatorportrait.lua
cd6276f797e27b5	ui/generated/widgets/zm/zmplaylistcategorypromo.lua
c0afc6689f25a7b	ui/generated/widgets/zm/zmwwtutorialmessage.lua
25221155d446e42	ui/generated/widgets/zmessencesquadmemberclassic.lua
0f73ea7eba9a153	ui/generated/widgets/zmhudloadoutwidget.lua
d95b725a8ce0941	ui/generated/widgets/zmsquadinfocontainer.lua
31a505c069178cb	ui/generated/widgets/zmtrainingcoursehudcontainer.lua
7b8354d5c43da50	ui/hostmigrationmanager.lua
a0a70edd0d4dd51	ui/hudmanager.lua
c5d9bf6e57f68c4	ui/ingame/accessorymanager.lua
9dc61c24e89b1c2	ui/ingame/binkskipprompt.lua
6c3453899ae3b2b	ui/ingame/binkskippromptlayer.lua
8a44e632cc77bcb	ui/ingame/bradleycontrolscontainer.lua
0b7a2c786c7f5b6	ui/ingame/brcodcasterlayer.lua
5a913fce9a2af5b	ui/ingame/brtutorialendgameflowlayer.lua
f10850643a011c6	ui/ingame/codcasterlayer.lua
dce6e6c0e32b9e0	ui/ingame/directionalimage.lua
ce713cb5ee679d6	ui/ingame/driverhud2014pickupcontainer.lua
1945ffa10f76ba9	ui/ingame/driverhudapccontainer.lua
f56be1117985bff	ui/ingame/driverhudapcruscontainer.lua
283176218673c93	ui/ingame/driverhudarmoredpatrolcontainer.lua
8e45884f6e4092c	ui/ingame/driverhudatvcontainer.lua
afbdfe793822492	ui/ingame/driverhudboatracecontainer.lua
be39ed7e991ffd6	ui/ingame/driverhudcargotruckcontainer.lua
8469038d26fa972	ui/ingame/driverhudcargotruckmgcontainer.lua
f470058a5b33767	ui/ingame/driverhudcontainer.lua
09678e4bf4ac5fc	ui/ingame/driverhudhooptycontainer.lua
43f67c8e44189d3	ui/ingame/driverhudhooptytruckcontainer.lua
09d4e23763cf043	ui/ingame/driverhudjeepcontainer.lua
abb91c8d1ab39df	ui/ingame/driverhudjltvcontainer.lua
61dc4a5af9944a9	ui/ingame/driverhudlgtransportcontainer.lua
d3a826fc2f842a2	ui/ingame/driverhudmedtransportcontainer.lua
3e3bb07e6212590	ui/ingame/driverhudmilcargotruckcontainer.lua
84684573a6b65d6	ui/ingame/driverhudpickuptruckcontainer.lua
9e25e725b03664c	ui/ingame/driverhudrhibcontainer.lua
a441cebfcc143cb	ui/ingame/driverhudsedanhatchbackcontainer.lua
cc5f9a7c9f61c3a	ui/ingame/driverhudsuv1996container.lua
d9b97dbf571e638	ui/ingame/driverhudt72tankcontainer.lua
d2d7d8d344c0a2f	ui/ingame/driverhudtacrovercontainer.lua
3d4e9e31a5e3e72	ui/ingame/driverhudtechnicalcontainer.lua
29002074e174f26	ui/ingame/driverhudtechorebelcontainer.lua
cc6801dd5430c80	ui/ingame/driverhudvancontainer.lua
749bcc28fe76f50	ui/ingame/emotelayer.lua
2f9b9c9ca81a75a	ui/ingame/genericoverlay.lua
2788d6bcad327b4	ui/ingame/gobblegumlayer.lua
89b99b3e6e6c31f	ui/ingame/heartbeatsensorelement.lua
8e0a0673bbcc869	ui/ingame/hints.lua
e37a5671e9bce7e	ui/ingame/hud.lua
55f0d518c3f7d97	ui/ingame/hudoverlaybase.lua
6693d2ddd92a5d9	ui/ingame/immovablenoteslayer.lua
ebf5ebf15732e1c	ui/ingame/inventorylayer.lua
f653a5066e6841b	ui/ingame/littlebirdcontrolscontainer.lua
96281d9109c6427	ui/ingame/littlebirdmgcontrolscontainer.lua
c9df9b2f44dc224	ui/ingame/mp/broverlayhud.lua
112a695e187bd39	ui/ingame/mp/calloutsplashlayer.lua
1813e0b58f80c6b	ui/ingame/mp/killstreakconnection.lua
78dc9312f44ed39	ui/ingame/mp/minimapcontent.lua
187b1689450e939	ui/ingame/mp/mpoverlayhud.lua
58d947361275874	ui/ingame/mp/navbarhud.lua
ab564312706ccc2	ui/ingame/mp/tacopslayer.lua
562db0f4b906164	ui/ingame/overlayhud.lua
df09aba5359e2ec	ui/ingame/ps4lightbarmanager.lua
050af9a467ce743	ui/ingame/pulsearray.lua
7b9b9eeee6a9d3a	ui/ingame/radialmenulayer.lua
a5b0a13c901c06c	ui/ingame/radialsensorelement.lua
7de8cd68d859213	ui/ingame/reportplayerlayer.lua
fcd22d4e3b2be79	ui/ingame/requisitionslayer.lua
21df8a8152736c4	ui/ingame/scopereticlemanager.lua
e0a349e88ff5799	ui/ingame/scopereticlespacer.lua
17e789dd6b045b8	ui/ingame/scoreboardlayer.lua
268bf8637ac09e8	ui/ingame/scriptedwidgetlayer.lua
970d97855c6ba55	ui/ingame/splashmanager.lua
8a6b807d112acaa	ui/ingame/squadeliminatedlayer.lua
03ad73181580feb	ui/ingame/theaterlayer.lua
80191acfca8bd0a	ui/ingame/vehicletechnicaloverlay.lua
5ca7d383f12372b	ui/ingame/wishlistlayer.lua
7f05487ec6834bd	ui/ingame/zm/zm_safelayer.lua
f10d4130ff9a0ce	ui/ingame/zm/zmbinkoverlay.lua
446e35eb48ce745	ui/inworldmanager.lua
e1d520c40fd8766	ui/loadingscreenmanager.lua
bfb88907af87d74	ui/luiblur.lua
a32d2cc541d5b23	ui/luiborder.lua
9cd0757d7411bd9	ui/luibutton.lua
d44c1f471039c38	ui/luibuttoncombination.lua
f87fbf57bd34559	ui/luibuttoncombinationlayer.lua
ffd02edc2cbe1b1	ui/luibuttonrepeater.lua
2c1746d74e54d33	ui/luicalibration.lua
8ab8e2888fb9016	ui/luicinematic.lua
f7c6130bd699682	ui/luicommand.lua
84c4f5f5aa93836	ui/luicontentpresenter.lua
7308e7c48619a7c	ui/luicountdown.lua
1e91da4b926d177	ui/luidynamicimage.lua
f06f7cd1006a8c3	ui/luielement.lua
6ab4fcd34ff116f	ui/luielementonentityspawner.lua
4529cbadb63a63d	ui/luielementpool.lua
0e0a0a068170005	ui/luifeed.lua
f82776f43f37894	ui/luifeedqueue.lua
6ffb41ef235e890	ui/luifpscounter.lua
c8cf5e78ec88ef3	ui/luigraph.lua
f28edf32614b459	ui/luigrid.lua
bb81c22b52dc7ea	ui/luiimage.lua
da8755eeffde350	ui/luilaunchchunklayer.lua
5e6117d9d1952d3	ui/luiline.lua
9ee3ad1987b8329	ui/luilist.lua
49091262b7f63aa	ui/luimenu.lua
1b88d81d3349fff	ui/luimessagequeue.lua
02fdc644158b386	ui/luimixedelementpool.lua
587b82378217229	ui/luimodelrotationarea.lua
7d7107c8c949dbe	ui/luimousecursor.lua
68d6d5d32026245	ui/luipagedtext.lua
1a5631172e3fffb	ui/luipips.lua
1124646aa21d944	ui/luiprettynumber.lua
5409f067b8fd496	ui/luiradialprogressbar.lua
5608469eb6df6dc	ui/luirepeatedimage.lua
decbedbea592ee5	ui/luiroot.lua
0ce912bdabf1c0f	ui/luiscoreboard.lua
b160d368d0dd229	ui/luiscoreboardrow.lua
00db5c9f66c3620	ui/luiscorestreaklayer.lua
9de6adb4be8d4c1	ui/luiscrollbar.lua
ac1fc715aaefeda	ui/luistartup.lua
842244ecc8cd305	ui/luistyledtext.lua
f9214f2b382f06a	ui/luitechydigits.lua
c2c87040b7af9a5	ui/luitest.lua
39a357f8e43ec86	ui/luitext.lua
609bf99d30e6bd2	ui/luitimer.lua
36da82003fee3a9	ui/luitogglelist.lua
edab7ba9552e520	ui/luiuseremblem.lua
647fb4feaa078f8	ui/luivideostreaming.lua
00b137c01979f00	ui/luiwebview.lua
f4e9b1653e64800	ui/main.lua
d3359181798fc2a	ui/mainmenupopupmanager.lua
eb4dd28931cbee9	ui/menubuilder.lua
00921caa0e9db63	ui/menunavigator.lua
c94723ae926f511	ui/notificationmanager.lua
39b09905068590e	ui/parallax.lua
69cdf35a106fa34	ui/postgamemanager.lua
f60c6222619afb6	ui/promptmanager.lua
10dc4657cab2c1f	ui/rendertargetmanager.lua
385c90bff8a553d	ui/replaytimeline.lua
3bb8f4aa5a75ae4	ui/scenelayer.lua
19dc5e8b40fdeed	ui/scopereticleparallaxer.lua
0ed74ebf3f239f4	ui/sequencepresets.lua
04ba2d5c9ffb3c1	ui/soundsets.lua
8bc0c0529457234	ui/splitusercode/camochallengesoverview_uc.lua
878a1a85046829d	ui/sppopups.lua
b60116b05ff246f	ui/subscriptionsholder.lua
3769cbb7e84d2bb	ui/subtitleslayer.lua
e6880b9e291ea12	ui/talkerslayer.lua
1e5ce9064d9a5b9	ui/textchatlayer.lua
fd3b6b2710a2349	ui/toastlayer.lua
b0416d7c0362d7a	ui/toastnotificationmanager.lua
8d60a1a1dfceeb4	ui/uifademanager.lua
81f5a4cf83259d7	ui/utils/aarbattlepassutils.lua
4e916e805f00909	ui/utils/aarprogressionutils.lua
9147b4c5774f9a8	ui/utils/accountregistrationutils.lua
1ccae4594877b00	ui/utils/achievementsutils.lua
2ddbe483228e81a	ui/utils/actions.lua
e202e2d16fe4e6b	ui/utils/aegameeventsutils.lua
205cd046b0ca3dd	ui/utils/aekindsutils.lua
9eea11fab0bfaba	ui/utils/aemenuactionsutils.lua
658adbb4007fb2c	ui/utils/aeuserstateutils.lua
20b64a2a3550b48	ui/utils/ammocounterutils.lua
fde3300f592d974	ui/utils/anchoredutils.lua
081b9eddd80a11c	ui/utils/armorbarutils.lua
0de9d3c017d4ca6	ui/utils/armoryutils.lua
7f666a11b923e17	ui/utils/aspectratioutils.lua
6f33e197caaea2b	ui/utils/attachmentutils.lua
ac23212009e3b88	ui/utils/automatedtestutils.lua
5b8817264b766ca	ui/utils/battlemaputils.lua
3e52a46e4b40dc5	ui/utils/battlepassutils.lua
872674013fe99d7	ui/utils/benchmarkutils.lua
f2163791b6ead01	ui/utils/bindingpreviewutils.lua
a3d0f7a6354fe55	ui/utils/bindingutils.lua
1ee429fb6997b22	ui/utils/blendmodes.lua
3315e1c60277d78	ui/utils/bootutils.lua
690239453b0cb45	ui/utils/brarmorykioskutils.lua
71547a5478182ca	ui/utils/brcontractutils.lua
24c5056c5e65b4a	ui/utils/brlootutils.lua
a4e276ebab59df4	ui/utils/brplunderutils.lua
001ee08e0988948	ui/utils/brtraderutils.lua
7a72c1d2f87f2ee	ui/utils/brwinnerscircleutils.lua
7606b738f0201f7	ui/utils/buttonsystemutils.lua
d149ed9625eeb01	ui/utils/carrieditemutils.lua
04bd7676e89a3ca	ui/utils/cdniutils.lua
d599ac894b52e57	ui/utils/channelutils.lua
a443b4ff81c6477	ui/utils/charmutils.lua
45d80ad5c9d861b	ui/utils/chyronutils.lua
4f23300f8e7a7d5	ui/utils/cinematicutils.lua
03895242517d80d	ui/utils/cipherpuzzleutils.lua
b179ccb7543ae4e	ui/utils/clantagutils.lua
3fc907fc36d6b59	ui/utils/clickstream.lua
f27425d5cda47ec	ui/utils/clientcharacterutils.lua
74acf0f9f0be5f5	ui/utils/clientmodel.lua
cf871ed8cc557fb	ui/utils/codaccountutils.lua
9e59ca973b6513e	ui/utils/codcasteranalyticsutils.lua
64772450960da77	ui/utils/codhqconditionsutils.lua
26360f1571f78a9	ui/utils/codhqutils.lua
034dfaf991645ad	ui/utils/codui.lua
bf5c0f7d016ef2a	ui/utils/colorblindutils.lua
1e63e67a38f072e	ui/utils/colorops.lua
ee6f976ee37c214	ui/utils/colorsutils.lua
7b65e109d84f11e	ui/utils/combatrecordstatsutils.lua
0a408161c292e87	ui/utils/combatrecordutils.lua
778db2cf39d4bf6	ui/utils/commandsutils.lua
7be0fd5364be89e	ui/utils/commonitemutils.lua
87d1a4f2b540026	ui/utils/compassutils.lua
e0222cdd6ecea1c	ui/utils/connectionpuzzleutils.lua
7297da171dfba4d	ui/utils/consumableutils.lua
5a0b674255ad25d	ui/utils/contentgridutils.lua
92e8c2a64727b57	ui/utils/contextualmenudata.lua
7e114a279a75858	ui/utils/contextualmenuutils.lua
db7f283295c2a67	ui/utils/countdownutils.lua
c1f6a9c8f9d322e	ui/utils/currencypackutils.lua
1e9904041e64011	ui/utils/currencyutils.lua
b8c5241b6ba7b62	ui/utils/customizemenuutils.lua
c6f3c841d8e2e1f	ui/utils/dailyloginrewardutils.lua
816befe4f6168a4	ui/utils/damagemeterutils.lua
a330719d0863ab8	ui/utils/datasourcesutils.lua
3300d1b8b01b993	ui/utils/deathhintutils.lua
25464e2dfd17577	ui/utils/debugutils.lua
c45b6ed4960f473	ui/utils/detailedweaponstatsutils.lua
1fcdcb014e48f0d	ui/utils/devactions.lua
0be572ce6802c28	ui/utils/draganddroputils.lua
934aa446394e84b	ui/utils/dvarutils.lua
4a5d36c24632091	ui/utils/editboxutils.lua
d2403a5f70b1e62	ui/utils/eeutils.lua
4c9dd0b9b04cf63	ui/utils/elementandbuttonutils.lua
4e1f4e47b56080b	ui/utils/emotemenuutils.lua
f003685ee00a6fe	ui/utils/emoteutils.lua
3013dac9868ee6f	ui/utils/endgameutils.lua
aaf9004f97634b6	ui/utils/equipmentradialmenuutils.lua
76f7505fd962537	ui/utils/esportsconditions.lua
2e7b706596e5e03	ui/utils/eulautils.lua
723af71c6b7c515	ui/utils/fademanagerutils.lua
ea927f13797d17d	ui/utils/featurebanutils.lua
10357b24c612a98	ui/utils/featureutils.lua
cbae1dfd72f9a4c	ui/utils/fencebootcheck.lua
188e3ff92b34c5d	ui/utils/fencecrossplayprivilege.lua
31e0bf4341d01d6	ui/utils/fencedailylineup.lua
a063ac5defedd21	ui/utils/fenceffotd.lua
50390df51f4bb8c	ui/utils/fencefreetoplayprivilege.lua
402e061794ea2a3	ui/utils/fencegamemodeglobalfastfiles.lua
abec0d86913e7e2	ui/utils/fencehost.lua
3e9e4de4d00179f	ui/utils/fencehqentitlements.lua
60ee3ae88b01475	ui/utils/fenceinstanceinventory.lua
1b7ae5260209199	ui/utils/fencekoreanrating.lua
a614c116f29eaf1	ui/utils/fencelanguageinstall.lua
6d32c6fd00e5619	ui/utils/fencelegal.lua
8c45389f981346c	ui/utils/fencemotd.lua
f69c1b314f489ba	ui/utils/fencenetworking.lua
3b9f7e22db462ed	ui/utils/fenceonlinecommunicationsprivilege.lua
236ad42b3d9c63f	ui/utils/fenceonlineservicesubscription.lua
69615e73d605823	ui/utils/fenceownershipstatus.lua
23c1eb86b9d3c46	ui/utils/fencepatch.lua
d370478deddfc73	ui/utils/fenceplatformservices.lua
bcb25859f058070	ui/utils/fenceplayerstats.lua
0faacaf27ce6846	ui/utils/fenceprelogin.lua
61104e83ccb7681	ui/utils/fencepremium.lua
d6d4660c05bf9a0	ui/utils/fenceprivilegeutils.lua
56181f398da3744	ui/utils/fenceshaderupload.lua
c782ef210a92722	ui/utils/fencesignin.lua
09a0f4e7614287e	ui/utils/fencesmschallenge.lua
66f33cc3f893bf0	ui/utils/fencesmschallenge_battlenet.lua
3138d8e597be625	ui/utils/fencespinner.lua
8e0005efa05223a	ui/utils/fencestatsgroup.lua
a8bc9523e49b456	ui/utils/fencestoragepermission.lua
5aa4691487d4a43	ui/utils/fencetpmattestation.lua
18869e64a516da4	ui/utils/fenceugcprivilege.lua
f631b89330fa9df	ui/utils/fenceweapondef.lua
4048c08dfe59a6b	ui/utils/fencewzcountdowngate.lua
76adee0acfa3c55	ui/utils/ffotdutils.lua
4036a07c4d40b93	ui/utils/filemanagementutils.lua
6d414024f9e2994	ui/utils/filteringutils.lua
48938880273429a	ui/utils/filterutils.lua
742b0fadf9b6952	ui/utils/firingrangeutils.lua
6f8c243393e90bf	ui/utils/fpskuutils.lua
b2ecf5d41528a71	ui/utils/frontendscene.lua
c8cb152750a5e79	ui/utils/gamehubutils.lua
b3ad62a8ec9a375	ui/utils/gamemenubuttonactionutils.lua
d720374e8b50892	ui/utils/gamemodescriptbundleutils.lua
c1f998480dc4748	ui/utils/gamemodesutils.lua
50ba04af5dee597	ui/utils/gameplaystatsutils.lua
0763c89d76e5625	ui/utils/gametype.lua
5d09b29e813380e	ui/utils/gameutils.lua
576e398ee184cdb	ui/utils/gamex.lua
522560b2a1dde49	ui/utils/generatorutils.lua
9078ce4cf3044d4	ui/utils/gesturesutils.lua
995a9162c6cc7ec	ui/utils/giftingutils.lua
a8f0bc91a9ff963	ui/utils/globalpanelutils.lua
5ca5c4b8b38770b	ui/utils/globalplayersplashcalloututils.lua
802d1346a361c29	ui/utils/glutils.lua
d2e77623554fac2	ui/utils/gobblegumutils.lua
d66620d805f13e0	ui/utils/goldrushutils.lua
095a06b961e8507	ui/utils/gridpagepipsutils.lua
3af17c3c9edc93e	ui/utils/gulagutils.lua
b548d86a60a2304	ui/utils/gunscreenutils.lua
fa47e3c8b8530a7	ui/utils/gunsmithutils.lua
4cce7d5b09bafe5	ui/utils/havocutils.lua
cc5fb6b6b4b075b	ui/utils/hcomputils.lua
54d7b6183da0eaf	ui/utils/healthbarutils.lua
201791e3c916387	ui/utils/hintutils.lua
767847b10bbdeab	ui/utils/hitmarkerutils.lua
a799654a550c436	ui/utils/hudboundsutils.lua
ea203a34f74282e	ui/utils/hudeditorutils.lua
dd05c67774e3565	ui/utils/hudinpututils.lua
92953082ba642f9	ui/utils/hudutils.lua
0443cbc962c56a4	ui/utils/infofeedutils.lua
df3b9f7c9b4e1fe	ui/utils/interactivemaputils.lua
ea167940095b173	ui/utils/inventorysetuputils.lua
63bd873a50ac4b2	ui/utils/inventoryutils.lua
fe435315515193e	ui/utils/itemdatasourceutils.lua
d1951166d501929	ui/utils/itempreviewutils.lua
69b7a6dfc34648f	ui/utils/killcamutils.lua
7645c31f5ea7c34	ui/utils/labelutils.lua
df6f20d53f1a116	ui/utils/languages.lua
fa5e1256c07aafe	ui/utils/layoututils.lua
fe2adef77ae3c8b	ui/utils/leaderboardutils.lua
4d8591615f6374d	ui/utils/leagueplayutils.lua
36c4fdbe9e4d9b7	ui/utils/leveliconutils.lua
d95f69b272a28fa	ui/utils/loadoutdatautils.lua
41b1f72c4f3396a	ui/utils/loadoututils.lua
179885bd25a6f60	ui/utils/loadscreenutils.lua
94719439eb7337a	ui/utils/lootcardpromptutils.lua
085e5e2ca2317b0	ui/utils/lootcardutils.lua
5877a600181c262	ui/utils/lootdisplayutils.lua
501b670356e053a	ui/utils/lootutils.lua
40e8e7eff99db0b	ui/utils/lui.lua
f0fe7d0a6d883fd	ui/utils/mainmenutabutils.lua
89b100bbdb01e02	ui/utils/mainmenuutils.lua
b8d78c1d16afc17	ui/utils/mapinfo.lua
35f77ea9b3b9b81	ui/utils/masteryutils.lua
daa2929f7ba3aa0	ui/utils/matchmembersutils.lua
da85c51d5862211	ui/utils/matchstartutils.lua
f094d4cfa1fb57b	ui/utils/matchstatusutils.lua
4fa2bd325da5612	ui/utils/mathutils.lua
ec3c71cec57303b	ui/utils/medalutils.lua
c41b3dd91d3caa2	ui/utils/menugenerics.lua
2b03af87e3f2c17	ui/utils/menunavigationtrackingutil.lua
ef549ec983ef1ba	ui/utils/menunavigatorutils.lua
768bffeb91c6745	ui/utils/menuutils.lua
0dcfda7fb0d2cd5	ui/utils/metricsutils.lua
bafbbbd73e16fdb	ui/utils/micutils.lua
0e7d340c97cdf22	ui/utils/ministoreutils.lua
5b0d7a7c3ad81c3	ui/utils/mobilechallengeutils.lua
1e61da3161bcc9a	ui/utils/mobileflyinpopuputils.lua
b5bece1def89e4a	ui/utils/mobilegrenadeutils.lua
8bad2083b0dfdab	ui/utils/mobilehudutils.lua
d2ff63f37aade20	ui/utils/mobileoffhandweaponutils.lua
29a33291c054ac0	ui/utils/mobilesettingshubutils.lua
7c5cc68f1705a09	ui/utils/mobilesettingsutils.lua
e55adc5650c2ad7	ui/utils/mobilesocialutils.lua
9605a9b008fe4d2	ui/utils/mp/aarutils.lua
78bb73d3c5406df	ui/utils/mp/augmentutils.lua
0d09e9655a7cd3c	ui/utils/mp/bestplayutils.lua
d22ecc53402c485	ui/utils/mp/brtextutils.lua
daf574e791d1f44	ui/utils/mp/brutils.lua
e1426254b6fe668	ui/utils/mp/callingcardutils.lua
ffd6c51bacacbad	ui/utils/mp/challengeutils.lua
db837e2117310e8	ui/utils/mp/codcasterannouncement.lua
213a0d250a69c80	ui/utils/mp/codcasterannouncementsmanager.lua
e6de4f57fba35c0	ui/utils/mp/codcasterteamsettingsutils.lua
74a310af459e23c	ui/utils/mp/codcasterutils.lua
1ed147951d10ede	ui/utils/mp/dmzspawns.lua
4f7c170dfc9d723	ui/utils/mp/dmzutils.lua
4ce1ae9abce7eb3	ui/utils/mp/dogtagsutils.lua
8c0ec066ca71879	ui/utils/mp/emblemeditorutils.lua
3205acb4aa00912	ui/utils/mp/esportsutils.lua
ab4c6e7754de1ee	ui/utils/mp/factionmissionutils.lua
58656a038314b25	ui/utils/mp/fenceexchange.lua
f1c722b95eb5a56	ui/utils/mp/fencefnf.lua
58da0c5eb8b859a	ui/utils/mp/fencemultilogin.lua
40ea6ea52e6f1b7	ui/utils/mp/fenceonlinedata.lua
6904776e02c6f23	ui/utils/mp/fenceonlineservices.lua
74229cf716ab9eb	ui/utils/mp/fenceplaylists.lua
2d9a77a92929781	ui/utils/mp/fencestore.lua
b59d9931d986d50	ui/utils/mp/infilutils.lua
cb2e438f5782415	ui/utils/mp/instanceinventoryutils.lua
6b619ee74446414	ui/utils/mp/loadoutstationutils.lua
c1a4e8c4eea2434	ui/utils/mp/missionutils.lua
8843ebbf89eb828	ui/utils/mp/mlgutils.lua
1e84f8e7f32526b	ui/utils/mp/mputils.lua
ed77b5a5772eb82	ui/utils/mp/obspawns.lua
662946a744d6f14	ui/utils/mp/perkutils.lua
c0f2d4f1072343c	ui/utils/mp/rankedplayplayerutils.lua
5cc40925a78854d	ui/utils/mp/restrictionsutils.lua
4e1cc96281111d2	ui/utils/mp/scoreboardutils.lua
9db3ad6471e658b	ui/utils/mp/stickerutils.lua
33916d0bbc6f662	ui/utils/mp/streakutils.lua
85061ff464281b6	ui/utils/mp/strongholdutils.lua
5fe5a96942a737b	ui/utils/mp/superutils.lua
0cd991c3f784661	ui/utils/mp/tournamentutils.lua
797dce4b6a0003d	ui/utils/mp/trackedchallengeutils.lua
0af463fd5b0c10a	ui/utils/mp/weeklychallengeutils.lua
38aaefe43228dc0	ui/utils/mpcommonutils.lua
0b883fe58291ee0	ui/utils/mplobbyhints.lua
479061555f4eb43	ui/utils/mplobbyutils.lua
e28a771aa5b2b97	ui/utils/mpunlockutils.lua
dc4e7b9cc5d1837	ui/utils/navbarhudobjectivesutils.lua
d272462379b65b5	ui/utils/notificationbuildutils.lua
caaa0e61145c1d8	ui/utils/notificationgrouputils.lua
f9405c359d4ea25	ui/utils/notificationutils.lua
abcccd5db7d7a53	ui/utils/objectivetrackerutils.lua
e9c7ccf72b9f75b	ui/utils/objectiveutils.lua
3ab757c7ea1341f	ui/utils/objectivewidgetutils.lua
965eb2c9d4e1dc6	ui/utils/onboarding.lua
c73ca60dfed6146	ui/utils/onboardingdata.lua
de85135490a072d	ui/utils/onboardingmissionutils.lua
5af86f68419335f	ui/utils/operatorskinutils.lua
d4da7af2f61fcac	ui/utils/operatorutils.lua
631130965d2b5cf	ui/utils/optionsdata.lua
2be0eb3af197100	ui/utils/optionsutils.lua
14e3f4fdc695d71	ui/utils/outbreakutils.lua
aa791ed7e8dbd75	ui/utils/pagedbattlepassglobalutils.lua
091412182e144a0	ui/utils/pagedbattlepassutils.lua
a5822d723f36402	ui/utils/partyutils.lua
61b98d3133118ee	ui/utils/perkshudutils.lua
a07f5fc6495cdef	ui/utils/phoneverificationutils.lua
b33e52971918268	ui/utils/pingutils.lua
21538aeba7f23e5	ui/utils/platformutils.lua
40653fcc4181179	ui/utils/playercardutils.lua
6177633bd612707	ui/utils/playerdatautils.lua
ad23d3738341712	ui/utils/playermicdisplayutils.lua
250cdf067d36188	ui/utils/playerprofileutils.lua
8aa766b76333baa	ui/utils/playlistutils.lua
7c2015c5ced34d3	ui/utils/playmenuutils.lua
d23dc387f2e3ae1	ui/utils/popupsutils.lua
7ca31f693bebe44	ui/utils/postgamefanfare.lua
cd64d01eacff045	ui/utils/powerutils.lua
e43c1c5b1ad42fe	ui/utils/premiumupsellutils.lua
885e81cd2a347b0	ui/utils/privatematchutils.lua
98ac91462a1fa74	ui/utils/procontentutils.lua
d6018f78a32058b	ui/utils/profilemarkerutils.lua
e8b989f507fbebe	ui/utils/progressbarutils.lua
262aa0ea50e214f	ui/utils/progressionutils.lua
c850a9a9739589a	ui/utils/projectthemeutils.lua
67f7f20ae030319	ui/utils/projectutils.lua
c38e7bce2ab625e	ui/utils/promptutils.lua
d4b4af8f6bc9def	ui/utils/publiceventutils.lua
1c2e836a5250e14	ui/utils/purchasemenuutils.lua
99323efce9d0da8	ui/utils/quartermasterutils.lua
e7350c4e64a54b5	ui/utils/quickpromptutils.lua
5c93f6788e8e9b0	ui/utils/radialmenuutils.lua
d7b386677703f13	ui/utils/rejoinutils.lua
652f94e8965c33e	ui/utils/reticleutils.lua
ba2ebdc799d105b	ui/utils/richtextutils.lua
f2635c9a725b3b3	ui/utils/saveloadutils.lua
dcfd304b2564e76	ui/utils/sceneutils.lua
e79baf1a9861c85	ui/utils/scriptbundleutils.lua
375fb60fb434c3e	ui/utils/scriptedlistwidgetutils.lua
7d79e536258e49c	ui/utils/scriptedwidgetinteractionutils.lua
f0328e5763398d2	ui/utils/scriptedwidgetutils.lua
f052950f5b457ec	ui/utils/scrollablenumberutils.lua
6583a9f25b38224	ui/utils/scrollbarutils.lua
e1b0038699beb2c	ui/utils/searchutils.lua
7269fdef86c42e6	ui/utils/seasonaleventleaderboardsutils.lua
4417ae3b3a7bb0e	ui/utils/seasonaleventutils.lua
f53c3fcb3565ddb	ui/utils/seasonutils.lua
4fae3e864af2678	ui/utils/shaderpreloadutils.lua
72f16b50108b627	ui/utils/showcaseutils.lua
1f3c4a7084010cd	ui/utils/socialutils.lua
713f12b05d08cef	ui/utils/soundutils.lua
77c02a35b314977	ui/utils/sp/fencegamerprofile.lua
1a0ab976c460e6c	ui/utils/sp/spsharedutils.lua
affdbc6c9274e67	ui/utils/specialutils.lua
bd07cee16f185cd	ui/utils/splashutils.lua
efecdf7f0f755d2	ui/utils/spraysutils.lua
bb1b2923e8999a0	ui/utils/squadutils.lua
bfcd1b22a7eb9a7	ui/utils/stealthutils.lua
b66f454828970be	ui/utils/storedatasourceutils.lua
0e5d0286301f94b	ui/utils/storefilterutils.lua
3b2e7bf81bc1587	ui/utils/storelayoututils.lua
b948753791b5b1d	ui/utils/storeutils.lua
1492b382ef87552	ui/utils/streakselectutils.lua
2dd50a30d5b42fa	ui/utils/streamingutils.lua
4b89bf453a4a345	ui/utils/styleutils.lua
0f582d08a1b586e	ui/utils/sugarrushutils.lua
79e36bc6d1e744c	ui/utils/suggestedfriendsutils.lua
77c2e2b18940c1e	ui/utils/surveyutils.lua
bf8025f612a709f	ui/utils/tabutils.lua
325aa41d555a6e5	ui/utils/tacticalmaputils.lua
d2a1d8bdac43963	ui/utils/telemetryutils.lua
2547dc98f824611	ui/utils/templateselectorutils.lua
f5c2ba918838d97	ui/utils/textchatutils.lua
bef2d590badc649	ui/utils/texteditutils.lua
cf15aaa250fce81	ui/utils/theaterutils.lua
1d999404b335997	ui/utils/timeutils.lua
c633debea77e08d	ui/utils/tiputils.lua
0b45ce8c7d8d796	ui/utils/toastnotificationutils.lua
9ec78e872758010	ui/utils/togglebuttonutils.lua
750963a22cadd0b	ui/utils/touchcameradirectionutils.lua
7a9d62ac13ec26b	ui/utils/touchvehicleutils.lua
64eb3d0e5a38f69	ui/utils/trainingcourseutils.lua
964f29c0985544b	ui/utils/trialsutils.lua
2dfa4f0705db7a3	ui/utils/tweenproperty.lua
5623b6c59c613af	ui/utils/uicustomizationutils.lua
aac5bc7446cef49	ui/utils/uniquesubscribeutils.lua
28bc163452620db	ui/utils/unlockcriteriautils.lua
081b01027d0275d	ui/utils/uxpoptionsutils.lua
f0395e5979376ae	ui/utils/vehicleutils.lua
4dd3db6ca5a4903	ui/utils/videoutils.lua
06b94511785767c	ui/utils/weaponblueprintskinutils.lua
d772003113bbb8e	ui/utils/weaponbuildutils.lua
cac563ed26acb1c	ui/utils/weaponcamocategoryutils.lua
baeef2a7438ef40	ui/utils/weaponcamoutils.lua
6739232c67d3b71	ui/utils/weaponoffsetutils.lua
28ce3ef66a9f4ae	ui/utils/weaponrttmanager.lua
44031de12c5d48c	ui/utils/weaponutils.lua
7cea84642edaa02	ui/utils/webviewfullscreenconfigs.lua
2484a64daba259a	ui/utils/webviewloadcompleteutils.lua
74bb2a45c92154c	ui/utils/webviewswitcherandfenceutils.lua
6cdd9dbee1f4488	ui/utils/widgetoptionsutils.lua
9161efdb8655f5b	ui/utils/wildcardutility.lua
372df93e7816d1a	ui/utils/worldmaputils.lua
54ce5a03ce432de	ui/utils/xptokensutils.lua
21d788a9821adfa	ui/utils/zm/zmaugmentutils.lua
968c28216631f4f	ui/utils/zm/zmperkutils.lua
f6badef72047a61	ui/utils/zm/zmquestutils.lua
2daa488365c1692	ui/utils/zm/zmrelicutils.lua
2641e3cf25145db	ui/utils/zm/zmutils.lua
9b7526eb31356b7	ui/utils/zmintelutils.lua
e071693d3a9f0d9	ui/viewmodel.lua
7320c62bfe8cf67	ui/visibilityconditions.lua
5f92b38d0488aa0	ui/weburimanager.lua
f6d9876656fb87b	ui/webviewmanager.lua
a9cdce202885cca	ui/widgets/arrowbuttonlogic.lua
ac36b3f449004c5	ui/widgets/buttonlayoutlogic.lua
cadc178c213849a	ui/widgets/decodeblock.lua
b76b4115ed9ddc6	ui/widgets/editboxlogic.lua
6c42b8503ea40ae	ui/widgets/expanderlogic.lua
be489ba6684ece8	ui/widgets/hintslayer.lua
d4620960009209c	ui/widgets/holdbuttonlogic.lua
01de5b9fc6c471b	ui/widgets/iconimage.lua
7bc847973cea949	ui/widgets/mousecursorcontextualmenulayer.lua
04b0aee97c452b4	ui/widgets/mousecursortooltiplayer.lua
960da90a49157cc	ui/widgets/popups.lua
3f4e6e6d235a564	ui/widgets/shaderpreloadlayer.lua
ca6f3ebba9e5eff	ui/widgets/sliderwitheditboxlogic.lua
820d9d702abd784	ui/widgets/spinner.lua
dd6d6d58a45dbb7	ui/widgets/sticklayoutlogic.lua
7d4e71141d840d1	ui/widgets/tabmanager.lua
a0ef0e6231dd4d7	ui/widgets/telemetrylayer.lua
0c01e64ea7f58f7	ui/widgets/togglebuttonlogic.lua
bf7b108f25c598f	ui/widgets/virtualkeyboard.lua
0b84c07e43e30c8	ui/widgets/worldblur.lua
da6064e6a8619c8	ui/wireframecomponent.lua
